[2026-05-13 13:31:19.025][DBG][Px13112][Tx9399][Logger] ----------------------------- 
[2026-05-13 13:31:19.025][DBG][Px13112][Tx9399][Logger] MAA Process Start 
[2026-05-13 13:31:19.025][DBG][Px13112][Tx9399][Logger] Version v5.10.4 
[2026-05-13 13:31:19.025][DBG][Px13112][Tx9399][Logger] Built at May  3 2026 04:23:41 
[2026-05-13 13:31:19.025][DBG][Px13112][Tx9399][Logger] Windows x64 
[2026-05-13 13:31:19.025][DBG][Px13112][Tx9399][Logger] Working D:/subject/GO/goWorks/src/study/one 
[2026-05-13 13:31:19.025][DBG][Px13112][Tx9399][Logger] Logging D:/subject/GO/goWorks/src/study/one/debug/maafw.log 
[2026-05-13 13:31:19.025][DBG][Px13112][Tx9399][Logger] ----------------------------- 
[2026-05-13 13:31:19.025][TRC][Px13112][Tx9399][OptionMgr.cpp][L35][MaaNS::GlobalNS::OptionMgr::set_log_dir] | leave, 1ms 
[2026-05-13 13:31:19.025][TRC][Px13112][Tx9399][OptionMgr.cpp][L10][MaaNS::GlobalNS::OptionMgr::set_option] | leave, 1ms 
[2026-05-13 13:31:19.025][TRC][Px13112][Tx9399][MaaFramework.cpp][L338][MaaGlobalSetOption] | leave, 1ms 
[2026-05-13 13:31:19.025][DBG][Px13112][Tx9399][MaaFramework.cpp][L338][MaaGlobalSetOption] [key=2] [value=true] [val_size=1] | enter 
[2026-05-13 13:31:19.025][DBG][Px13112][Tx9399][OptionMgr.cpp][L10][MaaNS::GlobalNS::OptionMgr::set_option] [key=2] [value=true] [val_size=1] | enter 
[2026-05-13 13:31:19.025][DBG][Px13112][Tx9399][OptionMgr.cpp][L49][MaaNS::GlobalNS::OptionMgr::set_save_draw] | enter 
[2026-05-13 13:31:19.025][INF][Px13112][Tx9399][OptionMgr.cpp][L58][MaaNS::GlobalNS::OptionMgr::set_save_draw] Set save draw [save_draw_=false] 
[2026-05-13 13:31:19.025][TRC][Px13112][Tx9399][OptionMgr.cpp][L49][MaaNS::GlobalNS::OptionMgr::set_save_draw] | leave, 0ms 
[2026-05-13 13:31:19.025][TRC][Px13112][Tx9399][OptionMgr.cpp][L10][MaaNS::GlobalNS::OptionMgr::set_option] | leave, 0ms 
[2026-05-13 13:31:19.025][TRC][Px13112][Tx9399][MaaFramework.cpp][L338][MaaGlobalSetOption] | leave, 0ms 
[2026-05-13 13:31:19.025][DBG][Px13112][Tx9399][MaaFramework.cpp][L338][MaaGlobalSetOption] [key=7] [value=true] [val_size=1] | enter 
[2026-05-13 13:31:19.025][DBG][Px13112][Tx9399][OptionMgr.cpp][L10][MaaNS::GlobalNS::OptionMgr::set_option] [key=7] [value=true] [val_size=1] | enter 
[2026-05-13 13:31:19.025][DBG][Px13112][Tx9399][OptionMgr.cpp][L99][MaaNS::GlobalNS::OptionMgr::set_save_on_error] | enter 
[2026-05-13 13:31:19.025][INF][Px13112][Tx9399][OptionMgr.cpp][L108][MaaNS::GlobalNS::OptionMgr::set_save_on_error] Set save on error [save_on_error_=true] 
[2026-05-13 13:31:19.025][TRC][Px13112][Tx9399][OptionMgr.cpp][L99][MaaNS::GlobalNS::OptionMgr::set_save_on_error] | leave, 0ms 
[2026-05-13 13:31:19.025][TRC][Px13112][Tx9399][OptionMgr.cpp][L10][MaaNS::GlobalNS::OptionMgr::set_option] | leave, 0ms 
[2026-05-13 13:31:19.025][TRC][Px13112][Tx9399][MaaFramework.cpp][L338][MaaGlobalSetOption] | leave, 0ms 
[2026-05-13 13:31:19.025][DBG][Px13112][Tx9399][MaaFramework.cpp][L338][MaaGlobalSetOption] [key=4] [value=true] [val_size=4] | enter 
[2026-05-13 13:31:19.025][DBG][Px13112][Tx9399][OptionMgr.cpp][L10][MaaNS::GlobalNS::OptionMgr::set_option] [key=4] [value=true] [val_size=4] | enter 
[2026-05-13 13:31:19.025][DBG][Px13112][Tx9399][OptionMgr.cpp][L65][MaaNS::GlobalNS::OptionMgr::set_stdout_level] | enter 
[2026-05-13 13:31:19.025][INF][Px13112][Tx9399][OptionMgr.cpp][L74][MaaNS::GlobalNS::OptionMgr::set_stdout_level] Set log stdout level [level=2] 
[2026-05-13 13:31:19.025][TRC][Px13112][Tx9399][OptionMgr.cpp][L65][MaaNS::GlobalNS::OptionMgr::set_stdout_level] | leave, 0ms 
[2026-05-13 13:31:19.025][TRC][Px13112][Tx9399][OptionMgr.cpp][L10][MaaNS::GlobalNS::OptionMgr::set_option] | leave, 0ms 
[2026-05-13 13:31:19.026][TRC][Px13112][Tx9399][MaaFramework.cpp][L338][MaaGlobalSetOption] | leave, 0ms 
[2026-05-13 13:31:19.026][DBG][Px13112][Tx9399][MaaFramework.cpp][L338][MaaGlobalSetOption] [key=8] [value=true] [val_size=4] | enter 
[2026-05-13 13:31:19.026][DBG][Px13112][Tx9399][OptionMgr.cpp][L10][MaaNS::GlobalNS::OptionMgr::set_option] [key=8] [value=true] [val_size=4] | enter 
[2026-05-13 13:31:19.026][DBG][Px13112][Tx9399][OptionMgr.cpp][L115][MaaNS::GlobalNS::OptionMgr::set_draw_quality] | enter 
[2026-05-13 13:31:19.026][INF][Px13112][Tx9399][OptionMgr.cpp][L130][MaaNS::GlobalNS::OptionMgr::set_draw_quality] Set draw quality [draw_quality_=85] 
[2026-05-13 13:31:19.026][TRC][Px13112][Tx9399][OptionMgr.cpp][L115][MaaNS::GlobalNS::OptionMgr::set_draw_quality] | leave, 0ms 
[2026-05-13 13:31:19.026][TRC][Px13112][Tx9399][OptionMgr.cpp][L10][MaaNS::GlobalNS::OptionMgr::set_option] | leave, 0ms 
[2026-05-13 13:31:19.026][TRC][Px13112][Tx9399][MaaFramework.cpp][L338][MaaGlobalSetOption] | leave, 0ms 
[2026-05-13 13:31:19.026][DBG][Px13112][Tx9399][GlobalOptionConfig.cpp][L83][MaaNS::ToolkitNS::GlobalOptionConfig::apply_option] [bret=true] 
[2026-05-13 13:31:19.026][TRC][Px13112][Tx9399][GlobalOptionConfig.cpp][L67][MaaNS::ToolkitNS::GlobalOptionConfig::apply_option] | leave, 1ms 
[2026-05-13 13:31:19.026][TRC][Px13112][Tx9399][GlobalOptionConfig.cpp][L17][MaaNS::ToolkitNS::GlobalOptionConfig::init] | leave, 2ms 
[2026-05-13 13:31:19.026][DBG][Px13112][Tx9399][MaaFramework.cpp][L319][MaaTaskerCreate] | enter 
[2026-05-13 13:31:19.026][DBG][Px13112][Tx9399][Tasker.cpp][L20][MaaNS::Tasker::Tasker] | enter 
[2026-05-13 13:31:19.026][INF][Px13112][Tx9399][Tasker.cpp][L23][MaaNS::Tasker::Tasker] [plugin_mgr.get_names()=["D:/subject/GO/goWorks/src/study/one/MaaFramework/bin/plugins/MaaPluginDemo.dll"]] 
[2026-05-13 13:31:19.026][INF][Px13112][Tx9399][Utils/EventDispatcher.hpp][L37][MaaNS::EventDispatcher::add_sink] [callback=true] [trans_arg=true] 
[2026-05-13 13:31:19.026][TRC][Px13112][Tx9399][Tasker.cpp][L20][MaaNS::Tasker::Tasker] | leave, 0ms 
[2026-05-13 13:31:19.026][TRC][Px13112][Tx9399][MaaFramework.cpp][L319][MaaTaskerCreate] | leave, 0ms 
[2026-05-13 13:31:19.026][DBG][Px13112][Tx9399][MaaFramework.cpp][L128][MaaCustomControllerCreate] [controller=true] [controller_arg=true] | enter 
[2026-05-13 13:31:19.026][DBG][Px13112][Tx9399][MaaUtils/LibraryHolder.h][L49][MaaNS::LibraryHolder<class MaaNS::CustomControlUnitLibraryHolder>::load_library] [libname=D:/subject/GO/goWorks/src/study/one/MaaFramework/bin/MaaCustomControlUnit] | enter 
[2026-05-13 13:31:19.026][INF][Px13112][Tx9399][MaaUtils/LibraryHolder.h][L65][MaaNS::LibraryHolder<class MaaNS::CustomControlUnitLibraryHolder>::load_library] Loading library [libname=D:/subject/GO/goWorks/src/study/one/MaaFramework/bin/MaaCustomControlUnit] 
[2026-05-13 13:31:19.027][TRC][Px13112][Tx9399][MaaUtils/LibraryHolder.h][L49][MaaNS::LibraryHolder<class MaaNS::CustomControlUnitLibraryHolder>::load_library] | leave, 1ms 
[2026-05-13 13:31:19.027][DBG][Px13112][Tx9399][MaaUtils/LibraryHolder.h][L113][MaaNS::LibraryHolder<class MaaNS::CustomControlUnitLibraryHolder>::get_function] [func_name=MaaCustomControlUnitGetVersion] | enter 
[2026-05-13 13:31:19.027][TRC][Px13112][Tx9399][MaaUtils/LibraryHolder.h][L113][MaaNS::LibraryHolder<class MaaNS::CustomControlUnitLibraryHolder>::get_function] | leave, 0ms 
[2026-05-13 13:31:19.027][INF][Px13112][Tx9399][ControlUnit.cpp][L30][MaaNS::check_version] class MaaNS::CustomControlUnitLibraryHolder Library version: v5.10.4 
[2026-05-13 13:31:19.028][DBG][Px13112][Tx9399][MaaUtils/LibraryHolder.h][L113][MaaNS::LibraryHolder<class MaaNS::CustomControlUnitLibraryHolder>::get_function] [func_name=MaaCustomControlUnitCreate] | enter 
[2026-05-13 13:31:19.028][TRC][Px13112][Tx9399][MaaUtils/LibraryHolder.h][L113][MaaNS::LibraryHolder<class MaaNS::CustomControlUnitLibraryHolder>::get_function] | leave, 0ms 
[2026-05-13 13:31:19.028][DBG][Px13112][Tx9399][MaaUtils/LibraryHolder.h][L113][MaaNS::LibraryHolder<class MaaNS::CustomControlUnitLibraryHolder>::get_function] [func_name=MaaCustomControlUnitDestroy] | enter 
[2026-05-13 13:31:19.028][TRC][Px13112][Tx9399][MaaUtils/LibraryHolder.h][L113][MaaNS::LibraryHolder<class MaaNS::CustomControlUnitLibraryHolder>::get_function] | leave, 0ms 
[2026-05-13 13:31:19.028][DBG][Px13112][Tx9399][CustomControlUnitAPI.cpp][L17][MaaCustomControlUnitCreate] [controller=true] [controller_arg=true] | enter 
[2026-05-13 13:31:19.028][TRC][Px13112][Tx9399][CustomControlUnitAPI.cpp][L17][MaaCustomControlUnitCreate] | leave, 0ms 
[2026-05-13 13:31:19.028][DBG][Px13112][Tx9399][ControllerAgent.cpp][L15][MaaNS::ControllerNS::ControllerAgent::ControllerAgent] [control_unit_=000001B16BC3B7A0] | enter 
[2026-05-13 13:31:19.031][INF][Px13112][Tx9399][ControllerAgent.cpp][L18][MaaNS::ControllerNS::ControllerAgent::ControllerAgent] [plugin_mgr.get_names()=["D:/subject/GO/goWorks/src/study/one/MaaFramework/bin/plugins/MaaPluginDemo.dll"]] 
[2026-05-13 13:31:19.031][INF][Px13112][Tx9399][Utils/EventDispatcher.hpp][L37][MaaNS::EventDispatcher::add_sink] [callback=true] [trans_arg=true] 
[2026-05-13 13:31:19.031][TRC][Px13112][Tx9399][ControllerAgent.cpp][L15][MaaNS::ControllerNS::ControllerAgent::ControllerAgent] | leave, 2ms 
[2026-05-13 13:31:19.031][TRC][Px13112][Tx9399][MaaFramework.cpp][L128][MaaCustomControllerCreate] | leave, 5ms 
[2026-05-13 13:31:19.031][DBG][Px13112][Tx9399][MaaController.cpp][L59][MaaControllerPostConnection] [ctrl=true] | enter 
[2026-05-13 13:31:19.031][TRC][Px13112][Tx9399][MaaController.cpp][L59][MaaControllerPostConnection] | leave, 0ms 
[2026-05-13 13:31:19.031][DBG][Px13112][Tx30880][CustomControlUnitMgr.cpp][L45][MaaNS::CtrlUnitNs::CustomControlUnitMgr::request_uuid] [controller_=true] [controller_->request_uuid=true] | enter 
[2026-05-13 13:31:19.032][TRC][Px13112][Tx30880][CustomControlUnitMgr.cpp][L45][MaaNS::CtrlUnitNs::CustomControlUnitMgr::request_uuid] | leave, 0ms 
[2026-05-13 13:31:19.032][DBG][Px13112][Tx30880][CustomControlUnitMgr.cpp][L22][MaaNS::CtrlUnitNs::CustomControlUnitMgr::connect] [controller_=true] [controller_->connect=true] | enter 
[2026-05-13 13:31:19.032][TRC][Px13112][Tx30880][CustomControlUnitMgr.cpp][L22][MaaNS::CtrlUnitNs::CustomControlUnitMgr::connect] | leave, 0ms 
[2026-05-13 13:31:19.032][DBG][Px13112][Tx30880][CustomControlUnitMgr.cpp][L45][MaaNS::CtrlUnitNs::CustomControlUnitMgr::request_uuid] [controller_=true] [controller_->request_uuid=true] | enter 
[2026-05-13 13:31:19.032][TRC][Px13112][Tx30880][CustomControlUnitMgr.cpp][L45][MaaNS::CtrlUnitNs::CustomControlUnitMgr::request_uuid] | leave, 0ms 
[2026-05-13 13:31:19.032][DBG][Px13112][Tx9399][CustomControlUnitMgr.cpp][L34][MaaNS::CtrlUnitNs::CustomControlUnitMgr::connected] [controller_=true] [controller_->connected=true] | enter 
[2026-05-13 13:31:19.032][TRC][Px13112][Tx9399][CustomControlUnitMgr.cpp][L34][MaaNS::CtrlUnitNs::CustomControlUnitMgr::connected] | leave, 0ms 
[2026-05-13 13:31:19.032][DBG][Px13112][Tx9399][MaaTasker.cpp][L106][MaaTaskerBindController] [tasker=true] [ctrl=true] | enter 
[2026-05-13 13:31:19.033][INF][Px13112][Tx9399][Tasker.cpp][L59][MaaNS::Tasker::bind_controller] [this=true] [controller=true] [derived=true] [controller_=false] 
[2026-05-13 13:31:19.033][TRC][Px13112][Tx9399][MaaTasker.cpp][L106][MaaTaskerBindController] | leave, 0ms 
[2026-05-13 13:31:19.033][DBG][Px13112][Tx9399][MaaFramework.cpp][L300][MaaResourceCreate] | enter 
[2026-05-13 13:31:19.033][DBG][Px13112][Tx9399][OCRResMgr.cpp][L15][MaaNS::ResourceNS::OCRResMgr::OCRResMgr] | enter 
[2026-05-13 13:31:19.033][TRC][Px13112][Tx9399][OCRResMgr.cpp][L15][MaaNS::ResourceNS::OCRResMgr::OCRResMgr] | leave, 0ms 
[2026-05-13 13:31:19.133][DBG][Px13112][Tx9399][ResourceMgr.cpp][L18][MaaNS::ResourceNS::ResourceMgr::ResourceMgr] | enter 
[2026-05-13 13:31:19.133][INF][Px13112][Tx9399][ResourceMgr.cpp][L21][MaaNS::ResourceNS::ResourceMgr::ResourceMgr] [plugin_mgr.get_names()=["D:/subject/GO/goWorks/src/study/one/MaaFramework/bin/plugins/MaaPluginDemo.dll"]] 
[2026-05-13 13:31:19.133][INF][Px13112][Tx9399][Utils/EventDispatcher.hpp][L37][MaaNS::EventDispatcher::add_sink] [callback=true] [trans_arg=true] 
[2026-05-13 13:31:19.133][TRC][Px13112][Tx9399][ResourceMgr.cpp][L18][MaaNS::ResourceNS::ResourceMgr::ResourceMgr] | leave, 0ms 
[2026-05-13 13:31:19.134][TRC][Px13112][Tx9399][MaaFramework.cpp][L300][MaaResourceCreate] | leave, 100ms 
[2026-05-13 13:31:19.134][DBG][Px13112][Tx9399][MaaResource.cpp][L124][MaaResourcePostBundle] [res=true] [path=D:\subject\GO\goWorks\src\study\one\resource] | enter 
[2026-05-13 13:31:19.134][INF][Px13112][Tx9399][ResourceMgr.cpp][L75][MaaNS::ResourceNS::ResourceMgr::post_path] [static_cast<int>(type)=0] [path=D:/subject/GO/goWorks/src/study/one/resource] 
[2026-05-13 13:31:19.134][TRC][Px13112][Tx9399][MaaResource.cpp][L124][MaaResourcePostBundle] | leave, 0ms 
[2026-05-13 13:31:19.134][DBG][Px13112][Tx15660][ResourceMgr.cpp][L595][MaaNS::ResourceNS::ResourceMgr::run_load] [id=100000001] [static_cast<int>(item.type)=0] [item.path=D:/subject/GO/goWorks/src/study/one/resource] | enter 
[2026-05-13 13:31:19.134][INF][Px13112][Tx15660][Utils/EventDispatcher.hpp][L65][MaaNS::EventDispatcher::notify] !!!OnEventNotify!!! [handle=true] [msg=Resource.Loading.Starting] [details={"hash":"","path":"D:/subject/GO/goWorks/src/study/one/resource","res_id":100000001,"type":"Bundle"}] 
[2026-05-13 13:31:19.134][INF][Px13112][Tx15660][ResourceMgr.cpp][L372][MaaNS::ResourceNS::ResourceMgr::available_providers] [all_providers_vec=["DmlExecutionProvider","CPUExecutionProvider"]] 
[2026-05-13 13:31:19.134][INF][Px13112][Tx15660][ResourceMgr.cpp][L400][MaaNS::ResourceNS::ResourceMgr::available_providers] [s_provider_cache=[2,1]] 
[2026-05-13 13:31:19.134][TRC][Px13112][Tx15660][GpuOptionWin32.cpp][L137][MaaNS::perfer_gpu] 
[2026-05-13 13:31:19.137][INF][Px13112][Tx15660][GpuOptionWin32.cpp][L188][MaaNS::perfer_gpu] [adapter_index=0] [adapter_desc=NVIDIA GeForce GTX 1660] 
[2026-05-13 13:31:19.772][TRC][Px13112][Tx15660][GpuOptionWin32.cpp][L21][MaaNS::adapter_instance_path] 
[2026-05-13 13:31:19.773][DBG][Px13112][Tx15660][GpuOptionWin32.cpp][L48][MaaNS::adapter_instance_path] [result=PCI\VEN_10DE&DEV_2184&SUBSYS_13661B4C&REV_A1\4&4961611&0&0008] 
[2026-05-13 13:31:19.773][TRC][Px13112][Tx15660][GpuOptionWin32.cpp][L54][MaaNS::gpu_driver_date] 
[2026-05-13 13:31:19.773][DBG][Px13112][Tx15660][GpuOptionWin32.cpp][L83][MaaNS::gpu_driver_date] [system_time.wYear=2023] [system_time.wMonth=8] [system_time.wDay=4] 
[2026-05-13 13:31:19.773][TRC][Px13112][Tx15660][GpuOptionWin32.cpp][L89][MaaNS::is_indirect_display_adapter] 
[2026-05-13 13:31:19.773][DBG][Px13112][Tx15660][GpuOptionWin32.cpp][L114][MaaNS::is_indirect_display_adapter] RegQueryValueExW 1 failed [ret=2] [type=0] [size=0] 
[2026-05-13 13:31:19.773][INF][Px13112][Tx15660][GpuOptionWin32.cpp][L232][MaaNS::perfer_gpu] available gpu found [adapter_index=0] [adapter_desc=] [desc.DedicatedVideoMemory=6270484480] 
[2026-05-13 13:31:19.773][INF][Px13112][Tx15660][GpuOptionWin32.cpp][L188][MaaNS::perfer_gpu] [adapter_index=1] [adapter_desc=NVIDIA GeForce GTX 1660] 
[2026-05-13 13:31:20.414][TRC][Px13112][Tx15660][GpuOptionWin32.cpp][L21][MaaNS::adapter_instance_path] 
[2026-05-13 13:31:20.414][DBG][Px13112][Tx15660][GpuOptionWin32.cpp][L48][MaaNS::adapter_instance_path] [result=ROOT\DISPLAY\0001] 
[2026-05-13 13:31:20.414][TRC][Px13112][Tx15660][GpuOptionWin32.cpp][L54][MaaNS::gpu_driver_date] 
[2026-05-13 13:31:20.414][DBG][Px13112][Tx15660][GpuOptionWin32.cpp][L83][MaaNS::gpu_driver_date] [system_time.wYear=2026] [system_time.wMonth=2] [system_time.wDay=28] 
[2026-05-13 13:31:20.414][TRC][Px13112][Tx15660][GpuOptionWin32.cpp][L89][MaaNS::is_indirect_display_adapter] 
[2026-05-13 13:31:20.414][DBG][Px13112][Tx15660][GpuOptionWin32.cpp][L131][MaaNS::is_indirect_display_adapter] [value=IndirectKmd ] [sub_key=SYSTEM\CurrentControlSet\Enum\ROOT\DISPLAY\0001] [indirect=true] 
[2026-05-13 13:31:20.414][WRN][Px13112][Tx15660][GpuOptionWin32.cpp][L223][MaaNS::perfer_gpu] virtual adapters (streaming/RDP), skip [adapter_index=1] [adapter_desc=NVIDIA GeForce GTX 1660] [instance_path=ROOT\DISPLAY\0001] 
[2026-05-13 13:31:20.414][INF][Px13112][Tx15660][GpuOptionWin32.cpp][L188][MaaNS::perfer_gpu] [adapter_index=2] [adapter_desc=NVIDIA GeForce GTX 1660] 
[2026-05-13 13:31:20.990][TRC][Px13112][Tx15660][GpuOptionWin32.cpp][L21][MaaNS::adapter_instance_path] 
[2026-05-13 13:31:20.990][DBG][Px13112][Tx15660][GpuOptionWin32.cpp][L48][MaaNS::adapter_instance_path] [result=ROOT\DISPLAY\0000] 
[2026-05-13 13:31:20.990][TRC][Px13112][Tx15660][GpuOptionWin32.cpp][L54][MaaNS::gpu_driver_date] 
[2026-05-13 13:31:20.990][DBG][Px13112][Tx15660][GpuOptionWin32.cpp][L83][MaaNS::gpu_driver_date] [system_time.wYear=2025] [system_time.wMonth=6] [system_time.wDay=11] 
[2026-05-13 13:31:20.990][TRC][Px13112][Tx15660][GpuOptionWin32.cpp][L89][MaaNS::is_indirect_display_adapter] 
[2026-05-13 13:31:20.990][DBG][Px13112][Tx15660][GpuOptionWin32.cpp][L131][MaaNS::is_indirect_display_adapter] [value=IndirectKmd ] [sub_key=SYSTEM\CurrentControlSet\Enum\ROOT\DISPLAY\0000] [indirect=true] 
[2026-05-13 13:31:20.990][WRN][Px13112][Tx15660][GpuOptionWin32.cpp][L223][MaaNS::perfer_gpu] virtual adapters (streaming/RDP), skip [adapter_index=2] [adapter_desc=NVIDIA GeForce GTX 1660] [instance_path=ROOT\DISPLAY\0000] 
[2026-05-13 13:31:20.990][INF][Px13112][Tx15660][GpuOptionWin32.cpp][L188][MaaNS::perfer_gpu] [adapter_index=3] [adapter_desc=Microsoft Basic Render Driver] 
[2026-05-13 13:31:20.990][WRN][Px13112][Tx15660][GpuOptionWin32.cpp][L191][MaaNS::perfer_gpu] software adapter, skip [adapter_index=3] [adapter_desc=Microsoft Basic Render Driver] 
[2026-05-13 13:31:20.990][DBG][Px13112][Tx15660][GpuOptionWin32.cpp][L173][MaaNS::perfer_gpu] EnumAdapters1 DXGI_ERROR_NOT_FOUND [adapter_index=4] 
[2026-05-13 13:31:20.990][INF][Px13112][Tx15660][GpuOptionWin32.cpp][L251][MaaNS::perfer_gpu] Best gpu selected [best_gpu.adapter_index=0] [best_gpu.description=NVIDIA GeForce GTX 1660] [best_gpu.dedicated_video_memory=6270484480] 
[2026-05-13 13:31:20.990][INF][Px13112][Tx15660][ONNXResMgr.cpp][L69][MaaNS::ResourceNS::ONNXResMgr::use_directml] [device_id=0] 
[2026-05-13 13:31:21.333][INF][Px13112][Tx15660][ONNXResMgr.cpp][L82][MaaNS::ResourceNS::ONNXResMgr::use_directml] Using DML execution provider with device_id 0 
[2026-05-13 13:31:21.334][INF][Px13112][Tx15660][OCRResMgr.cpp][L42][MaaNS::ResourceNS::OCRResMgr::use_directml] [device_id=0] 
[2026-05-13 13:31:21.334][DBG][Px13112][Tx15660][ResourceMgr.cpp][L636][MaaNS::ResourceNS::ResourceMgr::load_bundle] [path=D:/subject/GO/goWorks/src/study/one/resource] | enter 
[2026-05-13 13:31:21.334][DBG][Px13112][Tx15660][PipelineResMgr.cpp][L15][MaaNS::ResourceNS::PipelineResMgr::load] [path=D:/subject/GO/goWorks/src/study/one/resource/pipeline] | enter 
[2026-05-13 13:31:21.334][DBG][Px13112][Tx15660][PipelineResMgr.cpp][L110][MaaNS::ResourceNS::PipelineResMgr::open_and_parse_file] [path=D:/subject/GO/goWorks/src/study/one/resource/pipeline/Startup.json] | enter 
[2026-05-13 13:31:21.334][DBG][Px13112][Tx15660][PipelineParser.cpp][L188][MaaNS::ResourceNS::PipelineParser::parse_node] [name=Demo] 
[2026-05-13 13:31:21.335][DBG][Px13112][Tx15660][PipelineParser.cpp][L188][MaaNS::ResourceNS::PipelineParser::parse_node] [name=Startup] 
[2026-05-13 13:31:21.335][TRC][Px13112][Tx15660][PipelineResMgr.cpp][L110][MaaNS::ResourceNS::PipelineResMgr::open_and_parse_file] | leave, 0ms 
[2026-05-13 13:31:21.335][TRC][Px13112][Tx15660][PipelineResMgr.cpp][L15][MaaNS::ResourceNS::PipelineResMgr::load] | leave, 1ms 
[2026-05-13 13:31:21.335][INF][Px13112][Tx15660][ResourceMgr.cpp][L681][MaaNS::ResourceNS::ResourceMgr::load_bundle] [path=D:/subject/GO/goWorks/src/study/one/resource] [ret=true] [to_load=true] 
[2026-05-13 13:31:21.335][TRC][Px13112][Tx15660][ResourceMgr.cpp][L636][MaaNS::ResourceNS::ResourceMgr::load_bundle] | leave, 1ms 
[2026-05-13 13:31:21.335][INF][Px13112][Tx15660][ResourceMgr.cpp][L217][MaaNS::ResourceNS::ResourceMgr::calc_hash] [hash_cache_=d2d7ae0ec19aaf9] 
[2026-05-13 13:31:21.335][INF][Px13112][Tx15660][Utils/EventDispatcher.hpp][L65][MaaNS::EventDispatcher::notify] !!!OnEventNotify!!! [handle=true] [msg=Resource.Loading.Succeeded] [details={"hash":"d2d7ae0ec19aaf9","path":"D:/subject/GO/goWorks/src/study/one/resource","res_id":100000001,"type":"Bundle"}] 
[2026-05-13 13:31:21.335][TRC][Px13112][Tx15660][ResourceMgr.cpp][L595][MaaNS::ResourceNS::ResourceMgr::run_load] | leave, 2201ms 
[2026-05-13 13:31:21.335][DBG][Px13112][Tx9399][MaaTasker.cpp][L94][MaaTaskerBindResource] [tasker=true] [res=true] | enter 
[2026-05-13 13:31:21.336][INF][Px13112][Tx9399][Tasker.cpp][L44][MaaNS::Tasker::bind_resource] [this=true] [resource=true] [derived=true] [resource_=false] 
[2026-05-13 13:31:21.336][TRC][Px13112][Tx9399][MaaTasker.cpp][L94][MaaTaskerBindResource] | leave, 0ms 
[2026-05-13 13:31:21.336][DBG][Px13112][Tx9399][MaaResource.cpp][L46][MaaResourceRegisterCustomRecognition] [res=true] [name=ExampleRec] [recognition=true] [trans_arg=true] | enter 
[2026-05-13 13:31:21.336][DBG][Px13112][Tx9399][ResourceMgr.cpp][L288][MaaNS::ResourceNS::ResourceMgr::register_custom_recognition] [name=ExampleRec] [recognition=true] [trans_arg=true] 
[2026-05-13 13:31:21.336][TRC][Px13112][Tx9399][MaaResource.cpp][L46][MaaResourceRegisterCustomRecognition] | leave, 0ms 
[2026-05-13 13:31:21.336][DBG][Px13112][Tx9399][MaaResource.cpp][L85][MaaResourceRegisterCustomAction] [res=true] [name=ExampleAct] [action=true] [trans_arg=true] | enter 
[2026-05-13 13:31:21.336][DBG][Px13112][Tx9399][ResourceMgr.cpp][L317][MaaNS::ResourceNS::ResourceMgr::register_custom_action] [name=ExampleAct] [action=true] [trans_arg=true] 
[2026-05-13 13:31:21.336][TRC][Px13112][Tx9399][MaaResource.cpp][L85][MaaResourceRegisterCustomAction] | leave, 0ms 
[2026-05-13 13:31:21.336][DBG][Px13112][Tx9399][CustomControlUnitMgr.cpp][L34][MaaNS::CtrlUnitNs::CustomControlUnitMgr::connected] [controller_=true] [controller_->connected=true] | enter 
[2026-05-13 13:31:21.336][TRC][Px13112][Tx9399][CustomControlUnitMgr.cpp][L34][MaaNS::CtrlUnitNs::CustomControlUnitMgr::connected] | leave, 0ms 
[2026-05-13 13:31:21.336][DBG][Px13112][Tx9399][MaaTasker.cpp][L128][MaaTaskerPostTask] [tasker=true] [entry=Startup] [pipeline_override={}] | enter 
[2026-05-13 13:31:21.336][INF][Px13112][Tx9399][Tasker.cpp][L87][MaaNS::Tasker::post_task] [entry=Startup] [pipeline_override={}] 
[2026-05-13 13:31:21.336][DBG][Px13112][Tx9399][Context.cpp][L20][MaaNS::TaskNS::Context::create] [id=200000001] [tasker=true] 
[2026-05-13 13:31:21.336][DBG][Px13112][Tx9399][Context.cpp][L46][MaaNS::TaskNS::Context::Context] [id=200000001] [tasker=true] 
[2026-05-13 13:31:21.336][DBG][Px13112][Tx9399][CustomControlUnitMgr.cpp][L34][MaaNS::CtrlUnitNs::CustomControlUnitMgr::connected] [controller_=true] [controller_->connected=true] | enter 
[2026-05-13 13:31:21.336][TRC][Px13112][Tx9399][CustomControlUnitMgr.cpp][L34][MaaNS::CtrlUnitNs::CustomControlUnitMgr::connected] | leave, 0ms 
[2026-05-13 13:31:21.336][TRC][Px13112][Tx9399][Context.cpp][L195][MaaNS::TaskNS::Context::override_pipeline] [getptr()=000001B16C565530] [pipeline_override={}] 
[2026-05-13 13:31:21.336][TRC][Px13112][Tx9399][MaaTasker.cpp][L128][MaaTaskerPostTask] | leave, 0ms 
[2026-05-13 13:31:21.336][DBG][Px13112][Tx15757][Tasker.cpp][L323][MaaNS::Tasker::run_task] [runner_id=100000001] [task_ptr=000001B16C545390] | enter 
[2026-05-13 13:31:21.336][INF][Px13112][Tx15757][Tasker.cpp][L343][MaaNS::Tasker::run_task] task start: [cb_detail={"entry":"Startup","hash":"d2d7ae0ec19aaf9","task_id":200000001,"uuid":"blank-controller"}] 
[2026-05-13 13:31:21.336][INF][Px13112][Tx15757][Utils/EventDispatcher.hpp][L65][MaaNS::EventDispatcher::notify] !!!OnEventNotify!!! [handle=true] [msg=Tasker.Task.Starting] [details={"entry":"Startup","hash":"d2d7ae0ec19aaf9","task_id":200000001,"uuid":"blank-controller"}] 
[2026-05-13 13:31:21.336][DBG][Px13112][Tx15757][PipelineTask.cpp][L26][MaaNS::TaskNS::PipelineTask::run] [entry_=Startup] [task_id_=200000001] | enter 
[2026-05-13 13:31:21.336][INF][Px13112][Tx15757][Utils/EventDispatcher.hpp][L65][MaaNS::EventDispatcher::notify] !!!OnEventNotify!!! [handle=true] [msg=Node.PipelineNode.Starting] [details={"focus":null,"name":"Startup","node_id":300000001,"task_id":200000001}] 
[2026-05-13 13:31:21.336][DBG][Px13112][Tx30880][CustomControlUnitMgr.cpp][L100][MaaNS::CtrlUnitNs::CustomControlUnitMgr::screencap] [controller_=true] [controller_->screencap=true] | enter 
[2026-05-13 13:31:21.345][TRC][Px13112][Tx30880][CustomControlUnitMgr.cpp][L100][MaaNS::CtrlUnitNs::CustomControlUnitMgr::screencap] | leave, 7ms 
[2026-05-13 13:31:21.345][INF][Px13112][Tx30880][ControllerAgent.cpp][L1070][MaaNS::ControllerNS::ControllerAgent::postproc_screenshot] Resolution changed [raw.cols=1280] [raw.rows=720] [image_raw_width_=0] [image_raw_height_=0] 
[2026-05-13 13:31:21.345][DBG][Px13112][Tx30880][ControllerAgent.cpp][L1105][MaaNS::ControllerNS::ControllerAgent::calc_target_image_size] Re-calc image target size: [image_target_long_side_=0] [image_target_short_side_=720] [image_raw_width_=1280] [image_raw_height_=720] 
[2026-05-13 13:31:21.345][INF][Px13112][Tx30880][ControllerAgent.cpp][L1131][MaaNS::ControllerNS::ControllerAgent::calc_target_image_size] [image_target_width_=1280] [image_target_height_=720] 
[2026-05-13 13:31:21.346][DBG][Px13112][Tx15757][PipelineTask.cpp][L250][MaaNS::TaskNS::PipelineTask::recognize_list] [cur_node_=Startup] [list=[{"anchor":false,"jump_back":false,"name":"Startup"}]] | enter 
[2026-05-13 13:31:21.346][INF][Px13112][Tx15757][Utils/EventDispatcher.hpp][L65][MaaNS::EventDispatcher::notify] !!!OnEventNotify!!! [handle=true] [msg=Node.NextList.Starting] [details={"focus":null,"list":[{"anchor":false,"jump_back":false,"name":"Startup"}],"name":"Startup","task_id":200000001}] 
[2026-05-13 13:31:21.346][DBG][Px13112][Tx15757][PipelineTask.cpp][L362][MaaNS::TaskNS::PipelineTask::prepare_batch_ocr] batch OCR not needed, eligible OCR nodes < 2 [ctx.plan.entries.size()=0] 
[2026-05-13 13:31:21.346][DBG][Px13112][Tx15757][TaskBase.cpp][L61][MaaNS::TaskNS::TaskBase::run_recognition] [cur_node_=Startup] [data.name=Startup] | enter 
[2026-05-13 13:31:21.346][INF][Px13112][Tx15757][Utils/EventDispatcher.hpp][L65][MaaNS::EventDispatcher::notify] !!!OnEventNotify!!! [handle=true] [msg=Node.Recognition.Starting] [details={"focus":null,"name":"Startup","reco_id":400000001,"task_id":200000001}] 
[2026-05-13 13:31:21.346][DBG][Px13112][Tx15757][Recognizer.cpp][L136][MaaNS::TaskNS::Recognizer::direct_hit] Startup 
[2026-05-13 13:31:21.352][INF][Px13112][Tx15757][Recognizer.cpp][L103][MaaNS::TaskNS::Recognizer::recognize] reco [result={"algorithm":"DirectHit","box":[0,0,1280,720],"detail":null,"name":"Startup","reco_id":400000001}] 
[2026-05-13 13:31:21.352][INF][Px13112][Tx15757][Utils/EventDispatcher.hpp][L65][MaaNS::EventDispatcher::notify] !!!OnEventNotify!!! [handle=true] [msg=Node.Recognition.Succeeded] [details={"focus":null,"name":"Startup","reco_details":{"algorithm":"DirectHit","box":[0,0,1280,720],"detail":null,"name":"Startup","reco_id":400000001},"reco_id":400000001,"task_id":200000001}] 
[2026-05-13 13:31:21.352][TRC][Px13112][Tx15757][TaskBase.cpp][L61][MaaNS::TaskNS::TaskBase::run_recognition] | leave, 6ms 
[2026-05-13 13:31:21.352][INF][Px13112][Tx15757][PipelineTask.cpp][L311][MaaNS::TaskNS::PipelineTask::recognize_list] reco hit [result.name=Startup] [result.box=[0,0,1280,720]] 
[2026-05-13 13:31:21.352][INF][Px13112][Tx15757][Utils/EventDispatcher.hpp][L65][MaaNS::EventDispatcher::notify] !!!OnEventNotify!!! [handle=true] [msg=Node.NextList.Succeeded] [details={"focus":null,"list":[{"anchor":false,"jump_back":false,"name":"Startup"}],"name":"Startup","task_id":200000001}] 
[2026-05-13 13:31:21.353][TRC][Px13112][Tx15757][PipelineTask.cpp][L250][MaaNS::TaskNS::PipelineTask::recognize_list] | leave, 6ms 
[2026-05-13 13:31:21.353][DBG][Px13112][Tx15757][TaskBase.cpp][L215][MaaNS::TaskNS::TaskBase::sleep] 200ms 
[2026-05-13 13:31:21.563][INF][Px13112][Tx15757][Utils/EventDispatcher.hpp][L65][MaaNS::EventDispatcher::notify] !!!OnEventNotify!!! [handle=true] [msg=Node.Action.Starting] [details={"action_id":500000001,"focus":null,"name":"Startup","task_id":200000001}] 
[2026-05-13 13:31:21.563][TRC][Px13112][Tx15757][Actuator.cpp][L27][MaaNS::TaskNS::Actuator::run] [pipeline_data.name=Startup] 
[2026-05-13 13:31:21.563][INF][Px13112][Tx15757][TaskBase.cpp][L137][MaaNS::TaskNS::TaskBase::run_action] action [i=0] [data.repeat=1] [result={"action":"DoNothing","action_id":500000001,"box":[0,0,0,0],"detail":{},"name":"Startup","success":true}] 
[2026-05-13 13:31:21.563][INF][Px13112][Tx15757][Utils/EventDispatcher.hpp][L65][MaaNS::EventDispatcher::notify] !!!OnEventNotify!!! [handle=true] [msg=Node.Action.Succeeded] [details={"action_details":{"action":"DoNothing","action_id":500000001,"box":[0,0,0,0],"detail":{},"name":"Startup","success":true},"action_id":500000001,"focus":null,"name":"Startup","task_id":200000001}] 
[2026-05-13 13:31:21.563][DBG][Px13112][Tx15757][TaskBase.cpp][L215][MaaNS::TaskNS::TaskBase::sleep] 200ms 
[2026-05-13 13:31:21.768][INF][Px13112][Tx15757][PipelineTask.cpp][L224][MaaNS::TaskNS::PipelineTask::run_next] PipelineTask node done [result={"action_id":500000001,"completed":true,"name":"Startup","node_id":300000001,"reco_id":400000001}] [task_id_=200000001] 
[2026-05-13 13:31:21.768][INF][Px13112][Tx15757][Utils/EventDispatcher.hpp][L65][MaaNS::EventDispatcher::notify] !!!OnEventNotify!!! [handle=true] [msg=Node.PipelineNode.Succeeded] [details={"action_details":{"action":"DoNothing","action_id":500000001,"box":[0,0,0,0],"detail":{},"name":"Startup","success":true},"focus":null,"name":"Startup","node_details":{"action_id":500000001,"completed":true,"name":"Startup","node_id":300000001,"reco_id":400000001},"node_id":300000001,"reco_details":{"algorithm":"DirectHit","box":[0,0,1280,720],"detail":null,"name":"Startup","reco_id":400000001},"task_id":200000001}] 
[2026-05-13 13:31:21.772][INF][Px13112][Tx15757][Utils/EventDispatcher.hpp][L65][MaaNS::EventDispatcher::notify] !!!OnEventNotify!!! [handle=true] [msg=Node.PipelineNode.Starting] [details={"focus":null,"name":"Startup","node_id":300000002,"task_id":200000001}] 
[2026-05-13 13:31:21.772][DBG][Px13112][Tx30880][CustomControlUnitMgr.cpp][L100][MaaNS::CtrlUnitNs::CustomControlUnitMgr::screencap] [controller_=true] [controller_->screencap=true] | enter 
[2026-05-13 13:31:21.779][TRC][Px13112][Tx30880][CustomControlUnitMgr.cpp][L100][MaaNS::CtrlUnitNs::CustomControlUnitMgr::screencap] | leave, 7ms 
[2026-05-13 13:31:21.780][DBG][Px13112][Tx15757][PipelineTask.cpp][L250][MaaNS::TaskNS::PipelineTask::recognize_list] [cur_node_=Startup] [list=[{"anchor":false,"jump_back":false,"name":"Demo"}]] | enter 
[2026-05-13 13:31:21.781][INF][Px13112][Tx15757][Utils/EventDispatcher.hpp][L65][MaaNS::EventDispatcher::notify] !!!OnEventNotify!!! [handle=true] [msg=Node.NextList.Starting] [details={"focus":null,"list":[{"anchor":false,"jump_back":false,"name":"Demo"}],"name":"Startup","task_id":200000001}] 
[2026-05-13 13:31:21.782][DBG][Px13112][Tx15757][PipelineTask.cpp][L362][MaaNS::TaskNS::PipelineTask::prepare_batch_ocr] batch OCR not needed, eligible OCR nodes < 2 [ctx.plan.entries.size()=0] 
[2026-05-13 13:31:21.783][DBG][Px13112][Tx15757][TaskBase.cpp][L61][MaaNS::TaskNS::TaskBase::run_recognition] [cur_node_=Startup] [data.name=Demo] | enter 
[2026-05-13 13:31:21.784][INF][Px13112][Tx15757][Utils/EventDispatcher.hpp][L65][MaaNS::EventDispatcher::notify] !!!OnEventNotify!!! [handle=true] [msg=Node.Recognition.Starting] [details={"focus":null,"name":"Demo","reco_id":400000002,"task_id":200000001}] 
[2026-05-13 13:31:21.785][DBG][Px13112][Tx15757][Recognizer.cpp][L136][MaaNS::TaskNS::Recognizer::direct_hit] Demo 
[2026-05-13 13:31:21.793][INF][Px13112][Tx15757][Recognizer.cpp][L103][MaaNS::TaskNS::Recognizer::recognize] reco [result={"algorithm":"DirectHit","box":[0,0,1280,720],"detail":null,"name":"Demo","reco_id":400000002}] 
[2026-05-13 13:31:21.794][INF][Px13112][Tx15757][Utils/EventDispatcher.hpp][L65][MaaNS::EventDispatcher::notify] !!!OnEventNotify!!! [handle=true] [msg=Node.Recognition.Succeeded] [details={"focus":null,"name":"Demo","reco_details":{"algorithm":"DirectHit","box":[0,0,1280,720],"detail":null,"name":"Demo","reco_id":400000002},"reco_id":400000002,"task_id":200000001}] 
[2026-05-13 13:31:21.796][TRC][Px13112][Tx15757][TaskBase.cpp][L61][MaaNS::TaskNS::TaskBase::run_recognition] | leave, 13ms 
[2026-05-13 13:31:21.796][INF][Px13112][Tx15757][PipelineTask.cpp][L311][MaaNS::TaskNS::PipelineTask::recognize_list] reco hit [result.name=Demo] [result.box=[0,0,1280,720]] 
[2026-05-13 13:31:21.796][INF][Px13112][Tx15757][Utils/EventDispatcher.hpp][L65][MaaNS::EventDispatcher::notify] !!!OnEventNotify!!! [handle=true] [msg=Node.NextList.Succeeded] [details={"focus":null,"list":[{"anchor":false,"jump_back":false,"name":"Demo"}],"name":"Startup","task_id":200000001}] 
[2026-05-13 13:31:21.796][TRC][Px13112][Tx15757][PipelineTask.cpp][L250][MaaNS::TaskNS::PipelineTask::recognize_list] | leave, 15ms 
[2026-05-13 13:31:21.796][DBG][Px13112][Tx15757][TaskBase.cpp][L215][MaaNS::TaskNS::TaskBase::sleep] 200ms 
[2026-05-13 13:31:22.003][INF][Px13112][Tx15757][Utils/EventDispatcher.hpp][L65][MaaNS::EventDispatcher::notify] !!!OnEventNotify!!! [handle=true] [msg=Node.Action.Starting] [details={"action_id":500000002,"focus":null,"name":"Demo","task_id":200000001}] 
[2026-05-13 13:31:22.004][TRC][Px13112][Tx15757][Actuator.cpp][L27][MaaNS::TaskNS::Actuator::run] [pipeline_data.name=Demo] 
[2026-05-13 13:31:22.004][INF][Px13112][Tx15757][TaskBase.cpp][L137][MaaNS::TaskNS::TaskBase::run_action] action [i=0] [data.repeat=1] [result={"action":"DoNothing","action_id":500000002,"box":[0,0,0,0],"detail":{},"name":"Demo","success":true}] 
[2026-05-13 13:31:22.006][INF][Px13112][Tx15757][Utils/EventDispatcher.hpp][L65][MaaNS::EventDispatcher::notify] !!!OnEventNotify!!! [handle=true] [msg=Node.Action.Succeeded] [details={"action_details":{"action":"DoNothing","action_id":500000002,"box":[0,0,0,0],"detail":{},"name":"Demo","success":true},"action_id":500000002,"focus":null,"name":"Demo","task_id":200000001}] 
[2026-05-13 13:31:22.012][DBG][Px13112][Tx15757][TaskBase.cpp][L215][MaaNS::TaskNS::TaskBase::sleep] 200ms 
[2026-05-13 13:31:22.220][INF][Px13112][Tx15757][PipelineTask.cpp][L224][MaaNS::TaskNS::PipelineTask::run_next] PipelineTask node done [result={"action_id":500000002,"completed":true,"name":"Demo","node_id":300000002,"reco_id":400000002}] [task_id_=200000001] 
[2026-05-13 13:31:22.224][INF][Px13112][Tx15757][Utils/EventDispatcher.hpp][L65][MaaNS::EventDispatcher::notify] !!!OnEventNotify!!! [handle=true] [msg=Node.PipelineNode.Succeeded] [details={"action_details":{"action":"DoNothing","action_id":500000002,"box":[0,0,0,0],"detail":{},"name":"Demo","success":true},"focus":null,"name":"Startup","node_details":{"action_id":500000002,"completed":true,"name":"Demo","node_id":300000002,"reco_id":400000002},"node_id":300000002,"reco_details":{"algorithm":"DirectHit","box":[0,0,1280,720],"detail":null,"name":"Demo","reco_id":400000002},"task_id":200000001}] 
[2026-05-13 13:31:22.229][TRC][Px13112][Tx15757][PipelineTask.cpp][L26][MaaNS::TaskNS::PipelineTask::run] | leave, 892ms 
[2026-05-13 13:31:22.229][INF][Px13112][Tx15757][Tasker.cpp][L355][MaaNS::Tasker::run_task] task end: [cb_detail={"entry":"Startup","hash":"d2d7ae0ec19aaf9","task_id":200000001,"uuid":"blank-controller"}] [ret=true] 
[2026-05-13 13:31:22.229][INF][Px13112][Tx15757][Utils/EventDispatcher.hpp][L65][MaaNS::EventDispatcher::notify] !!!OnEventNotify!!! [handle=true] [msg=Tasker.Task.Succeeded] [details={"entry":"Startup","hash":"d2d7ae0ec19aaf9","task_id":200000001,"uuid":"blank-controller"}] 
[2026-05-13 13:31:22.230][DBG][Px13112][Tx30880][CustomControlUnitMgr.cpp][L261][MaaNS::CtrlUnitNs::CustomControlUnitMgr::inactive] [controller_=true] [controller_->inactive=true] | enter 
[2026-05-13 13:31:22.230][TRC][Px13112][Tx30880][CustomControlUnitMgr.cpp][L261][MaaNS::CtrlUnitNs::CustomControlUnitMgr::inactive] | leave, 0ms 
[2026-05-13 13:31:22.230][TRC][Px13112][Tx15757][Tasker.cpp][L323][MaaNS::Tasker::run_task] | leave, 893ms 
[2026-05-13 13:31:22.230][WRN][Px13112][Tx9399][MaaTasker.cpp][L578][MaaTaskerGetTaskDetail] entry is null, no assignment 
[2026-05-13 13:31:22.230][WRN][Px13112][Tx9399][MaaTasker.cpp][L596][MaaTaskerGetTaskDetail] status is null, no assignment 
[2026-05-13 13:31:22.230][DBG][Px13112][Tx9399][MaaFramework.cpp][L307][MaaResourceDestroy] [res=true] | enter 
[2026-05-13 13:31:22.230][DBG][Px13112][Tx9399][ResourceMgr.cpp][L33][MaaNS::ResourceNS::ResourceMgr::~ResourceMgr] | enter 
[2026-05-13 13:31:22.230][TRC][Px13112][Tx9399][ResourceMgr.cpp][L33][MaaNS::ResourceNS::ResourceMgr::~ResourceMgr] | leave, 0ms 
[2026-05-13 13:31:22.230][DBG][Px13112][Tx9399][Base/AsyncRunner.hpp][L88][MaaNS::AsyncRunner<struct MaaNS::ResourceNS::PostPathItem>::~AsyncRunner] | enter 
[2026-05-13 13:31:22.230][DBG][Px13112][Tx9399][Base/AsyncRunner.hpp][L96][MaaNS::AsyncRunner<struct MaaNS::ResourceNS::PostPathItem>::release] | enter 
[2026-05-13 13:31:22.230][TRC][Px13112][Tx9399][Base/AsyncRunner.hpp][L96][MaaNS::AsyncRunner<struct MaaNS::ResourceNS::PostPathItem>::release] | leave, 0ms 
[2026-05-13 13:31:22.230][TRC][Px13112][Tx9399][Base/AsyncRunner.hpp][L88][MaaNS::AsyncRunner<struct MaaNS::ResourceNS::PostPathItem>::~AsyncRunner] | leave, 0ms 
[2026-05-13 13:31:22.272][TRC][Px13112][Tx9399][MaaFramework.cpp][L307][MaaResourceDestroy] | leave, 42ms 
[2026-05-13 13:31:22.272][DBG][Px13112][Tx9399][MaaFramework.cpp][L288][MaaControllerDestroy] [ctrl=true] | enter 
[2026-05-13 13:31:22.272][DBG][Px13112][Tx9399][ControllerAgent.cpp][L30][MaaNS::ControllerNS::ControllerAgent::~ControllerAgent] | enter 
[2026-05-13 13:31:22.272][TRC][Px13112][Tx9399][ControllerAgent.cpp][L30][MaaNS::ControllerNS::ControllerAgent::~ControllerAgent] | leave, 0ms 
[2026-05-13 13:31:22.272][DBG][Px13112][Tx9399][Base/AsyncRunner.hpp][L88][MaaNS::AsyncRunner<struct MaaNS::ControllerNS::Action>::~AsyncRunner] | enter 
[2026-05-13 13:31:22.272][DBG][Px13112][Tx9399][Base/AsyncRunner.hpp][L96][MaaNS::AsyncRunner<struct MaaNS::ControllerNS::Action>::release] | enter 
[2026-05-13 13:31:22.272][TRC][Px13112][Tx9399][Base/AsyncRunner.hpp][L96][MaaNS::AsyncRunner<struct MaaNS::ControllerNS::Action>::release] | leave, 0ms 
[2026-05-13 13:31:22.272][TRC][Px13112][Tx9399][Base/AsyncRunner.hpp][L88][MaaNS::AsyncRunner<struct MaaNS::ControllerNS::Action>::~AsyncRunner] | leave, 0ms 
[2026-05-13 13:31:22.272][DBG][Px13112][Tx9399][CustomControlUnitAPI.cpp][L31][MaaCustomControlUnitDestroy] [handle=true] | enter 
[2026-05-13 13:31:22.272][TRC][Px13112][Tx9399][CustomControlUnitAPI.cpp][L31][MaaCustomControlUnitDestroy] | leave, 0ms 
[2026-05-13 13:31:22.272][TRC][Px13112][Tx9399][MaaFramework.cpp][L288][MaaControllerDestroy] | leave, 0ms 
[2026-05-13 13:31:22.272][DBG][Px13112][Tx9399][MaaFramework.cpp][L326][MaaTaskerDestroy] [tasker=true] | enter 
[2026-05-13 13:31:22.272][DBG][Px13112][Tx9399][Tasker.cpp][L37][MaaNS::Tasker::~Tasker] | enter 
[2026-05-13 13:31:22.272][TRC][Px13112][Tx9399][Tasker.cpp][L37][MaaNS::Tasker::~Tasker] | leave, 0ms 
[2026-05-13 13:31:22.272][DBG][Px13112][Tx9399][Base/AsyncRunner.hpp][L88][MaaNS::AsyncRunner<class std::shared_ptr<class MaaNS::TaskNS::TaskBase> >::~AsyncRunner] | enter 
[2026-05-13 13:31:22.272][DBG][Px13112][Tx9399][Base/AsyncRunner.hpp][L96][MaaNS::AsyncRunner<class std::shared_ptr<class MaaNS::TaskNS::TaskBase> >::release] | enter 
[2026-05-13 13:31:22.273][TRC][Px13112][Tx9399][Base/AsyncRunner.hpp][L96][MaaNS::AsyncRunner<class std::shared_ptr<class MaaNS::TaskNS::TaskBase> >::release] | leave, 0ms 
[2026-05-13 13:31:22.273][TRC][Px13112][Tx9399][Base/AsyncRunner.hpp][L88][MaaNS::AsyncRunner<class std::shared_ptr<class MaaNS::TaskNS::TaskBase> >::~AsyncRunner] | leave, 0ms 
[2026-05-13 13:31:22.273][TRC][Px13112][Tx9399][MaaFramework.cpp][L326][MaaTaskerDestroy] | leave, 0ms 
[2026-05-13 13:31:22.349][DBG][Px13112][Tx9399][Logger] ----------------------------- 
[2026-05-13 13:31:22.349][DBG][Px13112][Tx9399][Logger] Close log 
[2026-05-13 13:31:22.349][DBG][Px13112][Tx9399][Logger] ----------------------------- 
[2026-05-13 13:46:28.925][DBG][Px28580][Tx60501][Logger] ----------------------------- 
[2026-05-13 13:46:28.925][DBG][Px28580][Tx60501][Logger] MAA Process Start 
[2026-05-13 13:46:28.925][DBG][Px28580][Tx60501][Logger] Version v5.10.4 
[2026-05-13 13:46:28.925][DBG][Px28580][Tx60501][Logger] Built at May  3 2026 04:23:41 
[2026-05-13 13:46:28.925][DBG][Px28580][Tx60501][Logger] Windows x64 
[2026-05-13 13:46:28.925][DBG][Px28580][Tx60501][Logger] Working E:/subject/one 
[2026-05-13 13:46:28.925][DBG][Px28580][Tx60501][Logger] Logging E:/subject/one/debug/maafw.log 
[2026-05-13 13:46:28.925][DBG][Px28580][Tx60501][Logger] ----------------------------- 
[2026-05-13 13:46:28.925][TRC][Px28580][Tx60501][OptionMgr.cpp][L35][MaaNS::GlobalNS::OptionMgr::set_log_dir] | leave, 0ms 
[2026-05-13 13:46:28.925][TRC][Px28580][Tx60501][OptionMgr.cpp][L10][MaaNS::GlobalNS::OptionMgr::set_option] | leave, 0ms 
[2026-05-13 13:46:28.925][TRC][Px28580][Tx60501][MaaFramework.cpp][L338][MaaGlobalSetOption] | leave, 0ms 
[2026-05-13 13:46:28.925][DBG][Px28580][Tx60501][MaaFramework.cpp][L338][MaaGlobalSetOption] [key=2] [value=true] [val_size=1] | enter 
[2026-05-13 13:46:28.925][DBG][Px28580][Tx60501][OptionMgr.cpp][L10][MaaNS::GlobalNS::OptionMgr::set_option] [key=2] [value=true] [val_size=1] | enter 
[2026-05-13 13:46:28.925][DBG][Px28580][Tx60501][OptionMgr.cpp][L49][MaaNS::GlobalNS::OptionMgr::set_save_draw] | enter 
[2026-05-13 13:46:28.925][INF][Px28580][Tx60501][OptionMgr.cpp][L58][MaaNS::GlobalNS::OptionMgr::set_save_draw] Set save draw [save_draw_=false] 
[2026-05-13 13:46:28.925][TRC][Px28580][Tx60501][OptionMgr.cpp][L49][MaaNS::GlobalNS::OptionMgr::set_save_draw] | leave, 0ms 
[2026-05-13 13:46:28.925][TRC][Px28580][Tx60501][OptionMgr.cpp][L10][MaaNS::GlobalNS::OptionMgr::set_option] | leave, 0ms 
[2026-05-13 13:46:28.926][TRC][Px28580][Tx60501][MaaFramework.cpp][L338][MaaGlobalSetOption] | leave, 0ms 
[2026-05-13 13:46:28.926][DBG][Px28580][Tx60501][MaaFramework.cpp][L338][MaaGlobalSetOption] [key=7] [value=true] [val_size=1] | enter 
[2026-05-13 13:46:28.926][DBG][Px28580][Tx60501][OptionMgr.cpp][L10][MaaNS::GlobalNS::OptionMgr::set_option] [key=7] [value=true] [val_size=1] | enter 
[2026-05-13 13:46:28.926][DBG][Px28580][Tx60501][OptionMgr.cpp][L99][MaaNS::GlobalNS::OptionMgr::set_save_on_error] | enter 
[2026-05-13 13:46:28.926][INF][Px28580][Tx60501][OptionMgr.cpp][L108][MaaNS::GlobalNS::OptionMgr::set_save_on_error] Set save on error [save_on_error_=true] 
[2026-05-13 13:46:28.926][TRC][Px28580][Tx60501][OptionMgr.cpp][L99][MaaNS::GlobalNS::OptionMgr::set_save_on_error] | leave, 0ms 
[2026-05-13 13:46:28.926][TRC][Px28580][Tx60501][OptionMgr.cpp][L10][MaaNS::GlobalNS::OptionMgr::set_option] | leave, 0ms 
[2026-05-13 13:46:28.926][TRC][Px28580][Tx60501][MaaFramework.cpp][L338][MaaGlobalSetOption] | leave, 0ms 
[2026-05-13 13:46:28.926][DBG][Px28580][Tx60501][MaaFramework.cpp][L338][MaaGlobalSetOption] [key=4] [value=true] [val_size=4] | enter 
[2026-05-13 13:46:28.926][DBG][Px28580][Tx60501][OptionMgr.cpp][L10][MaaNS::GlobalNS::OptionMgr::set_option] [key=4] [value=true] [val_size=4] | enter 
[2026-05-13 13:46:28.926][DBG][Px28580][Tx60501][OptionMgr.cpp][L65][MaaNS::GlobalNS::OptionMgr::set_stdout_level] | enter 
[2026-05-13 13:46:28.926][INF][Px28580][Tx60501][OptionMgr.cpp][L74][MaaNS::GlobalNS::OptionMgr::set_stdout_level] Set log stdout level [level=2] 
[2026-05-13 13:46:28.926][TRC][Px28580][Tx60501][OptionMgr.cpp][L65][MaaNS::GlobalNS::OptionMgr::set_stdout_level] | leave, 0ms 
[2026-05-13 13:46:28.926][TRC][Px28580][Tx60501][OptionMgr.cpp][L10][MaaNS::GlobalNS::OptionMgr::set_option] | leave, 0ms 
[2026-05-13 13:46:28.926][TRC][Px28580][Tx60501][MaaFramework.cpp][L338][MaaGlobalSetOption] | leave, 0ms 
[2026-05-13 13:46:28.926][DBG][Px28580][Tx60501][MaaFramework.cpp][L338][MaaGlobalSetOption] [key=8] [value=true] [val_size=4] | enter 
[2026-05-13 13:46:28.926][DBG][Px28580][Tx60501][OptionMgr.cpp][L10][MaaNS::GlobalNS::OptionMgr::set_option] [key=8] [value=true] [val_size=4] | enter 
[2026-05-13 13:46:28.926][DBG][Px28580][Tx60501][OptionMgr.cpp][L115][MaaNS::GlobalNS::OptionMgr::set_draw_quality] | enter 
[2026-05-13 13:46:28.926][INF][Px28580][Tx60501][OptionMgr.cpp][L130][MaaNS::GlobalNS::OptionMgr::set_draw_quality] Set draw quality [draw_quality_=85] 
[2026-05-13 13:46:28.926][TRC][Px28580][Tx60501][OptionMgr.cpp][L115][MaaNS::GlobalNS::OptionMgr::set_draw_quality] | leave, 0ms 
[2026-05-13 13:46:28.926][TRC][Px28580][Tx60501][OptionMgr.cpp][L10][MaaNS::GlobalNS::OptionMgr::set_option] | leave, 0ms 
[2026-05-13 13:46:28.926][TRC][Px28580][Tx60501][MaaFramework.cpp][L338][MaaGlobalSetOption] | leave, 0ms 
[2026-05-13 13:46:28.926][DBG][Px28580][Tx60501][GlobalOptionConfig.cpp][L83][MaaNS::ToolkitNS::GlobalOptionConfig::apply_option] [bret=true] 
[2026-05-13 13:46:28.926][TRC][Px28580][Tx60501][GlobalOptionConfig.cpp][L67][MaaNS::ToolkitNS::GlobalOptionConfig::apply_option] | leave, 1ms 
[2026-05-13 13:46:28.926][TRC][Px28580][Tx60501][GlobalOptionConfig.cpp][L17][MaaNS::ToolkitNS::GlobalOptionConfig::init] | leave, 1ms 
[2026-05-13 13:46:28.926][DBG][Px28580][Tx60501][DesktopWindowWin32Finder.cpp][L13][MaaNS::ToolkitNS::DesktopWindowWin32Finder::find_all] | enter 
[2026-05-13 13:46:28.926][TRC][Px28580][Tx60501][DesktopWindowWin32Finder.cpp][L13][MaaNS::ToolkitNS::DesktopWindowWin32Finder::find_all] | leave, 0ms 
[2026-05-13 13:46:28.940][DBG][Px28580][Tx60501][Logger] ----------------------------- 
[2026-05-13 13:46:28.940][DBG][Px28580][Tx60501][Logger] Close log 
[2026-05-13 13:46:28.940][DBG][Px28580][Tx60501][Logger] ----------------------------- 
[2026-05-13 13:57:38.985][DBG][Px1636][Tx31314][Logger] ----------------------------- 
[2026-05-13 13:57:38.985][DBG][Px1636][Tx31314][Logger] MAA Process Start 
[2026-05-13 13:57:38.985][DBG][Px1636][Tx31314][Logger] Version v5.10.4 
[2026-05-13 13:57:38.985][DBG][Px1636][Tx31314][Logger] Built at May  3 2026 04:23:41 
[2026-05-13 13:57:38.985][DBG][Px1636][Tx31314][Logger] Windows x64 
[2026-05-13 13:57:38.985][DBG][Px1636][Tx31314][Logger] Working E:/subject/one 
[2026-05-13 13:57:38.985][DBG][Px1636][Tx31314][Logger] Logging E:/subject/one/debug/maafw.log 
[2026-05-13 13:57:38.985][DBG][Px1636][Tx31314][Logger] ----------------------------- 
[2026-05-13 13:57:38.985][TRC][Px1636][Tx31314][OptionMgr.cpp][L35][MaaNS::GlobalNS::OptionMgr::set_log_dir] | leave, 0ms 
[2026-05-13 13:57:38.985][TRC][Px1636][Tx31314][OptionMgr.cpp][L10][MaaNS::GlobalNS::OptionMgr::set_option] | leave, 0ms 
[2026-05-13 13:57:38.985][TRC][Px1636][Tx31314][MaaFramework.cpp][L338][MaaGlobalSetOption] | leave, 0ms 
[2026-05-13 13:57:38.985][DBG][Px1636][Tx31314][MaaFramework.cpp][L338][MaaGlobalSetOption] [key=2] [value=true] [val_size=1] | enter 
[2026-05-13 13:57:38.985][DBG][Px1636][Tx31314][OptionMgr.cpp][L10][MaaNS::GlobalNS::OptionMgr::set_option] [key=2] [value=true] [val_size=1] | enter 
[2026-05-13 13:57:38.985][DBG][Px1636][Tx31314][OptionMgr.cpp][L49][MaaNS::GlobalNS::OptionMgr::set_save_draw] | enter 
[2026-05-13 13:57:38.985][INF][Px1636][Tx31314][OptionMgr.cpp][L58][MaaNS::GlobalNS::OptionMgr::set_save_draw] Set save draw [save_draw_=false] 
[2026-05-13 13:57:38.985][TRC][Px1636][Tx31314][OptionMgr.cpp][L49][MaaNS::GlobalNS::OptionMgr::set_save_draw] | leave, 0ms 
[2026-05-13 13:57:38.985][TRC][Px1636][Tx31314][OptionMgr.cpp][L10][MaaNS::GlobalNS::OptionMgr::set_option] | leave, 0ms 
[2026-05-13 13:57:38.985][TRC][Px1636][Tx31314][MaaFramework.cpp][L338][MaaGlobalSetOption] | leave, 0ms 
[2026-05-13 13:57:38.985][DBG][Px1636][Tx31314][MaaFramework.cpp][L338][MaaGlobalSetOption] [key=7] [value=true] [val_size=1] | enter 
[2026-05-13 13:57:38.985][DBG][Px1636][Tx31314][OptionMgr.cpp][L10][MaaNS::GlobalNS::OptionMgr::set_option] [key=7] [value=true] [val_size=1] | enter 
[2026-05-13 13:57:38.985][DBG][Px1636][Tx31314][OptionMgr.cpp][L99][MaaNS::GlobalNS::OptionMgr::set_save_on_error] | enter 
[2026-05-13 13:57:38.985][INF][Px1636][Tx31314][OptionMgr.cpp][L108][MaaNS::GlobalNS::OptionMgr::set_save_on_error] Set save on error [save_on_error_=true] 
[2026-05-13 13:57:38.985][TRC][Px1636][Tx31314][OptionMgr.cpp][L99][MaaNS::GlobalNS::OptionMgr::set_save_on_error] | leave, 0ms 
[2026-05-13 13:57:38.985][TRC][Px1636][Tx31314][OptionMgr.cpp][L10][MaaNS::GlobalNS::OptionMgr::set_option] | leave, 0ms 
[2026-05-13 13:57:38.985][TRC][Px1636][Tx31314][MaaFramework.cpp][L338][MaaGlobalSetOption] | leave, 0ms 
[2026-05-13 13:57:38.985][DBG][Px1636][Tx31314][MaaFramework.cpp][L338][MaaGlobalSetOption] [key=4] [value=true] [val_size=4] | enter 
[2026-05-13 13:57:38.985][DBG][Px1636][Tx31314][OptionMgr.cpp][L10][MaaNS::GlobalNS::OptionMgr::set_option] [key=4] [value=true] [val_size=4] | enter 
[2026-05-13 13:57:38.985][DBG][Px1636][Tx31314][OptionMgr.cpp][L65][MaaNS::GlobalNS::OptionMgr::set_stdout_level] | enter 
[2026-05-13 13:57:38.985][INF][Px1636][Tx31314][OptionMgr.cpp][L74][MaaNS::GlobalNS::OptionMgr::set_stdout_level] Set log stdout level [level=2] 
[2026-05-13 13:57:38.985][TRC][Px1636][Tx31314][OptionMgr.cpp][L65][MaaNS::GlobalNS::OptionMgr::set_stdout_level] | leave, 0ms 
[2026-05-13 13:57:38.985][TRC][Px1636][Tx31314][OptionMgr.cpp][L10][MaaNS::GlobalNS::OptionMgr::set_option] | leave, 0ms 
[2026-05-13 13:57:38.985][TRC][Px1636][Tx31314][MaaFramework.cpp][L338][MaaGlobalSetOption] | leave, 0ms 
[2026-05-13 13:57:38.985][DBG][Px1636][Tx31314][MaaFramework.cpp][L338][MaaGlobalSetOption] [key=8] [value=true] [val_size=4] | enter 
[2026-05-13 13:57:38.985][DBG][Px1636][Tx31314][OptionMgr.cpp][L10][MaaNS::GlobalNS::OptionMgr::set_option] [key=8] [value=true] [val_size=4] | enter 
[2026-05-13 13:57:38.986][DBG][Px1636][Tx31314][OptionMgr.cpp][L115][MaaNS::GlobalNS::OptionMgr::set_draw_quality] | enter 
[2026-05-13 13:57:38.986][INF][Px1636][Tx31314][OptionMgr.cpp][L130][MaaNS::GlobalNS::OptionMgr::set_draw_quality] Set draw quality [draw_quality_=85] 
[2026-05-13 13:57:38.986][TRC][Px1636][Tx31314][OptionMgr.cpp][L115][MaaNS::GlobalNS::OptionMgr::set_draw_quality] | leave, 0ms 
[2026-05-13 13:57:38.986][TRC][Px1636][Tx31314][OptionMgr.cpp][L10][MaaNS::GlobalNS::OptionMgr::set_option] | leave, 0ms 
[2026-05-13 13:57:38.986][TRC][Px1636][Tx31314][MaaFramework.cpp][L338][MaaGlobalSetOption] | leave, 0ms 
[2026-05-13 13:57:38.986][DBG][Px1636][Tx31314][GlobalOptionConfig.cpp][L83][MaaNS::ToolkitNS::GlobalOptionConfig::apply_option] [bret=true] 
[2026-05-13 13:57:38.986][TRC][Px1636][Tx31314][GlobalOptionConfig.cpp][L67][MaaNS::ToolkitNS::GlobalOptionConfig::apply_option] | leave, 1ms 
[2026-05-13 13:57:38.986][TRC][Px1636][Tx31314][GlobalOptionConfig.cpp][L17][MaaNS::ToolkitNS::GlobalOptionConfig::init] | leave, 1ms 
[2026-05-13 13:58:05.821][DBG][Px1636][Tx59005][Logger] ----------------------------- 
[2026-05-13 13:58:05.821][DBG][Px1636][Tx59005][Logger] Close log 
[2026-05-13 13:58:05.821][DBG][Px1636][Tx59005][Logger] ----------------------------- 
[2026-05-13 13:58:45.148][DBG][Px27308][Tx15541][Logger] ----------------------------- 
[2026-05-13 13:58:45.148][DBG][Px27308][Tx15541][Logger] MAA Process Start 
[2026-05-13 13:58:45.148][DBG][Px27308][Tx15541][Logger] Version v5.10.4 
[2026-05-13 13:58:45.148][DBG][Px27308][Tx15541][Logger] Built at May  3 2026 04:23:41 
[2026-05-13 13:58:45.148][DBG][Px27308][Tx15541][Logger] Windows x64 
[2026-05-13 13:58:45.148][DBG][Px27308][Tx15541][Logger] Working E:/subject/one 
[2026-05-13 13:58:45.148][DBG][Px27308][Tx15541][Logger] Logging E:/subject/one/debug/maafw.log 
[2026-05-13 13:58:45.148][DBG][Px27308][Tx15541][Logger] ----------------------------- 
[2026-05-13 13:58:45.148][TRC][Px27308][Tx15541][OptionMgr.cpp][L35][MaaNS::GlobalNS::OptionMgr::set_log_dir] | leave, 0ms 
[2026-05-13 13:58:45.148][TRC][Px27308][Tx15541][OptionMgr.cpp][L10][MaaNS::GlobalNS::OptionMgr::set_option] | leave, 0ms 
[2026-05-13 13:58:45.148][TRC][Px27308][Tx15541][MaaFramework.cpp][L338][MaaGlobalSetOption] | leave, 0ms 
[2026-05-13 13:58:45.148][DBG][Px27308][Tx15541][MaaFramework.cpp][L338][MaaGlobalSetOption] [key=2] [value=true] [val_size=1] | enter 
[2026-05-13 13:58:45.148][DBG][Px27308][Tx15541][OptionMgr.cpp][L10][MaaNS::GlobalNS::OptionMgr::set_option] [key=2] [value=true] [val_size=1] | enter 
[2026-05-13 13:58:45.148][DBG][Px27308][Tx15541][OptionMgr.cpp][L49][MaaNS::GlobalNS::OptionMgr::set_save_draw] | enter 
[2026-05-13 13:58:45.148][INF][Px27308][Tx15541][OptionMgr.cpp][L58][MaaNS::GlobalNS::OptionMgr::set_save_draw] Set save draw [save_draw_=false] 
[2026-05-13 13:58:45.148][TRC][Px27308][Tx15541][OptionMgr.cpp][L49][MaaNS::GlobalNS::OptionMgr::set_save_draw] | leave, 0ms 
[2026-05-13 13:58:45.148][TRC][Px27308][Tx15541][OptionMgr.cpp][L10][MaaNS::GlobalNS::OptionMgr::set_option] | leave, 0ms 
[2026-05-13 13:58:45.148][TRC][Px27308][Tx15541][MaaFramework.cpp][L338][MaaGlobalSetOption] | leave, 0ms 
[2026-05-13 13:58:45.148][DBG][Px27308][Tx15541][MaaFramework.cpp][L338][MaaGlobalSetOption] [key=7] [value=true] [val_size=1] | enter 
[2026-05-13 13:58:45.148][DBG][Px27308][Tx15541][OptionMgr.cpp][L10][MaaNS::GlobalNS::OptionMgr::set_option] [key=7] [value=true] [val_size=1] | enter 
[2026-05-13 13:58:45.148][DBG][Px27308][Tx15541][OptionMgr.cpp][L99][MaaNS::GlobalNS::OptionMgr::set_save_on_error] | enter 
[2026-05-13 13:58:45.148][INF][Px27308][Tx15541][OptionMgr.cpp][L108][MaaNS::GlobalNS::OptionMgr::set_save_on_error] Set save on error [save_on_error_=true] 
[2026-05-13 13:58:45.148][TRC][Px27308][Tx15541][OptionMgr.cpp][L99][MaaNS::GlobalNS::OptionMgr::set_save_on_error] | leave, 0ms 
[2026-05-13 13:58:45.148][TRC][Px27308][Tx15541][OptionMgr.cpp][L10][MaaNS::GlobalNS::OptionMgr::set_option] | leave, 0ms 
[2026-05-13 13:58:45.148][TRC][Px27308][Tx15541][MaaFramework.cpp][L338][MaaGlobalSetOption] | leave, 0ms 
[2026-05-13 13:58:45.148][DBG][Px27308][Tx15541][MaaFramework.cpp][L338][MaaGlobalSetOption] [key=4] [value=true] [val_size=4] | enter 
[2026-05-13 13:58:45.148][DBG][Px27308][Tx15541][OptionMgr.cpp][L10][MaaNS::GlobalNS::OptionMgr::set_option] [key=4] [value=true] [val_size=4] | enter 
[2026-05-13 13:58:45.148][DBG][Px27308][Tx15541][OptionMgr.cpp][L65][MaaNS::GlobalNS::OptionMgr::set_stdout_level] | enter 
[2026-05-13 13:58:45.148][INF][Px27308][Tx15541][OptionMgr.cpp][L74][MaaNS::GlobalNS::OptionMgr::set_stdout_level] Set log stdout level [level=2] 
[2026-05-13 13:58:45.148][TRC][Px27308][Tx15541][OptionMgr.cpp][L65][MaaNS::GlobalNS::OptionMgr::set_stdout_level] | leave, 0ms 
[2026-05-13 13:58:45.148][TRC][Px27308][Tx15541][OptionMgr.cpp][L10][MaaNS::GlobalNS::OptionMgr::set_option] | leave, 0ms 
[2026-05-13 13:58:45.149][TRC][Px27308][Tx15541][MaaFramework.cpp][L338][MaaGlobalSetOption] | leave, 0ms 
[2026-05-13 13:58:45.149][DBG][Px27308][Tx15541][MaaFramework.cpp][L338][MaaGlobalSetOption] [key=8] [value=true] [val_size=4] | enter 
[2026-05-13 13:58:45.149][DBG][Px27308][Tx15541][OptionMgr.cpp][L10][MaaNS::GlobalNS::OptionMgr::set_option] [key=8] [value=true] [val_size=4] | enter 
[2026-05-13 13:58:45.149][DBG][Px27308][Tx15541][OptionMgr.cpp][L115][MaaNS::GlobalNS::OptionMgr::set_draw_quality] | enter 
[2026-05-13 13:58:45.149][INF][Px27308][Tx15541][OptionMgr.cpp][L130][MaaNS::GlobalNS::OptionMgr::set_draw_quality] Set draw quality [draw_quality_=85] 
[2026-05-13 13:58:45.149][TRC][Px27308][Tx15541][OptionMgr.cpp][L115][MaaNS::GlobalNS::OptionMgr::set_draw_quality] | leave, 0ms 
[2026-05-13 13:58:45.149][TRC][Px27308][Tx15541][OptionMgr.cpp][L10][MaaNS::GlobalNS::OptionMgr::set_option] | leave, 0ms 
[2026-05-13 13:58:45.149][TRC][Px27308][Tx15541][MaaFramework.cpp][L338][MaaGlobalSetOption] | leave, 0ms 
[2026-05-13 13:58:45.149][DBG][Px27308][Tx15541][GlobalOptionConfig.cpp][L83][MaaNS::ToolkitNS::GlobalOptionConfig::apply_option] [bret=true] 
[2026-05-13 13:58:45.149][TRC][Px27308][Tx15541][GlobalOptionConfig.cpp][L67][MaaNS::ToolkitNS::GlobalOptionConfig::apply_option] | leave, 0ms 
[2026-05-13 13:58:45.149][TRC][Px27308][Tx15541][GlobalOptionConfig.cpp][L17][MaaNS::ToolkitNS::GlobalOptionConfig::init] | leave, 0ms 
[2026-05-13 14:00:17.175][DBG][Px27308][Tx3113][Logger] ----------------------------- 
[2026-05-13 14:00:17.175][DBG][Px27308][Tx3113][Logger] Close log 
[2026-05-13 14:00:17.175][DBG][Px27308][Tx3113][Logger] ----------------------------- 
[2026-05-13 14:00:18.648][DBG][Px21896][Tx19157][Logger] ----------------------------- 
[2026-05-13 14:00:18.648][DBG][Px21896][Tx19157][Logger] MAA Process Start 
[2026-05-13 14:00:18.648][DBG][Px21896][Tx19157][Logger] Version v5.10.4 
[2026-05-13 14:00:18.648][DBG][Px21896][Tx19157][Logger] Built at May  3 2026 04:23:41 
[2026-05-13 14:00:18.648][DBG][Px21896][Tx19157][Logger] Windows x64 
[2026-05-13 14:00:18.648][DBG][Px21896][Tx19157][Logger] Working E:/subject/one 
[2026-05-13 14:00:18.648][DBG][Px21896][Tx19157][Logger] Logging E:/subject/one/debug/maafw.log 
[2026-05-13 14:00:18.648][DBG][Px21896][Tx19157][Logger] ----------------------------- 
[2026-05-13 14:00:18.648][TRC][Px21896][Tx19157][OptionMgr.cpp][L35][MaaNS::GlobalNS::OptionMgr::set_log_dir] | leave, 0ms 
[2026-05-13 14:00:18.648][TRC][Px21896][Tx19157][OptionMgr.cpp][L10][MaaNS::GlobalNS::OptionMgr::set_option] | leave, 0ms 
[2026-05-13 14:00:18.648][TRC][Px21896][Tx19157][MaaFramework.cpp][L338][MaaGlobalSetOption] | leave, 0ms 
[2026-05-13 14:00:18.648][DBG][Px21896][Tx19157][MaaFramework.cpp][L338][MaaGlobalSetOption] [key=2] [value=true] [val_size=1] | enter 
[2026-05-13 14:00:18.648][DBG][Px21896][Tx19157][OptionMgr.cpp][L10][MaaNS::GlobalNS::OptionMgr::set_option] [key=2] [value=true] [val_size=1] | enter 
[2026-05-13 14:00:18.648][DBG][Px21896][Tx19157][OptionMgr.cpp][L49][MaaNS::GlobalNS::OptionMgr::set_save_draw] | enter 
[2026-05-13 14:00:18.648][INF][Px21896][Tx19157][OptionMgr.cpp][L58][MaaNS::GlobalNS::OptionMgr::set_save_draw] Set save draw [save_draw_=false] 
[2026-05-13 14:00:18.648][TRC][Px21896][Tx19157][OptionMgr.cpp][L49][MaaNS::GlobalNS::OptionMgr::set_save_draw] | leave, 0ms 
[2026-05-13 14:00:18.648][TRC][Px21896][Tx19157][OptionMgr.cpp][L10][MaaNS::GlobalNS::OptionMgr::set_option] | leave, 0ms 
[2026-05-13 14:00:18.648][TRC][Px21896][Tx19157][MaaFramework.cpp][L338][MaaGlobalSetOption] | leave, 0ms 
[2026-05-13 14:00:18.648][DBG][Px21896][Tx19157][MaaFramework.cpp][L338][MaaGlobalSetOption] [key=7] [value=true] [val_size=1] | enter 
[2026-05-13 14:00:18.649][DBG][Px21896][Tx19157][OptionMgr.cpp][L10][MaaNS::GlobalNS::OptionMgr::set_option] [key=7] [value=true] [val_size=1] | enter 
[2026-05-13 14:00:18.649][DBG][Px21896][Tx19157][OptionMgr.cpp][L99][MaaNS::GlobalNS::OptionMgr::set_save_on_error] | enter 
[2026-05-13 14:00:18.649][INF][Px21896][Tx19157][OptionMgr.cpp][L108][MaaNS::GlobalNS::OptionMgr::set_save_on_error] Set save on error [save_on_error_=true] 
[2026-05-13 14:00:18.649][TRC][Px21896][Tx19157][OptionMgr.cpp][L99][MaaNS::GlobalNS::OptionMgr::set_save_on_error] | leave, 0ms 
[2026-05-13 14:00:18.649][TRC][Px21896][Tx19157][OptionMgr.cpp][L10][MaaNS::GlobalNS::OptionMgr::set_option] | leave, 0ms 
[2026-05-13 14:00:18.649][TRC][Px21896][Tx19157][MaaFramework.cpp][L338][MaaGlobalSetOption] | leave, 0ms 
[2026-05-13 14:00:18.649][DBG][Px21896][Tx19157][MaaFramework.cpp][L338][MaaGlobalSetOption] [key=4] [value=true] [val_size=4] | enter 
[2026-05-13 14:00:18.649][DBG][Px21896][Tx19157][OptionMgr.cpp][L10][MaaNS::GlobalNS::OptionMgr::set_option] [key=4] [value=true] [val_size=4] | enter 
[2026-05-13 14:00:18.649][DBG][Px21896][Tx19157][OptionMgr.cpp][L65][MaaNS::GlobalNS::OptionMgr::set_stdout_level] | enter 
[2026-05-13 14:00:18.649][INF][Px21896][Tx19157][OptionMgr.cpp][L74][MaaNS::GlobalNS::OptionMgr::set_stdout_level] Set log stdout level [level=2] 
[2026-05-13 14:00:18.649][TRC][Px21896][Tx19157][OptionMgr.cpp][L65][MaaNS::GlobalNS::OptionMgr::set_stdout_level] | leave, 0ms 
[2026-05-13 14:00:18.649][TRC][Px21896][Tx19157][OptionMgr.cpp][L10][MaaNS::GlobalNS::OptionMgr::set_option] | leave, 0ms 
[2026-05-13 14:00:18.649][TRC][Px21896][Tx19157][MaaFramework.cpp][L338][MaaGlobalSetOption] | leave, 0ms 
[2026-05-13 14:00:18.649][DBG][Px21896][Tx19157][MaaFramework.cpp][L338][MaaGlobalSetOption] [key=8] [value=true] [val_size=4] | enter 
[2026-05-13 14:00:18.649][DBG][Px21896][Tx19157][OptionMgr.cpp][L10][MaaNS::GlobalNS::OptionMgr::set_option] [key=8] [value=true] [val_size=4] | enter 
[2026-05-13 14:00:18.649][DBG][Px21896][Tx19157][OptionMgr.cpp][L115][MaaNS::GlobalNS::OptionMgr::set_draw_quality] | enter 
[2026-05-13 14:00:18.649][INF][Px21896][Tx19157][OptionMgr.cpp][L130][MaaNS::GlobalNS::OptionMgr::set_draw_quality] Set draw quality [draw_quality_=85] 
[2026-05-13 14:00:18.649][TRC][Px21896][Tx19157][OptionMgr.cpp][L115][MaaNS::GlobalNS::OptionMgr::set_draw_quality] | leave, 0ms 
[2026-05-13 14:00:18.649][TRC][Px21896][Tx19157][OptionMgr.cpp][L10][MaaNS::GlobalNS::OptionMgr::set_option] | leave, 0ms 
[2026-05-13 14:00:18.649][TRC][Px21896][Tx19157][MaaFramework.cpp][L338][MaaGlobalSetOption] | leave, 0ms 
[2026-05-13 14:00:18.649][DBG][Px21896][Tx19157][GlobalOptionConfig.cpp][L83][MaaNS::ToolkitNS::GlobalOptionConfig::apply_option] [bret=true] 
[2026-05-13 14:00:18.649][TRC][Px21896][Tx19157][GlobalOptionConfig.cpp][L67][MaaNS::ToolkitNS::GlobalOptionConfig::apply_option] | leave, 1ms 
[2026-05-13 14:00:18.649][TRC][Px21896][Tx19157][GlobalOptionConfig.cpp][L17][MaaNS::ToolkitNS::GlobalOptionConfig::init] | leave, 1ms 
[2026-05-13 14:01:29.293][DBG][Px21896][Tx61680][Logger] ----------------------------- 
[2026-05-13 14:01:29.293][DBG][Px21896][Tx61680][Logger] Close log 
[2026-05-13 14:01:29.293][DBG][Px21896][Tx61680][Logger] ----------------------------- 
[2026-05-13 14:01:33.876][DBG][Px12544][Tx16733][Logger] ----------------------------- 
[2026-05-13 14:01:33.876][DBG][Px12544][Tx16733][Logger] MAA Process Start 
[2026-05-13 14:01:33.876][DBG][Px12544][Tx16733][Logger] Version v5.10.4 
[2026-05-13 14:01:33.877][DBG][Px12544][Tx16733][Logger] Built at May  3 2026 04:23:41 
[2026-05-13 14:01:33.877][DBG][Px12544][Tx16733][Logger] Windows x64 
[2026-05-13 14:01:33.877][DBG][Px12544][Tx16733][Logger] Working E:/subject/one 
[2026-05-13 14:01:33.877][DBG][Px12544][Tx16733][Logger] Logging E:/subject/one/debug/maafw.log 
[2026-05-13 14:01:33.877][DBG][Px12544][Tx16733][Logger] ----------------------------- 
[2026-05-13 14:01:33.877][TRC][Px12544][Tx16733][OptionMgr.cpp][L35][MaaNS::GlobalNS::OptionMgr::set_log_dir] | leave, 0ms 
[2026-05-13 14:01:33.877][TRC][Px12544][Tx16733][OptionMgr.cpp][L10][MaaNS::GlobalNS::OptionMgr::set_option] | leave, 0ms 
[2026-05-13 14:01:33.877][TRC][Px12544][Tx16733][MaaFramework.cpp][L338][MaaGlobalSetOption] | leave, 0ms 
[2026-05-13 14:01:33.877][DBG][Px12544][Tx16733][MaaFramework.cpp][L338][MaaGlobalSetOption] [key=2] [value=true] [val_size=1] | enter 
[2026-05-13 14:01:33.877][DBG][Px12544][Tx16733][OptionMgr.cpp][L10][MaaNS::GlobalNS::OptionMgr::set_option] [key=2] [value=true] [val_size=1] | enter 
[2026-05-13 14:01:33.877][DBG][Px12544][Tx16733][OptionMgr.cpp][L49][MaaNS::GlobalNS::OptionMgr::set_save_draw] | enter 
[2026-05-13 14:01:33.877][INF][Px12544][Tx16733][OptionMgr.cpp][L58][MaaNS::GlobalNS::OptionMgr::set_save_draw] Set save draw [save_draw_=false] 
[2026-05-13 14:01:33.877][TRC][Px12544][Tx16733][OptionMgr.cpp][L49][MaaNS::GlobalNS::OptionMgr::set_save_draw] | leave, 0ms 
[2026-05-13 14:01:33.877][TRC][Px12544][Tx16733][OptionMgr.cpp][L10][MaaNS::GlobalNS::OptionMgr::set_option] | leave, 0ms 
[2026-05-13 14:01:33.877][TRC][Px12544][Tx16733][MaaFramework.cpp][L338][MaaGlobalSetOption] | leave, 0ms 
[2026-05-13 14:01:33.877][DBG][Px12544][Tx16733][MaaFramework.cpp][L338][MaaGlobalSetOption] [key=7] [value=true] [val_size=1] | enter 
[2026-05-13 14:01:33.877][DBG][Px12544][Tx16733][OptionMgr.cpp][L10][MaaNS::GlobalNS::OptionMgr::set_option] [key=7] [value=true] [val_size=1] | enter 
[2026-05-13 14:01:33.877][DBG][Px12544][Tx16733][OptionMgr.cpp][L99][MaaNS::GlobalNS::OptionMgr::set_save_on_error] | enter 
[2026-05-13 14:01:33.877][INF][Px12544][Tx16733][OptionMgr.cpp][L108][MaaNS::GlobalNS::OptionMgr::set_save_on_error] Set save on error [save_on_error_=true] 
[2026-05-13 14:01:33.877][TRC][Px12544][Tx16733][OptionMgr.cpp][L99][MaaNS::GlobalNS::OptionMgr::set_save_on_error] | leave, 0ms 
[2026-05-13 14:01:33.877][TRC][Px12544][Tx16733][OptionMgr.cpp][L10][MaaNS::GlobalNS::OptionMgr::set_option] | leave, 0ms 
[2026-05-13 14:01:33.877][TRC][Px12544][Tx16733][MaaFramework.cpp][L338][MaaGlobalSetOption] | leave, 0ms 
[2026-05-13 14:01:33.877][DBG][Px12544][Tx16733][MaaFramework.cpp][L338][MaaGlobalSetOption] [key=4] [value=true] [val_size=4] | enter 
[2026-05-13 14:01:33.877][DBG][Px12544][Tx16733][OptionMgr.cpp][L10][MaaNS::GlobalNS::OptionMgr::set_option] [key=4] [value=true] [val_size=4] | enter 
[2026-05-13 14:01:33.877][DBG][Px12544][Tx16733][OptionMgr.cpp][L65][MaaNS::GlobalNS::OptionMgr::set_stdout_level] | enter 
[2026-05-13 14:01:33.877][INF][Px12544][Tx16733][OptionMgr.cpp][L74][MaaNS::GlobalNS::OptionMgr::set_stdout_level] Set log stdout level [level=2] 
[2026-05-13 14:01:33.877][TRC][Px12544][Tx16733][OptionMgr.cpp][L65][MaaNS::GlobalNS::OptionMgr::set_stdout_level] | leave, 0ms 
[2026-05-13 14:01:33.877][TRC][Px12544][Tx16733][OptionMgr.cpp][L10][MaaNS::GlobalNS::OptionMgr::set_option] | leave, 0ms 
[2026-05-13 14:01:33.877][TRC][Px12544][Tx16733][MaaFramework.cpp][L338][MaaGlobalSetOption] | leave, 0ms 
[2026-05-13 14:01:33.877][DBG][Px12544][Tx16733][MaaFramework.cpp][L338][MaaGlobalSetOption] [key=8] [value=true] [val_size=4] | enter 
[2026-05-13 14:01:33.877][DBG][Px12544][Tx16733][OptionMgr.cpp][L10][MaaNS::GlobalNS::OptionMgr::set_option] [key=8] [value=true] [val_size=4] | enter 
[2026-05-13 14:01:33.877][DBG][Px12544][Tx16733][OptionMgr.cpp][L115][MaaNS::GlobalNS::OptionMgr::set_draw_quality] | enter 
[2026-05-13 14:01:33.877][INF][Px12544][Tx16733][OptionMgr.cpp][L130][MaaNS::GlobalNS::OptionMgr::set_draw_quality] Set draw quality [draw_quality_=85] 
[2026-05-13 14:01:33.877][TRC][Px12544][Tx16733][OptionMgr.cpp][L115][MaaNS::GlobalNS::OptionMgr::set_draw_quality] | leave, 0ms 
[2026-05-13 14:01:33.877][TRC][Px12544][Tx16733][OptionMgr.cpp][L10][MaaNS::GlobalNS::OptionMgr::set_option] | leave, 0ms 
[2026-05-13 14:01:33.877][TRC][Px12544][Tx16733][MaaFramework.cpp][L338][MaaGlobalSetOption] | leave, 0ms 
[2026-05-13 14:01:33.877][DBG][Px12544][Tx16733][GlobalOptionConfig.cpp][L83][MaaNS::ToolkitNS::GlobalOptionConfig::apply_option] [bret=true] 
[2026-05-13 14:01:33.877][TRC][Px12544][Tx16733][GlobalOptionConfig.cpp][L67][MaaNS::ToolkitNS::GlobalOptionConfig::apply_option] | leave, 0ms 
[2026-05-13 14:01:33.877][TRC][Px12544][Tx16733][GlobalOptionConfig.cpp][L17][MaaNS::ToolkitNS::GlobalOptionConfig::init] | leave, 1ms 
[2026-05-13 14:01:39.900][DBG][Px12544][Tx13767][DesktopWindowWin32Finder.cpp][L13][MaaNS::ToolkitNS::DesktopWindowWin32Finder::find_all] | enter 
[2026-05-13 14:01:39.901][TRC][Px12544][Tx13767][DesktopWindowWin32Finder.cpp][L13][MaaNS::ToolkitNS::DesktopWindowWin32Finder::find_all] | leave, 0ms 
[2026-05-13 14:01:44.371][DBG][Px12544][Tx13767][DesktopWindowWin32Finder.cpp][L13][MaaNS::ToolkitNS::DesktopWindowWin32Finder::find_all] | enter 
[2026-05-13 14:01:44.372][TRC][Px12544][Tx13767][DesktopWindowWin32Finder.cpp][L13][MaaNS::ToolkitNS::DesktopWindowWin32Finder::find_all] | leave, 0ms 
[2026-05-13 14:04:03.326][DBG][Px12544][Tx3669][Logger] ----------------------------- 
[2026-05-13 14:04:03.326][DBG][Px12544][Tx3669][Logger] Close log 
[2026-05-13 14:04:03.326][DBG][Px12544][Tx3669][Logger] ----------------------------- 
[2026-05-13 14:04:04.719][DBG][Px24720][Tx56448][Logger] ----------------------------- 
[2026-05-13 14:04:04.719][DBG][Px24720][Tx56448][Logger] MAA Process Start 
[2026-05-13 14:04:04.719][DBG][Px24720][Tx56448][Logger] Version v5.10.4 
[2026-05-13 14:04:04.719][DBG][Px24720][Tx56448][Logger] Built at May  3 2026 04:23:41 
[2026-05-13 14:04:04.719][DBG][Px24720][Tx56448][Logger] Windows x64 
[2026-05-13 14:04:04.719][DBG][Px24720][Tx56448][Logger] Working E:/subject/one 
[2026-05-13 14:04:04.719][DBG][Px24720][Tx56448][Logger] Logging E:/subject/one/debug/maafw.log 
[2026-05-13 14:04:04.719][DBG][Px24720][Tx56448][Logger] ----------------------------- 
[2026-05-13 14:04:04.719][TRC][Px24720][Tx56448][OptionMgr.cpp][L35][MaaNS::GlobalNS::OptionMgr::set_log_dir] | leave, 0ms 
[2026-05-13 14:04:04.719][TRC][Px24720][Tx56448][OptionMgr.cpp][L10][MaaNS::GlobalNS::OptionMgr::set_option] | leave, 0ms 
[2026-05-13 14:04:04.719][TRC][Px24720][Tx56448][MaaFramework.cpp][L338][MaaGlobalSetOption] | leave, 0ms 
[2026-05-13 14:04:04.719][DBG][Px24720][Tx56448][MaaFramework.cpp][L338][MaaGlobalSetOption] [key=2] [value=true] [val_size=1] | enter 
[2026-05-13 14:04:04.719][DBG][Px24720][Tx56448][OptionMgr.cpp][L10][MaaNS::GlobalNS::OptionMgr::set_option] [key=2] [value=true] [val_size=1] | enter 
[2026-05-13 14:04:04.719][DBG][Px24720][Tx56448][OptionMgr.cpp][L49][MaaNS::GlobalNS::OptionMgr::set_save_draw] | enter 
[2026-05-13 14:04:04.719][INF][Px24720][Tx56448][OptionMgr.cpp][L58][MaaNS::GlobalNS::OptionMgr::set_save_draw] Set save draw [save_draw_=false] 
[2026-05-13 14:04:04.719][TRC][Px24720][Tx56448][OptionMgr.cpp][L49][MaaNS::GlobalNS::OptionMgr::set_save_draw] | leave, 0ms 
[2026-05-13 14:04:04.719][TRC][Px24720][Tx56448][OptionMgr.cpp][L10][MaaNS::GlobalNS::OptionMgr::set_option] | leave, 0ms 
[2026-05-13 14:04:04.719][TRC][Px24720][Tx56448][MaaFramework.cpp][L338][MaaGlobalSetOption] | leave, 0ms 
[2026-05-13 14:04:04.719][DBG][Px24720][Tx56448][MaaFramework.cpp][L338][MaaGlobalSetOption] [key=7] [value=true] [val_size=1] | enter 
[2026-05-13 14:04:04.719][DBG][Px24720][Tx56448][OptionMgr.cpp][L10][MaaNS::GlobalNS::OptionMgr::set_option] [key=7] [value=true] [val_size=1] | enter 
[2026-05-13 14:04:04.719][DBG][Px24720][Tx56448][OptionMgr.cpp][L99][MaaNS::GlobalNS::OptionMgr::set_save_on_error] | enter 
[2026-05-13 14:04:04.719][INF][Px24720][Tx56448][OptionMgr.cpp][L108][MaaNS::GlobalNS::OptionMgr::set_save_on_error] Set save on error [save_on_error_=true] 
[2026-05-13 14:04:04.720][TRC][Px24720][Tx56448][OptionMgr.cpp][L99][MaaNS::GlobalNS::OptionMgr::set_save_on_error] | leave, 0ms 
[2026-05-13 14:04:04.720][TRC][Px24720][Tx56448][OptionMgr.cpp][L10][MaaNS::GlobalNS::OptionMgr::set_option] | leave, 0ms 
[2026-05-13 14:04:04.720][TRC][Px24720][Tx56448][MaaFramework.cpp][L338][MaaGlobalSetOption] | leave, 0ms 
[2026-05-13 14:04:04.720][DBG][Px24720][Tx56448][MaaFramework.cpp][L338][MaaGlobalSetOption] [key=4] [value=true] [val_size=4] | enter 
[2026-05-13 14:04:04.720][DBG][Px24720][Tx56448][OptionMgr.cpp][L10][MaaNS::GlobalNS::OptionMgr::set_option] [key=4] [value=true] [val_size=4] | enter 
[2026-05-13 14:04:04.720][DBG][Px24720][Tx56448][OptionMgr.cpp][L65][MaaNS::GlobalNS::OptionMgr::set_stdout_level] | enter 
[2026-05-13 14:04:04.720][INF][Px24720][Tx56448][OptionMgr.cpp][L74][MaaNS::GlobalNS::OptionMgr::set_stdout_level] Set log stdout level [level=2] 
[2026-05-13 14:04:04.720][TRC][Px24720][Tx56448][OptionMgr.cpp][L65][MaaNS::GlobalNS::OptionMgr::set_stdout_level] | leave, 0ms 
[2026-05-13 14:04:04.720][TRC][Px24720][Tx56448][OptionMgr.cpp][L10][MaaNS::GlobalNS::OptionMgr::set_option] | leave, 0ms 
[2026-05-13 14:04:04.720][TRC][Px24720][Tx56448][MaaFramework.cpp][L338][MaaGlobalSetOption] | leave, 0ms 
[2026-05-13 14:04:04.720][DBG][Px24720][Tx56448][MaaFramework.cpp][L338][MaaGlobalSetOption] [key=8] [value=true] [val_size=4] | enter 
[2026-05-13 14:04:04.720][DBG][Px24720][Tx56448][OptionMgr.cpp][L10][MaaNS::GlobalNS::OptionMgr::set_option] [key=8] [value=true] [val_size=4] | enter 
[2026-05-13 14:04:04.720][DBG][Px24720][Tx56448][OptionMgr.cpp][L115][MaaNS::GlobalNS::OptionMgr::set_draw_quality] | enter 
[2026-05-13 14:04:04.720][INF][Px24720][Tx56448][OptionMgr.cpp][L130][MaaNS::GlobalNS::OptionMgr::set_draw_quality] Set draw quality [draw_quality_=85] 
[2026-05-13 14:04:04.720][TRC][Px24720][Tx56448][OptionMgr.cpp][L115][MaaNS::GlobalNS::OptionMgr::set_draw_quality] | leave, 0ms 
[2026-05-13 14:04:04.720][TRC][Px24720][Tx56448][OptionMgr.cpp][L10][MaaNS::GlobalNS::OptionMgr::set_option] | leave, 0ms 
[2026-05-13 14:04:04.720][TRC][Px24720][Tx56448][MaaFramework.cpp][L338][MaaGlobalSetOption] | leave, 0ms 
[2026-05-13 14:04:04.720][DBG][Px24720][Tx56448][GlobalOptionConfig.cpp][L83][MaaNS::ToolkitNS::GlobalOptionConfig::apply_option] [bret=true] 
[2026-05-13 14:04:04.720][TRC][Px24720][Tx56448][GlobalOptionConfig.cpp][L67][MaaNS::ToolkitNS::GlobalOptionConfig::apply_option] | leave, 0ms 
[2026-05-13 14:04:04.720][TRC][Px24720][Tx56448][GlobalOptionConfig.cpp][L17][MaaNS::ToolkitNS::GlobalOptionConfig::init] | leave, 1ms 
[2026-05-13 14:04:07.312][DBG][Px24720][Tx19365][DesktopWindowWin32Finder.cpp][L13][MaaNS::ToolkitNS::DesktopWindowWin32Finder::find_all] | enter 
[2026-05-13 14:04:07.313][TRC][Px24720][Tx19365][DesktopWindowWin32Finder.cpp][L13][MaaNS::ToolkitNS::DesktopWindowWin32Finder::find_all] | leave, 0ms 
[2026-05-13 14:04:39.216][DBG][Px24720][Tx58561][Logger] ----------------------------- 
[2026-05-13 14:04:39.216][DBG][Px24720][Tx58561][Logger] Close log 
[2026-05-13 14:04:39.216][DBG][Px24720][Tx58561][Logger] ----------------------------- 
[2026-05-13 14:30:14.521][DBG][Px25960][Tx61428][Logger] ----------------------------- 
[2026-05-13 14:30:14.521][DBG][Px25960][Tx61428][Logger] MAA Process Start 
[2026-05-13 14:30:14.521][DBG][Px25960][Tx61428][Logger] Version v5.10.4 
[2026-05-13 14:30:14.521][DBG][Px25960][Tx61428][Logger] Built at May  3 2026 04:23:41 
[2026-05-13 14:30:14.521][DBG][Px25960][Tx61428][Logger] Windows x64 
[2026-05-13 14:30:14.521][DBG][Px25960][Tx61428][Logger] Working E:/subject/one 
[2026-05-13 14:30:14.521][DBG][Px25960][Tx61428][Logger] Logging E:/subject/one/debug/maafw.log 
[2026-05-13 14:30:14.521][DBG][Px25960][Tx61428][Logger] ----------------------------- 
[2026-05-13 14:30:14.521][TRC][Px25960][Tx61428][OptionMgr.cpp][L35][MaaNS::GlobalNS::OptionMgr::set_log_dir] | leave, 0ms 
[2026-05-13 14:30:14.521][TRC][Px25960][Tx61428][OptionMgr.cpp][L10][MaaNS::GlobalNS::OptionMgr::set_option] | leave, 0ms 
[2026-05-13 14:30:14.521][TRC][Px25960][Tx61428][MaaFramework.cpp][L338][MaaGlobalSetOption] | leave, 0ms 
[2026-05-13 14:30:14.521][DBG][Px25960][Tx61428][MaaFramework.cpp][L338][MaaGlobalSetOption] [key=2] [value=true] [val_size=1] | enter 
[2026-05-13 14:30:14.521][DBG][Px25960][Tx61428][OptionMgr.cpp][L10][MaaNS::GlobalNS::OptionMgr::set_option] [key=2] [value=true] [val_size=1] | enter 
[2026-05-13 14:30:14.521][DBG][Px25960][Tx61428][OptionMgr.cpp][L49][MaaNS::GlobalNS::OptionMgr::set_save_draw] | enter 
[2026-05-13 14:30:14.521][INF][Px25960][Tx61428][OptionMgr.cpp][L58][MaaNS::GlobalNS::OptionMgr::set_save_draw] Set save draw [save_draw_=false] 
[2026-05-13 14:30:14.521][TRC][Px25960][Tx61428][OptionMgr.cpp][L49][MaaNS::GlobalNS::OptionMgr::set_save_draw] | leave, 0ms 
[2026-05-13 14:30:14.521][TRC][Px25960][Tx61428][OptionMgr.cpp][L10][MaaNS::GlobalNS::OptionMgr::set_option] | leave, 0ms 
[2026-05-13 14:30:14.521][TRC][Px25960][Tx61428][MaaFramework.cpp][L338][MaaGlobalSetOption] | leave, 0ms 
[2026-05-13 14:30:14.521][DBG][Px25960][Tx61428][MaaFramework.cpp][L338][MaaGlobalSetOption] [key=7] [value=true] [val_size=1] | enter 
[2026-05-13 14:30:14.521][DBG][Px25960][Tx61428][OptionMgr.cpp][L10][MaaNS::GlobalNS::OptionMgr::set_option] [key=7] [value=true] [val_size=1] | enter 
[2026-05-13 14:30:14.521][DBG][Px25960][Tx61428][OptionMgr.cpp][L99][MaaNS::GlobalNS::OptionMgr::set_save_on_error] | enter 
[2026-05-13 14:30:14.521][INF][Px25960][Tx61428][OptionMgr.cpp][L108][MaaNS::GlobalNS::OptionMgr::set_save_on_error] Set save on error [save_on_error_=true] 
[2026-05-13 14:30:14.521][TRC][Px25960][Tx61428][OptionMgr.cpp][L99][MaaNS::GlobalNS::OptionMgr::set_save_on_error] | leave, 0ms 
[2026-05-13 14:30:14.521][TRC][Px25960][Tx61428][OptionMgr.cpp][L10][MaaNS::GlobalNS::OptionMgr::set_option] | leave, 0ms 
[2026-05-13 14:30:14.521][TRC][Px25960][Tx61428][MaaFramework.cpp][L338][MaaGlobalSetOption] | leave, 0ms 
[2026-05-13 14:30:14.521][DBG][Px25960][Tx61428][MaaFramework.cpp][L338][MaaGlobalSetOption] [key=4] [value=true] [val_size=4] | enter 
[2026-05-13 14:30:14.521][DBG][Px25960][Tx61428][OptionMgr.cpp][L10][MaaNS::GlobalNS::OptionMgr::set_option] [key=4] [value=true] [val_size=4] | enter 
[2026-05-13 14:30:14.521][DBG][Px25960][Tx61428][OptionMgr.cpp][L65][MaaNS::GlobalNS::OptionMgr::set_stdout_level] | enter 
[2026-05-13 14:30:14.521][INF][Px25960][Tx61428][OptionMgr.cpp][L74][MaaNS::GlobalNS::OptionMgr::set_stdout_level] Set log stdout level [level=2] 
[2026-05-13 14:30:14.521][TRC][Px25960][Tx61428][OptionMgr.cpp][L65][MaaNS::GlobalNS::OptionMgr::set_stdout_level] | leave, 0ms 
[2026-05-13 14:30:14.521][TRC][Px25960][Tx61428][OptionMgr.cpp][L10][MaaNS::GlobalNS::OptionMgr::set_option] | leave, 0ms 
[2026-05-13 14:30:14.521][TRC][Px25960][Tx61428][MaaFramework.cpp][L338][MaaGlobalSetOption] | leave, 0ms 
[2026-05-13 14:30:14.521][DBG][Px25960][Tx61428][MaaFramework.cpp][L338][MaaGlobalSetOption] [key=8] [value=true] [val_size=4] | enter 
[2026-05-13 14:30:14.521][DBG][Px25960][Tx61428][OptionMgr.cpp][L10][MaaNS::GlobalNS::OptionMgr::set_option] [key=8] [value=true] [val_size=4] | enter 
[2026-05-13 14:30:14.521][DBG][Px25960][Tx61428][OptionMgr.cpp][L115][MaaNS::GlobalNS::OptionMgr::set_draw_quality] | enter 
[2026-05-13 14:30:14.521][INF][Px25960][Tx61428][OptionMgr.cpp][L130][MaaNS::GlobalNS::OptionMgr::set_draw_quality] Set draw quality [draw_quality_=85] 
[2026-05-13 14:30:14.521][TRC][Px25960][Tx61428][OptionMgr.cpp][L115][MaaNS::GlobalNS::OptionMgr::set_draw_quality] | leave, 0ms 
[2026-05-13 14:30:14.521][TRC][Px25960][Tx61428][OptionMgr.cpp][L10][MaaNS::GlobalNS::OptionMgr::set_option] | leave, 0ms 
[2026-05-13 14:30:14.521][TRC][Px25960][Tx61428][MaaFramework.cpp][L338][MaaGlobalSetOption] | leave, 0ms 
[2026-05-13 14:30:14.521][DBG][Px25960][Tx61428][GlobalOptionConfig.cpp][L83][MaaNS::ToolkitNS::GlobalOptionConfig::apply_option] [bret=true] 
[2026-05-13 14:30:14.522][TRC][Px25960][Tx61428][GlobalOptionConfig.cpp][L67][MaaNS::ToolkitNS::GlobalOptionConfig::apply_option] | leave, 1ms 
[2026-05-13 14:30:14.522][TRC][Px25960][Tx61428][GlobalOptionConfig.cpp][L17][MaaNS::ToolkitNS::GlobalOptionConfig::init] | leave, 1ms 
[2026-05-13 14:30:14.522][DBG][Px25960][Tx61428][DesktopWindowWin32Finder.cpp][L13][MaaNS::ToolkitNS::DesktopWindowWin32Finder::find_all] | enter 
[2026-05-13 14:30:14.522][TRC][Px25960][Tx61428][DesktopWindowWin32Finder.cpp][L13][MaaNS::ToolkitNS::DesktopWindowWin32Finder::find_all] | leave, 0ms 
[2026-05-13 14:30:14.535][DBG][Px25960][Tx61428][Logger] ----------------------------- 
[2026-05-13 14:30:14.535][DBG][Px25960][Tx61428][Logger] Close log 
[2026-05-13 14:30:14.535][DBG][Px25960][Tx61428][Logger] ----------------------------- 
[2026-05-13 14:31:37.564][DBG][Px4796][Tx63216][Logger] ----------------------------- 
[2026-05-13 14:31:37.564][DBG][Px4796][Tx63216][Logger] MAA Process Start 
[2026-05-13 14:31:37.564][DBG][Px4796][Tx63216][Logger] Version v5.10.4 
[2026-05-13 14:31:37.564][DBG][Px4796][Tx63216][Logger] Built at May  3 2026 04:23:41 
[2026-05-13 14:31:37.564][DBG][Px4796][Tx63216][Logger] Windows x64 
[2026-05-13 14:31:37.564][DBG][Px4796][Tx63216][Logger] Working E:/subject/one 
[2026-05-13 14:31:37.564][DBG][Px4796][Tx63216][Logger] Logging E:/subject/one/debug/maafw.log 
[2026-05-13 14:31:37.564][DBG][Px4796][Tx63216][Logger] ----------------------------- 
[2026-05-13 14:31:37.564][TRC][Px4796][Tx63216][OptionMgr.cpp][L35][MaaNS::GlobalNS::OptionMgr::set_log_dir] | leave, 0ms 
[2026-05-13 14:31:37.564][TRC][Px4796][Tx63216][OptionMgr.cpp][L10][MaaNS::GlobalNS::OptionMgr::set_option] | leave, 0ms 
[2026-05-13 14:31:37.564][TRC][Px4796][Tx63216][MaaFramework.cpp][L338][MaaGlobalSetOption] | leave, 0ms 
[2026-05-13 14:31:37.564][DBG][Px4796][Tx63216][MaaFramework.cpp][L338][MaaGlobalSetOption] [key=2] [value=true] [val_size=1] | enter 
[2026-05-13 14:31:37.565][DBG][Px4796][Tx63216][OptionMgr.cpp][L10][MaaNS::GlobalNS::OptionMgr::set_option] [key=2] [value=true] [val_size=1] | enter 
[2026-05-13 14:31:37.565][DBG][Px4796][Tx63216][OptionMgr.cpp][L49][MaaNS::GlobalNS::OptionMgr::set_save_draw] | enter 
[2026-05-13 14:31:37.565][INF][Px4796][Tx63216][OptionMgr.cpp][L58][MaaNS::GlobalNS::OptionMgr::set_save_draw] Set save draw [save_draw_=false] 
[2026-05-13 14:31:37.565][TRC][Px4796][Tx63216][OptionMgr.cpp][L49][MaaNS::GlobalNS::OptionMgr::set_save_draw] | leave, 0ms 
[2026-05-13 14:31:37.565][TRC][Px4796][Tx63216][OptionMgr.cpp][L10][MaaNS::GlobalNS::OptionMgr::set_option] | leave, 0ms 
[2026-05-13 14:31:37.565][TRC][Px4796][Tx63216][MaaFramework.cpp][L338][MaaGlobalSetOption] | leave, 0ms 
[2026-05-13 14:31:37.565][DBG][Px4796][Tx63216][MaaFramework.cpp][L338][MaaGlobalSetOption] [key=7] [value=true] [val_size=1] | enter 
[2026-05-13 14:31:37.565][DBG][Px4796][Tx63216][OptionMgr.cpp][L10][MaaNS::GlobalNS::OptionMgr::set_option] [key=7] [value=true] [val_size=1] | enter 
[2026-05-13 14:31:37.565][DBG][Px4796][Tx63216][OptionMgr.cpp][L99][MaaNS::GlobalNS::OptionMgr::set_save_on_error] | enter 
[2026-05-13 14:31:37.565][INF][Px4796][Tx63216][OptionMgr.cpp][L108][MaaNS::GlobalNS::OptionMgr::set_save_on_error] Set save on error [save_on_error_=true] 
[2026-05-13 14:31:37.565][TRC][Px4796][Tx63216][OptionMgr.cpp][L99][MaaNS::GlobalNS::OptionMgr::set_save_on_error] | leave, 0ms 
[2026-05-13 14:31:37.565][TRC][Px4796][Tx63216][OptionMgr.cpp][L10][MaaNS::GlobalNS::OptionMgr::set_option] | leave, 0ms 
[2026-05-13 14:31:37.565][TRC][Px4796][Tx63216][MaaFramework.cpp][L338][MaaGlobalSetOption] | leave, 0ms 
[2026-05-13 14:31:37.565][DBG][Px4796][Tx63216][MaaFramework.cpp][L338][MaaGlobalSetOption] [key=4] [value=true] [val_size=4] | enter 
[2026-05-13 14:31:37.565][DBG][Px4796][Tx63216][OptionMgr.cpp][L10][MaaNS::GlobalNS::OptionMgr::set_option] [key=4] [value=true] [val_size=4] | enter 
[2026-05-13 14:31:37.565][DBG][Px4796][Tx63216][OptionMgr.cpp][L65][MaaNS::GlobalNS::OptionMgr::set_stdout_level] | enter 
[2026-05-13 14:31:37.565][INF][Px4796][Tx63216][OptionMgr.cpp][L74][MaaNS::GlobalNS::OptionMgr::set_stdout_level] Set log stdout level [level=2] 
[2026-05-13 14:31:37.565][TRC][Px4796][Tx63216][OptionMgr.cpp][L65][MaaNS::GlobalNS::OptionMgr::set_stdout_level] | leave, 0ms 
[2026-05-13 14:31:37.565][TRC][Px4796][Tx63216][OptionMgr.cpp][L10][MaaNS::GlobalNS::OptionMgr::set_option] | leave, 0ms 
[2026-05-13 14:31:37.565][TRC][Px4796][Tx63216][MaaFramework.cpp][L338][MaaGlobalSetOption] | leave, 0ms 
[2026-05-13 14:31:37.565][DBG][Px4796][Tx63216][MaaFramework.cpp][L338][MaaGlobalSetOption] [key=8] [value=true] [val_size=4] | enter 
[2026-05-13 14:31:37.565][DBG][Px4796][Tx63216][OptionMgr.cpp][L10][MaaNS::GlobalNS::OptionMgr::set_option] [key=8] [value=true] [val_size=4] | enter 
[2026-05-13 14:31:37.565][DBG][Px4796][Tx63216][OptionMgr.cpp][L115][MaaNS::GlobalNS::OptionMgr::set_draw_quality] | enter 
[2026-05-13 14:31:37.565][INF][Px4796][Tx63216][OptionMgr.cpp][L130][MaaNS::GlobalNS::OptionMgr::set_draw_quality] Set draw quality [draw_quality_=85] 
[2026-05-13 14:31:37.565][TRC][Px4796][Tx63216][OptionMgr.cpp][L115][MaaNS::GlobalNS::OptionMgr::set_draw_quality] | leave, 0ms 
[2026-05-13 14:31:37.565][TRC][Px4796][Tx63216][OptionMgr.cpp][L10][MaaNS::GlobalNS::OptionMgr::set_option] | leave, 0ms 
[2026-05-13 14:31:37.565][TRC][Px4796][Tx63216][MaaFramework.cpp][L338][MaaGlobalSetOption] | leave, 0ms 
[2026-05-13 14:31:37.565][DBG][Px4796][Tx63216][GlobalOptionConfig.cpp][L83][MaaNS::ToolkitNS::GlobalOptionConfig::apply_option] [bret=true] 
[2026-05-13 14:31:37.565][TRC][Px4796][Tx63216][GlobalOptionConfig.cpp][L67][MaaNS::ToolkitNS::GlobalOptionConfig::apply_option] | leave, 0ms 
[2026-05-13 14:31:37.565][TRC][Px4796][Tx63216][GlobalOptionConfig.cpp][L17][MaaNS::ToolkitNS::GlobalOptionConfig::init] | leave, 1ms 
[2026-05-13 14:31:37.565][DBG][Px4796][Tx63216][DesktopWindowWin32Finder.cpp][L13][MaaNS::ToolkitNS::DesktopWindowWin32Finder::find_all] | enter 
[2026-05-13 14:31:37.565][TRC][Px4796][Tx63216][DesktopWindowWin32Finder.cpp][L13][MaaNS::ToolkitNS::DesktopWindowWin32Finder::find_all] | leave, 0ms 
[2026-05-13 14:31:37.580][DBG][Px4796][Tx63216][Logger] ----------------------------- 
[2026-05-13 14:31:37.580][DBG][Px4796][Tx63216][Logger] Close log 
[2026-05-13 14:31:37.580][DBG][Px4796][Tx63216][Logger] ----------------------------- 
[2026-05-13 14:31:47.119][DBG][Px24184][Tx53479][Logger] ----------------------------- 
[2026-05-13 14:31:47.120][DBG][Px24184][Tx53479][Logger] MAA Process Start 
[2026-05-13 14:31:47.120][DBG][Px24184][Tx53479][Logger] Version v5.10.4 
[2026-05-13 14:31:47.120][DBG][Px24184][Tx53479][Logger] Built at May  3 2026 04:23:41 
[2026-05-13 14:31:47.120][DBG][Px24184][Tx53479][Logger] Windows x64 
[2026-05-13 14:31:47.120][DBG][Px24184][Tx53479][Logger] Working E:/subject/one 
[2026-05-13 14:31:47.120][DBG][Px24184][Tx53479][Logger] Logging E:/subject/one/debug/maafw.log 
[2026-05-13 14:31:47.120][DBG][Px24184][Tx53479][Logger] ----------------------------- 
[2026-05-13 14:31:47.120][TRC][Px24184][Tx53479][OptionMgr.cpp][L35][MaaNS::GlobalNS::OptionMgr::set_log_dir] | leave, 0ms 
[2026-05-13 14:31:47.120][TRC][Px24184][Tx53479][OptionMgr.cpp][L10][MaaNS::GlobalNS::OptionMgr::set_option] | leave, 0ms 
[2026-05-13 14:31:47.120][TRC][Px24184][Tx53479][MaaFramework.cpp][L338][MaaGlobalSetOption] | leave, 0ms 
[2026-05-13 14:31:47.120][DBG][Px24184][Tx53479][MaaFramework.cpp][L338][MaaGlobalSetOption] [key=2] [value=true] [val_size=1] | enter 
[2026-05-13 14:31:47.120][DBG][Px24184][Tx53479][OptionMgr.cpp][L10][MaaNS::GlobalNS::OptionMgr::set_option] [key=2] [value=true] [val_size=1] | enter 
[2026-05-13 14:31:47.120][DBG][Px24184][Tx53479][OptionMgr.cpp][L49][MaaNS::GlobalNS::OptionMgr::set_save_draw] | enter 
[2026-05-13 14:31:47.120][INF][Px24184][Tx53479][OptionMgr.cpp][L58][MaaNS::GlobalNS::OptionMgr::set_save_draw] Set save draw [save_draw_=false] 
[2026-05-13 14:31:47.120][TRC][Px24184][Tx53479][OptionMgr.cpp][L49][MaaNS::GlobalNS::OptionMgr::set_save_draw] | leave, 0ms 
[2026-05-13 14:31:47.120][TRC][Px24184][Tx53479][OptionMgr.cpp][L10][MaaNS::GlobalNS::OptionMgr::set_option] | leave, 0ms 
[2026-05-13 14:31:47.120][TRC][Px24184][Tx53479][MaaFramework.cpp][L338][MaaGlobalSetOption] | leave, 0ms 
[2026-05-13 14:31:47.120][DBG][Px24184][Tx53479][MaaFramework.cpp][L338][MaaGlobalSetOption] [key=7] [value=true] [val_size=1] | enter 
[2026-05-13 14:31:47.120][DBG][Px24184][Tx53479][OptionMgr.cpp][L10][MaaNS::GlobalNS::OptionMgr::set_option] [key=7] [value=true] [val_size=1] | enter 
[2026-05-13 14:31:47.120][DBG][Px24184][Tx53479][OptionMgr.cpp][L99][MaaNS::GlobalNS::OptionMgr::set_save_on_error] | enter 
[2026-05-13 14:31:47.120][INF][Px24184][Tx53479][OptionMgr.cpp][L108][MaaNS::GlobalNS::OptionMgr::set_save_on_error] Set save on error [save_on_error_=true] 
[2026-05-13 14:31:47.120][TRC][Px24184][Tx53479][OptionMgr.cpp][L99][MaaNS::GlobalNS::OptionMgr::set_save_on_error] | leave, 0ms 
[2026-05-13 14:31:47.120][TRC][Px24184][Tx53479][OptionMgr.cpp][L10][MaaNS::GlobalNS::OptionMgr::set_option] | leave, 0ms 
[2026-05-13 14:31:47.120][TRC][Px24184][Tx53479][MaaFramework.cpp][L338][MaaGlobalSetOption] | leave, 0ms 
[2026-05-13 14:31:47.120][DBG][Px24184][Tx53479][MaaFramework.cpp][L338][MaaGlobalSetOption] [key=4] [value=true] [val_size=4] | enter 
[2026-05-13 14:31:47.120][DBG][Px24184][Tx53479][OptionMgr.cpp][L10][MaaNS::GlobalNS::OptionMgr::set_option] [key=4] [value=true] [val_size=4] | enter 
[2026-05-13 14:31:47.120][DBG][Px24184][Tx53479][OptionMgr.cpp][L65][MaaNS::GlobalNS::OptionMgr::set_stdout_level] | enter 
[2026-05-13 14:31:47.120][INF][Px24184][Tx53479][OptionMgr.cpp][L74][MaaNS::GlobalNS::OptionMgr::set_stdout_level] Set log stdout level [level=2] 
[2026-05-13 14:31:47.120][TRC][Px24184][Tx53479][OptionMgr.cpp][L65][MaaNS::GlobalNS::OptionMgr::set_stdout_level] | leave, 0ms 
[2026-05-13 14:31:47.120][TRC][Px24184][Tx53479][OptionMgr.cpp][L10][MaaNS::GlobalNS::OptionMgr::set_option] | leave, 0ms 
[2026-05-13 14:31:47.120][TRC][Px24184][Tx53479][MaaFramework.cpp][L338][MaaGlobalSetOption] | leave, 0ms 
[2026-05-13 14:31:47.120][DBG][Px24184][Tx53479][MaaFramework.cpp][L338][MaaGlobalSetOption] [key=8] [value=true] [val_size=4] | enter 
[2026-05-13 14:31:47.120][DBG][Px24184][Tx53479][OptionMgr.cpp][L10][MaaNS::GlobalNS::OptionMgr::set_option] [key=8] [value=true] [val_size=4] | enter 
[2026-05-13 14:31:47.120][DBG][Px24184][Tx53479][OptionMgr.cpp][L115][MaaNS::GlobalNS::OptionMgr::set_draw_quality] | enter 
[2026-05-13 14:31:47.120][INF][Px24184][Tx53479][OptionMgr.cpp][L130][MaaNS::GlobalNS::OptionMgr::set_draw_quality] Set draw quality [draw_quality_=85] 
[2026-05-13 14:31:47.120][TRC][Px24184][Tx53479][OptionMgr.cpp][L115][MaaNS::GlobalNS::OptionMgr::set_draw_quality] | leave, 0ms 
[2026-05-13 14:31:47.120][TRC][Px24184][Tx53479][OptionMgr.cpp][L10][MaaNS::GlobalNS::OptionMgr::set_option] | leave, 0ms 
[2026-05-13 14:31:47.120][TRC][Px24184][Tx53479][MaaFramework.cpp][L338][MaaGlobalSetOption] | leave, 0ms 
[2026-05-13 14:31:47.120][DBG][Px24184][Tx53479][GlobalOptionConfig.cpp][L83][MaaNS::ToolkitNS::GlobalOptionConfig::apply_option] [bret=true] 
[2026-05-13 14:31:47.120][TRC][Px24184][Tx53479][GlobalOptionConfig.cpp][L67][MaaNS::ToolkitNS::GlobalOptionConfig::apply_option] | leave, 0ms 
[2026-05-13 14:31:47.120][TRC][Px24184][Tx53479][GlobalOptionConfig.cpp][L17][MaaNS::ToolkitNS::GlobalOptionConfig::init] | leave, 1ms 
[2026-05-13 14:31:47.120][DBG][Px24184][Tx53479][DesktopWindowWin32Finder.cpp][L13][MaaNS::ToolkitNS::DesktopWindowWin32Finder::find_all] | enter 
[2026-05-13 14:31:47.120][TRC][Px24184][Tx53479][DesktopWindowWin32Finder.cpp][L13][MaaNS::ToolkitNS::DesktopWindowWin32Finder::find_all] | leave, 0ms 
[2026-05-13 14:31:47.132][DBG][Px24184][Tx53479][Logger] ----------------------------- 
[2026-05-13 14:31:47.132][DBG][Px24184][Tx53479][Logger] Close log 
[2026-05-13 14:31:47.133][DBG][Px24184][Tx53479][Logger] ----------------------------- 
[2026-05-13 14:33:38.203][DBG][Px26484][Tx53244][Logger] ----------------------------- 
[2026-05-13 14:33:38.203][DBG][Px26484][Tx53244][Logger] MAA Process Start 
[2026-05-13 14:33:38.203][DBG][Px26484][Tx53244][Logger] Version v5.10.4 
[2026-05-13 14:33:38.203][DBG][Px26484][Tx53244][Logger] Built at May  3 2026 04:23:41 
[2026-05-13 14:33:38.203][DBG][Px26484][Tx53244][Logger] Windows x64 
[2026-05-13 14:33:38.204][DBG][Px26484][Tx53244][Logger] Working E:/subject/one 
[2026-05-13 14:33:38.204][DBG][Px26484][Tx53244][Logger] Logging E:/subject/one/debug/maafw.log 
[2026-05-13 14:33:38.204][DBG][Px26484][Tx53244][Logger] ----------------------------- 
[2026-05-13 14:33:38.204][TRC][Px26484][Tx53244][OptionMgr.cpp][L35][MaaNS::GlobalNS::OptionMgr::set_log_dir] | leave, 0ms 
[2026-05-13 14:33:38.204][TRC][Px26484][Tx53244][OptionMgr.cpp][L10][MaaNS::GlobalNS::OptionMgr::set_option] | leave, 0ms 
[2026-05-13 14:33:38.204][TRC][Px26484][Tx53244][MaaFramework.cpp][L338][MaaGlobalSetOption] | leave, 0ms 
[2026-05-13 14:33:38.204][DBG][Px26484][Tx53244][MaaFramework.cpp][L338][MaaGlobalSetOption] [key=2] [value=true] [val_size=1] | enter 
[2026-05-13 14:33:38.204][DBG][Px26484][Tx53244][OptionMgr.cpp][L10][MaaNS::GlobalNS::OptionMgr::set_option] [key=2] [value=true] [val_size=1] | enter 
[2026-05-13 14:33:38.204][DBG][Px26484][Tx53244][OptionMgr.cpp][L49][MaaNS::GlobalNS::OptionMgr::set_save_draw] | enter 
[2026-05-13 14:33:38.204][INF][Px26484][Tx53244][OptionMgr.cpp][L58][MaaNS::GlobalNS::OptionMgr::set_save_draw] Set save draw [save_draw_=false] 
[2026-05-13 14:33:38.204][TRC][Px26484][Tx53244][OptionMgr.cpp][L49][MaaNS::GlobalNS::OptionMgr::set_save_draw] | leave, 0ms 
[2026-05-13 14:33:38.204][TRC][Px26484][Tx53244][OptionMgr.cpp][L10][MaaNS::GlobalNS::OptionMgr::set_option] | leave, 0ms 
[2026-05-13 14:33:38.204][TRC][Px26484][Tx53244][MaaFramework.cpp][L338][MaaGlobalSetOption] | leave, 0ms 
[2026-05-13 14:33:38.204][DBG][Px26484][Tx53244][MaaFramework.cpp][L338][MaaGlobalSetOption] [key=7] [value=true] [val_size=1] | enter 
[2026-05-13 14:33:38.204][DBG][Px26484][Tx53244][OptionMgr.cpp][L10][MaaNS::GlobalNS::OptionMgr::set_option] [key=7] [value=true] [val_size=1] | enter 
[2026-05-13 14:33:38.204][DBG][Px26484][Tx53244][OptionMgr.cpp][L99][MaaNS::GlobalNS::OptionMgr::set_save_on_error] | enter 
[2026-05-13 14:33:38.204][INF][Px26484][Tx53244][OptionMgr.cpp][L108][MaaNS::GlobalNS::OptionMgr::set_save_on_error] Set save on error [save_on_error_=true] 
[2026-05-13 14:33:38.204][TRC][Px26484][Tx53244][OptionMgr.cpp][L99][MaaNS::GlobalNS::OptionMgr::set_save_on_error] | leave, 0ms 
[2026-05-13 14:33:38.204][TRC][Px26484][Tx53244][OptionMgr.cpp][L10][MaaNS::GlobalNS::OptionMgr::set_option] | leave, 0ms 
[2026-05-13 14:33:38.204][TRC][Px26484][Tx53244][MaaFramework.cpp][L338][MaaGlobalSetOption] | leave, 0ms 
[2026-05-13 14:33:38.204][DBG][Px26484][Tx53244][MaaFramework.cpp][L338][MaaGlobalSetOption] [key=4] [value=true] [val_size=4] | enter 
[2026-05-13 14:33:38.204][DBG][Px26484][Tx53244][OptionMgr.cpp][L10][MaaNS::GlobalNS::OptionMgr::set_option] [key=4] [value=true] [val_size=4] | enter 
[2026-05-13 14:33:38.204][DBG][Px26484][Tx53244][OptionMgr.cpp][L65][MaaNS::GlobalNS::OptionMgr::set_stdout_level] | enter 
[2026-05-13 14:33:38.204][INF][Px26484][Tx53244][OptionMgr.cpp][L74][MaaNS::GlobalNS::OptionMgr::set_stdout_level] Set log stdout level [level=2] 
[2026-05-13 14:33:38.204][TRC][Px26484][Tx53244][OptionMgr.cpp][L65][MaaNS::GlobalNS::OptionMgr::set_stdout_level] | leave, 0ms 
[2026-05-13 14:33:38.204][TRC][Px26484][Tx53244][OptionMgr.cpp][L10][MaaNS::GlobalNS::OptionMgr::set_option] | leave, 0ms 
[2026-05-13 14:33:38.204][TRC][Px26484][Tx53244][MaaFramework.cpp][L338][MaaGlobalSetOption] | leave, 0ms 
[2026-05-13 14:33:38.204][DBG][Px26484][Tx53244][MaaFramework.cpp][L338][MaaGlobalSetOption] [key=8] [value=true] [val_size=4] | enter 
[2026-05-13 14:33:38.204][DBG][Px26484][Tx53244][OptionMgr.cpp][L10][MaaNS::GlobalNS::OptionMgr::set_option] [key=8] [value=true] [val_size=4] | enter 
[2026-05-13 14:33:38.204][DBG][Px26484][Tx53244][OptionMgr.cpp][L115][MaaNS::GlobalNS::OptionMgr::set_draw_quality] | enter 
[2026-05-13 14:33:38.204][INF][Px26484][Tx53244][OptionMgr.cpp][L130][MaaNS::GlobalNS::OptionMgr::set_draw_quality] Set draw quality [draw_quality_=85] 
[2026-05-13 14:33:38.204][TRC][Px26484][Tx53244][OptionMgr.cpp][L115][MaaNS::GlobalNS::OptionMgr::set_draw_quality] | leave, 0ms 
[2026-05-13 14:33:38.204][TRC][Px26484][Tx53244][OptionMgr.cpp][L10][MaaNS::GlobalNS::OptionMgr::set_option] | leave, 0ms 
[2026-05-13 14:33:38.204][TRC][Px26484][Tx53244][MaaFramework.cpp][L338][MaaGlobalSetOption] | leave, 0ms 
[2026-05-13 14:33:38.204][DBG][Px26484][Tx53244][GlobalOptionConfig.cpp][L83][MaaNS::ToolkitNS::GlobalOptionConfig::apply_option] [bret=true] 
[2026-05-13 14:33:38.204][TRC][Px26484][Tx53244][GlobalOptionConfig.cpp][L67][MaaNS::ToolkitNS::GlobalOptionConfig::apply_option] | leave, 1ms 
[2026-05-13 14:33:38.204][TRC][Px26484][Tx53244][GlobalOptionConfig.cpp][L17][MaaNS::ToolkitNS::GlobalOptionConfig::init] | leave, 1ms 
[2026-05-13 14:33:38.204][DBG][Px26484][Tx53244][DesktopWindowWin32Finder.cpp][L13][MaaNS::ToolkitNS::DesktopWindowWin32Finder::find_all] | enter 
[2026-05-13 14:33:38.204][TRC][Px26484][Tx53244][DesktopWindowWin32Finder.cpp][L13][MaaNS::ToolkitNS::DesktopWindowWin32Finder::find_all] | leave, 0ms 
[2026-05-13 14:33:38.208][DBG][Px26484][Tx53244][MaaFramework.cpp][L319][MaaTaskerCreate] | enter 
[2026-05-13 14:33:38.209][DBG][Px26484][Tx53244][Tasker.cpp][L20][MaaNS::Tasker::Tasker] | enter 
[2026-05-13 14:33:38.209][INF][Px26484][Tx53244][Tasker.cpp][L23][MaaNS::Tasker::Tasker] [plugin_mgr.get_names()=["E:/subject/one/MaaFramework/bin/plugins/MaaPluginDemo.dll"]] 
[2026-05-13 14:33:38.209][INF][Px26484][Tx53244][Utils/EventDispatcher.hpp][L37][MaaNS::EventDispatcher::add_sink] [callback=true] [trans_arg=true] 
[2026-05-13 14:33:38.209][TRC][Px26484][Tx53244][Tasker.cpp][L20][MaaNS::Tasker::Tasker] | leave, 0ms 
[2026-05-13 14:33:38.209][TRC][Px26484][Tx53244][MaaFramework.cpp][L319][MaaTaskerCreate] | leave, 0ms 
[2026-05-13 14:33:38.209][DBG][Px26484][Tx53244][MaaFramework.cpp][L54][MaaWin32ControllerCreate] [hWnd=true] [screencap_method=16] [mouse_method=4] [keyboard_method=4] | enter 
[2026-05-13 14:33:38.210][DBG][Px26484][Tx53244][MaaUtils/LibraryHolder.h][L49][MaaNS::LibraryHolder<class MaaNS::Win32ControlUnitLibraryHolder>::load_library] [libname=E:/subject/one/MaaFramework/bin/MaaWin32ControlUnit] | enter 
[2026-05-13 14:33:38.210][INF][Px26484][Tx53244][MaaUtils/LibraryHolder.h][L65][MaaNS::LibraryHolder<class MaaNS::Win32ControlUnitLibraryHolder>::load_library] Loading library [libname=E:/subject/one/MaaFramework/bin/MaaWin32ControlUnit] 
[2026-05-13 14:33:38.213][TRC][Px26484][Tx53244][MaaUtils/LibraryHolder.h][L49][MaaNS::LibraryHolder<class MaaNS::Win32ControlUnitLibraryHolder>::load_library] | leave, 3ms 
[2026-05-13 14:33:38.213][DBG][Px26484][Tx53244][MaaUtils/LibraryHolder.h][L113][MaaNS::LibraryHolder<class MaaNS::Win32ControlUnitLibraryHolder>::get_function] [func_name=MaaWin32ControlUnitGetVersion] | enter 
[2026-05-13 14:33:38.213][TRC][Px26484][Tx53244][MaaUtils/LibraryHolder.h][L113][MaaNS::LibraryHolder<class MaaNS::Win32ControlUnitLibraryHolder>::get_function] | leave, 0ms 
[2026-05-13 14:33:38.213][INF][Px26484][Tx53244][ControlUnit.cpp][L30][MaaNS::check_version] class MaaNS::Win32ControlUnitLibraryHolder Library version: v5.10.4 
[2026-05-13 14:33:38.213][DBG][Px26484][Tx53244][MaaUtils/LibraryHolder.h][L113][MaaNS::LibraryHolder<class MaaNS::Win32ControlUnitLibraryHolder>::get_function] [func_name=MaaWin32ControlUnitCreate] | enter 
[2026-05-13 14:33:38.213][TRC][Px26484][Tx53244][MaaUtils/LibraryHolder.h][L113][MaaNS::LibraryHolder<class MaaNS::Win32ControlUnitLibraryHolder>::get_function] | leave, 0ms 
[2026-05-13 14:33:38.213][DBG][Px26484][Tx53244][MaaUtils/LibraryHolder.h][L113][MaaNS::LibraryHolder<class MaaNS::Win32ControlUnitLibraryHolder>::get_function] [func_name=MaaWin32ControlUnitDestroy] | enter 
[2026-05-13 14:33:38.213][TRC][Px26484][Tx53244][MaaUtils/LibraryHolder.h][L113][MaaNS::LibraryHolder<class MaaNS::Win32ControlUnitLibraryHolder>::get_function] | leave, 0ms 
[2026-05-13 14:33:38.213][DBG][Px26484][Tx53244][Win32ControlUnitAPI.cpp][L23][MaaWin32ControlUnitCreate] [hWnd=true] [screencap_method=16] [mouse_method=4] [keyboard_method=4] | enter 
[2026-05-13 14:33:38.213][TRC][Px26484][Tx53244][Win32ControlUnitAPI.cpp][L23][MaaWin32ControlUnitCreate] | leave, 0ms 
[2026-05-13 14:33:38.214][DBG][Px26484][Tx53244][ControllerAgent.cpp][L15][MaaNS::ControllerNS::ControllerAgent::ControllerAgent] [control_unit_=000001F7E20B1210] | enter 
[2026-05-13 14:33:38.214][INF][Px26484][Tx53244][ControllerAgent.cpp][L18][MaaNS::ControllerNS::ControllerAgent::ControllerAgent] [plugin_mgr.get_names()=["E:/subject/one/MaaFramework/bin/plugins/MaaPluginDemo.dll"]] 
[2026-05-13 14:33:38.214][INF][Px26484][Tx53244][Utils/EventDispatcher.hpp][L37][MaaNS::EventDispatcher::add_sink] [callback=true] [trans_arg=true] 
[2026-05-13 14:33:38.214][TRC][Px26484][Tx53244][ControllerAgent.cpp][L15][MaaNS::ControllerNS::ControllerAgent::ControllerAgent] | leave, 0ms 
[2026-05-13 14:33:38.214][TRC][Px26484][Tx53244][MaaFramework.cpp][L54][MaaWin32ControllerCreate] | leave, 4ms 
[2026-05-13 14:33:38.214][DBG][Px26484][Tx53244][MaaTasker.cpp][L106][MaaTaskerBindController] [tasker=true] [ctrl=true] | enter 
[2026-05-13 14:33:38.214][INF][Px26484][Tx53244][Tasker.cpp][L59][MaaNS::Tasker::bind_controller] [this=true] [controller=true] [derived=true] [controller_=false] 
[2026-05-13 14:33:38.214][TRC][Px26484][Tx53244][MaaTasker.cpp][L106][MaaTaskerBindController] | leave, 0ms 
[2026-05-13 14:33:38.214][DBG][Px26484][Tx53244][MaaFramework.cpp][L300][MaaResourceCreate] | enter 
[2026-05-13 14:33:38.214][DBG][Px26484][Tx53244][OCRResMgr.cpp][L15][MaaNS::ResourceNS::OCRResMgr::OCRResMgr] | enter 
[2026-05-13 14:33:38.214][TRC][Px26484][Tx53244][OCRResMgr.cpp][L15][MaaNS::ResourceNS::OCRResMgr::OCRResMgr] | leave, 0ms 
[2026-05-13 14:33:38.297][DBG][Px26484][Tx53244][ResourceMgr.cpp][L18][MaaNS::ResourceNS::ResourceMgr::ResourceMgr] | enter 
[2026-05-13 14:33:38.297][INF][Px26484][Tx53244][ResourceMgr.cpp][L21][MaaNS::ResourceNS::ResourceMgr::ResourceMgr] [plugin_mgr.get_names()=["E:/subject/one/MaaFramework/bin/plugins/MaaPluginDemo.dll"]] 
[2026-05-13 14:33:38.297][INF][Px26484][Tx53244][Utils/EventDispatcher.hpp][L37][MaaNS::EventDispatcher::add_sink] [callback=true] [trans_arg=true] 
[2026-05-13 14:33:38.297][TRC][Px26484][Tx53244][ResourceMgr.cpp][L18][MaaNS::ResourceNS::ResourceMgr::ResourceMgr] | leave, 0ms 
[2026-05-13 14:33:38.298][TRC][Px26484][Tx53244][MaaFramework.cpp][L300][MaaResourceCreate] | leave, 83ms 
[2026-05-13 14:33:38.298][DBG][Px26484][Tx53244][MaaResource.cpp][L124][MaaResourcePostBundle] [res=true] [path=E:\subject\one\resource] | enter 
[2026-05-13 14:33:38.298][INF][Px26484][Tx53244][ResourceMgr.cpp][L75][MaaNS::ResourceNS::ResourceMgr::post_path] [static_cast<int>(type)=0] [path=E:/subject/one/resource] 
[2026-05-13 14:33:38.298][TRC][Px26484][Tx53244][MaaResource.cpp][L124][MaaResourcePostBundle] | leave, 0ms 
[2026-05-13 14:33:38.298][DBG][Px26484][Tx61289][ResourceMgr.cpp][L595][MaaNS::ResourceNS::ResourceMgr::run_load] [id=100000001] [static_cast<int>(item.type)=0] [item.path=E:/subject/one/resource] | enter 
[2026-05-13 14:33:38.298][INF][Px26484][Tx61289][Utils/EventDispatcher.hpp][L65][MaaNS::EventDispatcher::notify] !!!OnEventNotify!!! [handle=true] [msg=Resource.Loading.Starting] [details={"hash":"","path":"E:/subject/one/resource","res_id":100000001,"type":"Bundle"}] 
[2026-05-13 14:33:38.298][INF][Px26484][Tx61289][ResourceMgr.cpp][L372][MaaNS::ResourceNS::ResourceMgr::available_providers] [all_providers_vec=["DmlExecutionProvider","CPUExecutionProvider"]] 
[2026-05-13 14:33:38.298][INF][Px26484][Tx61289][ResourceMgr.cpp][L400][MaaNS::ResourceNS::ResourceMgr::available_providers] [s_provider_cache=[2,1]] 
[2026-05-13 14:33:38.298][TRC][Px26484][Tx61289][GpuOptionWin32.cpp][L137][MaaNS::perfer_gpu] 
[2026-05-13 14:33:38.302][INF][Px26484][Tx61289][GpuOptionWin32.cpp][L188][MaaNS::perfer_gpu] [adapter_index=0] [adapter_desc=NVIDIA GeForce RTX 4070 Ti] 
[2026-05-13 14:33:38.439][TRC][Px26484][Tx61289][GpuOptionWin32.cpp][L21][MaaNS::adapter_instance_path] 
[2026-05-13 14:33:38.439][DBG][Px26484][Tx61289][GpuOptionWin32.cpp][L48][MaaNS::adapter_instance_path] [result=PCI\VEN_10DE&DEV_2782&SUBSYS_E1301462&REV_A1\4&1bcd7285&0&0008] 
[2026-05-13 14:33:38.439][TRC][Px26484][Tx61289][GpuOptionWin32.cpp][L54][MaaNS::gpu_driver_date] 
[2026-05-13 14:33:38.439][DBG][Px26484][Tx61289][GpuOptionWin32.cpp][L83][MaaNS::gpu_driver_date] [system_time.wYear=2024] [system_time.wMonth=8] [system_time.wDay=14] 
[2026-05-13 14:33:38.439][TRC][Px26484][Tx61289][GpuOptionWin32.cpp][L89][MaaNS::is_indirect_display_adapter] 
[2026-05-13 14:33:38.439][DBG][Px26484][Tx61289][GpuOptionWin32.cpp][L114][MaaNS::is_indirect_display_adapter] RegQueryValueExW 1 failed [ret=2] [type=0] [size=0] 
[2026-05-13 14:33:38.439][INF][Px26484][Tx61289][GpuOptionWin32.cpp][L232][MaaNS::perfer_gpu] available gpu found [adapter_index=0] [adapter_desc=] [desc.DedicatedVideoMemory=12578717696] 
[2026-05-13 14:33:38.439][INF][Px26484][Tx61289][GpuOptionWin32.cpp][L188][MaaNS::perfer_gpu] [adapter_index=1] [adapter_desc=NVIDIA GeForce RTX 4070 Ti] 
[2026-05-13 14:33:38.491][TRC][Px26484][Tx61289][GpuOptionWin32.cpp][L21][MaaNS::adapter_instance_path] 
[2026-05-13 14:33:38.491][DBG][Px26484][Tx61289][GpuOptionWin32.cpp][L48][MaaNS::adapter_instance_path] [result=ROOT\DISPLAY\0002] 
[2026-05-13 14:33:38.491][TRC][Px26484][Tx61289][GpuOptionWin32.cpp][L54][MaaNS::gpu_driver_date] 
[2026-05-13 14:33:38.492][DBG][Px26484][Tx61289][GpuOptionWin32.cpp][L83][MaaNS::gpu_driver_date] [system_time.wYear=2021] [system_time.wMonth=8] [system_time.wDay=31] 
[2026-05-13 14:33:38.492][TRC][Px26484][Tx61289][GpuOptionWin32.cpp][L89][MaaNS::is_indirect_display_adapter] 
[2026-05-13 14:33:38.492][DBG][Px26484][Tx61289][GpuOptionWin32.cpp][L131][MaaNS::is_indirect_display_adapter] [value=IndirectKmd ] [sub_key=SYSTEM\CurrentControlSet\Enum\ROOT\DISPLAY\0002] [indirect=true] 
[2026-05-13 14:33:38.492][WRN][Px26484][Tx61289][GpuOptionWin32.cpp][L223][MaaNS::perfer_gpu] virtual adapters (streaming/RDP), skip [adapter_index=1] [adapter_desc=NVIDIA GeForce RTX 4070 Ti] [instance_path=ROOT\DISPLAY\0002] 
[2026-05-13 14:33:38.492][INF][Px26484][Tx61289][GpuOptionWin32.cpp][L188][MaaNS::perfer_gpu] [adapter_index=2] [adapter_desc=NVIDIA GeForce RTX 4070 Ti] 
[2026-05-13 14:33:38.545][TRC][Px26484][Tx61289][GpuOptionWin32.cpp][L21][MaaNS::adapter_instance_path] 
[2026-05-13 14:33:38.545][DBG][Px26484][Tx61289][GpuOptionWin32.cpp][L48][MaaNS::adapter_instance_path] [result=ROOT\DISPLAY\0001] 
[2026-05-13 14:33:38.545][TRC][Px26484][Tx61289][GpuOptionWin32.cpp][L54][MaaNS::gpu_driver_date] 
[2026-05-13 14:33:38.545][DBG][Px26484][Tx61289][GpuOptionWin32.cpp][L83][MaaNS::gpu_driver_date] [system_time.wYear=2026] [system_time.wMonth=2] [system_time.wDay=28] 
[2026-05-13 14:33:38.546][TRC][Px26484][Tx61289][GpuOptionWin32.cpp][L89][MaaNS::is_indirect_display_adapter] 
[2026-05-13 14:33:38.546][DBG][Px26484][Tx61289][GpuOptionWin32.cpp][L131][MaaNS::is_indirect_display_adapter] [value=IndirectKmd ] [sub_key=SYSTEM\CurrentControlSet\Enum\ROOT\DISPLAY\0001] [indirect=true] 
[2026-05-13 14:33:38.546][WRN][Px26484][Tx61289][GpuOptionWin32.cpp][L223][MaaNS::perfer_gpu] virtual adapters (streaming/RDP), skip [adapter_index=2] [adapter_desc=NVIDIA GeForce RTX 4070 Ti] [instance_path=ROOT\DISPLAY\0001] 
[2026-05-13 14:33:38.546][INF][Px26484][Tx61289][GpuOptionWin32.cpp][L188][MaaNS::perfer_gpu] [adapter_index=3] [adapter_desc=NVIDIA GeForce RTX 4070 Ti] 
[2026-05-13 14:33:38.602][TRC][Px26484][Tx61289][GpuOptionWin32.cpp][L21][MaaNS::adapter_instance_path] 
[2026-05-13 14:33:38.602][DBG][Px26484][Tx61289][GpuOptionWin32.cpp][L48][MaaNS::adapter_instance_path] [result=ROOT\DISPLAY\0000] 
[2026-05-13 14:33:38.602][TRC][Px26484][Tx61289][GpuOptionWin32.cpp][L54][MaaNS::gpu_driver_date] 
[2026-05-13 14:33:38.602][DBG][Px26484][Tx61289][GpuOptionWin32.cpp][L83][MaaNS::gpu_driver_date] [system_time.wYear=2023] [system_time.wMonth=4] [system_time.wDay=24] 
[2026-05-13 14:33:38.602][TRC][Px26484][Tx61289][GpuOptionWin32.cpp][L89][MaaNS::is_indirect_display_adapter] 
[2026-05-13 14:33:38.602][DBG][Px26484][Tx61289][GpuOptionWin32.cpp][L131][MaaNS::is_indirect_display_adapter] [value=IndirectKmd ] [sub_key=SYSTEM\CurrentControlSet\Enum\ROOT\DISPLAY\0000] [indirect=true] 
[2026-05-13 14:33:38.602][WRN][Px26484][Tx61289][GpuOptionWin32.cpp][L223][MaaNS::perfer_gpu] virtual adapters (streaming/RDP), skip [adapter_index=3] [adapter_desc=NVIDIA GeForce RTX 4070 Ti] [instance_path=ROOT\DISPLAY\0000] 
[2026-05-13 14:33:38.602][INF][Px26484][Tx61289][GpuOptionWin32.cpp][L188][MaaNS::perfer_gpu] [adapter_index=4] [adapter_desc=Microsoft Basic Render Driver] 
[2026-05-13 14:33:38.602][WRN][Px26484][Tx61289][GpuOptionWin32.cpp][L191][MaaNS::perfer_gpu] software adapter, skip [adapter_index=4] [adapter_desc=Microsoft Basic Render Driver] 
[2026-05-13 14:33:38.602][DBG][Px26484][Tx61289][GpuOptionWin32.cpp][L173][MaaNS::perfer_gpu] EnumAdapters1 DXGI_ERROR_NOT_FOUND [adapter_index=5] 
[2026-05-13 14:33:38.602][INF][Px26484][Tx61289][GpuOptionWin32.cpp][L251][MaaNS::perfer_gpu] Best gpu selected [best_gpu.adapter_index=0] [best_gpu.description=NVIDIA GeForce RTX 4070 Ti] [best_gpu.dedicated_video_memory=12578717696] 
[2026-05-13 14:33:38.606][INF][Px26484][Tx61289][ONNXResMgr.cpp][L69][MaaNS::ResourceNS::ONNXResMgr::use_directml] [device_id=0] 
[2026-05-13 14:33:38.876][INF][Px26484][Tx61289][ONNXResMgr.cpp][L82][MaaNS::ResourceNS::ONNXResMgr::use_directml] Using DML execution provider with device_id 0 
[2026-05-13 14:33:38.876][INF][Px26484][Tx61289][OCRResMgr.cpp][L42][MaaNS::ResourceNS::OCRResMgr::use_directml] [device_id=0] 
[2026-05-13 14:33:38.877][DBG][Px26484][Tx61289][ResourceMgr.cpp][L636][MaaNS::ResourceNS::ResourceMgr::load_bundle] [path=E:/subject/one/resource] | enter 
[2026-05-13 14:33:38.877][DBG][Px26484][Tx61289][PipelineResMgr.cpp][L15][MaaNS::ResourceNS::PipelineResMgr::load] [path=E:/subject/one/resource/pipeline] | enter 
[2026-05-13 14:33:38.878][DBG][Px26484][Tx61289][PipelineResMgr.cpp][L110][MaaNS::ResourceNS::PipelineResMgr::open_and_parse_file] [path=E:/subject/one/resource/pipeline/Startup.json] | enter 
[2026-05-13 14:33:38.878][DBG][Px26484][Tx61289][PipelineParser.cpp][L188][MaaNS::ResourceNS::PipelineParser::parse_node] [name=Startup] 
[2026-05-13 14:33:38.879][ERR][Px26484][Tx61289][PipelineParser.cpp][L80][MaaNS::ResourceNS::get_and_check_value_or_array] type error [key=key] [input={"action":"Key","key":"VK_ESCAPE","recognition":"DirectHit"}] 
[2026-05-13 14:33:38.879][ERR][Px26484][Tx61289][PipelineParser.cpp][L1380][MaaNS::ResourceNS::PipelineParser::parse_click_key] failed to get_and_check_value_or_array key [input={"action":"Key","key":"VK_ESCAPE","recognition":"DirectHit"}] 
[2026-05-13 14:33:38.880][ERR][Px26484][Tx61289][PipelineParser.cpp][L239][MaaNS::ResourceNS::PipelineParser::parse_node] failed to parse_action [input={"action":"Key","key":"VK_ESCAPE","recognition":"DirectHit"}] 
[2026-05-13 14:33:38.880][ERR][Px26484][Tx61289][PipelineResMgr.cpp][L192][MaaNS::ResourceNS::PipelineResMgr::parse_and_override_once] parse_task failed [key=Startup] [value={"action":"Key","key":"VK_ESCAPE","recognition":"DirectHit"}] 
[2026-05-13 14:33:38.880][ERR][Px26484][Tx61289][PipelineResMgr.cpp][L125][MaaNS::ResourceNS::PipelineResMgr::open_and_parse_file] parse_config failed [path=E:/subject/one/resource/pipeline/Startup.json] [json={"Startup":{"action":"Key","key":"VK_ESCAPE","recognition":"DirectHit"}}] 
[2026-05-13 14:33:38.880][TRC][Px26484][Tx61289][PipelineResMgr.cpp][L110][MaaNS::ResourceNS::PipelineResMgr::open_and_parse_file] | leave, 2ms 
[2026-05-13 14:33:38.880][ERR][Px26484][Tx61289][PipelineResMgr.cpp][L95][MaaNS::ResourceNS::PipelineResMgr::load_all_json] open_and_parse_file failed [entry_path=E:/subject/one/resource/pipeline/Startup.json] 
[2026-05-13 14:33:38.880][ERR][Px26484][Tx61289][PipelineResMgr.cpp][L18][MaaNS::ResourceNS::PipelineResMgr::load] load_all_json failed [path=E:/subject/one/resource/pipeline] 
[2026-05-13 14:33:38.880][TRC][Px26484][Tx61289][PipelineResMgr.cpp][L15][MaaNS::ResourceNS::PipelineResMgr::load] | leave, 3ms 
[2026-05-13 14:33:38.880][INF][Px26484][Tx61289][ResourceMgr.cpp][L681][MaaNS::ResourceNS::ResourceMgr::load_bundle] [path=E:/subject/one/resource] [ret=false] [to_load=true] 
[2026-05-13 14:33:38.880][TRC][Px26484][Tx61289][ResourceMgr.cpp][L636][MaaNS::ResourceNS::ResourceMgr::load_bundle] | leave, 3ms 
[2026-05-13 14:33:38.880][INF][Px26484][Tx61289][ResourceMgr.cpp][L217][MaaNS::ResourceNS::ResourceMgr::calc_hash] [hash_cache_=74bd39ccc13c4c5] 
[2026-05-13 14:33:38.880][INF][Px26484][Tx61289][Utils/EventDispatcher.hpp][L65][MaaNS::EventDispatcher::notify] !!!OnEventNotify!!! [handle=true] [msg=Resource.Loading.Failed] [details={"hash":"74bd39ccc13c4c5","path":"E:/subject/one/resource","res_id":100000001,"type":"Bundle"}] 
[2026-05-13 14:33:38.880][TRC][Px26484][Tx61289][ResourceMgr.cpp][L595][MaaNS::ResourceNS::ResourceMgr::run_load] | leave, 582ms 
[2026-05-13 14:33:38.881][DBG][Px26484][Tx53244][MaaTasker.cpp][L94][MaaTaskerBindResource] [tasker=true] [res=true] | enter 
[2026-05-13 14:33:38.881][INF][Px26484][Tx53244][Tasker.cpp][L44][MaaNS::Tasker::bind_resource] [this=true] [resource=true] [derived=true] [resource_=false] 
[2026-05-13 14:33:38.881][TRC][Px26484][Tx53244][MaaTasker.cpp][L94][MaaTaskerBindResource] | leave, 0ms 
[2026-05-13 14:33:38.930][DBG][Px26484][Tx53244][Logger] ----------------------------- 
[2026-05-13 14:33:38.930][DBG][Px26484][Tx53244][Logger] Close log 
[2026-05-13 14:33:38.930][DBG][Px26484][Tx53244][Logger] ----------------------------- 
[2026-05-13 14:34:58.996][DBG][Px27240][Tx80][Logger] ----------------------------- 
[2026-05-13 14:34:58.996][DBG][Px27240][Tx80][Logger] MAA Process Start 
[2026-05-13 14:34:58.996][DBG][Px27240][Tx80][Logger] Version v5.10.4 
[2026-05-13 14:34:58.996][DBG][Px27240][Tx80][Logger] Built at May  3 2026 04:23:41 
[2026-05-13 14:34:58.996][DBG][Px27240][Tx80][Logger] Windows x64 
[2026-05-13 14:34:58.996][DBG][Px27240][Tx80][Logger] Working E:/subject/one 
[2026-05-13 14:34:58.996][DBG][Px27240][Tx80][Logger] Logging E:/subject/one/debug/maafw.log 
[2026-05-13 14:34:58.996][DBG][Px27240][Tx80][Logger] ----------------------------- 
[2026-05-13 14:34:58.996][TRC][Px27240][Tx80][OptionMgr.cpp][L35][MaaNS::GlobalNS::OptionMgr::set_log_dir] | leave, 0ms 
[2026-05-13 14:34:58.996][TRC][Px27240][Tx80][OptionMgr.cpp][L10][MaaNS::GlobalNS::OptionMgr::set_option] | leave, 0ms 
[2026-05-13 14:34:58.996][TRC][Px27240][Tx80][MaaFramework.cpp][L338][MaaGlobalSetOption] | leave, 0ms 
[2026-05-13 14:34:58.996][DBG][Px27240][Tx80][MaaFramework.cpp][L338][MaaGlobalSetOption] [key=2] [value=true] [val_size=1] | enter 
[2026-05-13 14:34:58.996][DBG][Px27240][Tx80][OptionMgr.cpp][L10][MaaNS::GlobalNS::OptionMgr::set_option] [key=2] [value=true] [val_size=1] | enter 
[2026-05-13 14:34:58.996][DBG][Px27240][Tx80][OptionMgr.cpp][L49][MaaNS::GlobalNS::OptionMgr::set_save_draw] | enter 
[2026-05-13 14:34:58.996][INF][Px27240][Tx80][OptionMgr.cpp][L58][MaaNS::GlobalNS::OptionMgr::set_save_draw] Set save draw [save_draw_=false] 
[2026-05-13 14:34:58.996][TRC][Px27240][Tx80][OptionMgr.cpp][L49][MaaNS::GlobalNS::OptionMgr::set_save_draw] | leave, 0ms 
[2026-05-13 14:34:58.996][TRC][Px27240][Tx80][OptionMgr.cpp][L10][MaaNS::GlobalNS::OptionMgr::set_option] | leave, 0ms 
[2026-05-13 14:34:58.996][TRC][Px27240][Tx80][MaaFramework.cpp][L338][MaaGlobalSetOption] | leave, 0ms 
[2026-05-13 14:34:58.996][DBG][Px27240][Tx80][MaaFramework.cpp][L338][MaaGlobalSetOption] [key=7] [value=true] [val_size=1] | enter 
[2026-05-13 14:34:58.996][DBG][Px27240][Tx80][OptionMgr.cpp][L10][MaaNS::GlobalNS::OptionMgr::set_option] [key=7] [value=true] [val_size=1] | enter 
[2026-05-13 14:34:58.996][DBG][Px27240][Tx80][OptionMgr.cpp][L99][MaaNS::GlobalNS::OptionMgr::set_save_on_error] | enter 
[2026-05-13 14:34:58.996][INF][Px27240][Tx80][OptionMgr.cpp][L108][MaaNS::GlobalNS::OptionMgr::set_save_on_error] Set save on error [save_on_error_=true] 
[2026-05-13 14:34:58.996][TRC][Px27240][Tx80][OptionMgr.cpp][L99][MaaNS::GlobalNS::OptionMgr::set_save_on_error] | leave, 0ms 
[2026-05-13 14:34:58.996][TRC][Px27240][Tx80][OptionMgr.cpp][L10][MaaNS::GlobalNS::OptionMgr::set_option] | leave, 0ms 
[2026-05-13 14:34:58.996][TRC][Px27240][Tx80][MaaFramework.cpp][L338][MaaGlobalSetOption] | leave, 0ms 
[2026-05-13 14:34:58.996][DBG][Px27240][Tx80][MaaFramework.cpp][L338][MaaGlobalSetOption] [key=4] [value=true] [val_size=4] | enter 
[2026-05-13 14:34:58.996][DBG][Px27240][Tx80][OptionMgr.cpp][L10][MaaNS::GlobalNS::OptionMgr::set_option] [key=4] [value=true] [val_size=4] | enter 
[2026-05-13 14:34:58.996][DBG][Px27240][Tx80][OptionMgr.cpp][L65][MaaNS::GlobalNS::OptionMgr::set_stdout_level] | enter 
[2026-05-13 14:34:58.996][INF][Px27240][Tx80][OptionMgr.cpp][L74][MaaNS::GlobalNS::OptionMgr::set_stdout_level] Set log stdout level [level=2] 
[2026-05-13 14:34:58.996][TRC][Px27240][Tx80][OptionMgr.cpp][L65][MaaNS::GlobalNS::OptionMgr::set_stdout_level] | leave, 0ms 
[2026-05-13 14:34:58.996][TRC][Px27240][Tx80][OptionMgr.cpp][L10][MaaNS::GlobalNS::OptionMgr::set_option] | leave, 0ms 
[2026-05-13 14:34:58.996][TRC][Px27240][Tx80][MaaFramework.cpp][L338][MaaGlobalSetOption] | leave, 0ms 
[2026-05-13 14:34:58.996][DBG][Px27240][Tx80][MaaFramework.cpp][L338][MaaGlobalSetOption] [key=8] [value=true] [val_size=4] | enter 
[2026-05-13 14:34:58.996][DBG][Px27240][Tx80][OptionMgr.cpp][L10][MaaNS::GlobalNS::OptionMgr::set_option] [key=8] [value=true] [val_size=4] | enter 
[2026-05-13 14:34:58.996][DBG][Px27240][Tx80][OptionMgr.cpp][L115][MaaNS::GlobalNS::OptionMgr::set_draw_quality] | enter 
[2026-05-13 14:34:58.996][INF][Px27240][Tx80][OptionMgr.cpp][L130][MaaNS::GlobalNS::OptionMgr::set_draw_quality] Set draw quality [draw_quality_=85] 
[2026-05-13 14:34:58.996][TRC][Px27240][Tx80][OptionMgr.cpp][L115][MaaNS::GlobalNS::OptionMgr::set_draw_quality] | leave, 0ms 
[2026-05-13 14:34:58.996][TRC][Px27240][Tx80][OptionMgr.cpp][L10][MaaNS::GlobalNS::OptionMgr::set_option] | leave, 0ms 
[2026-05-13 14:34:58.996][TRC][Px27240][Tx80][MaaFramework.cpp][L338][MaaGlobalSetOption] | leave, 0ms 
[2026-05-13 14:34:58.996][DBG][Px27240][Tx80][GlobalOptionConfig.cpp][L83][MaaNS::ToolkitNS::GlobalOptionConfig::apply_option] [bret=true] 
[2026-05-13 14:34:58.996][TRC][Px27240][Tx80][GlobalOptionConfig.cpp][L67][MaaNS::ToolkitNS::GlobalOptionConfig::apply_option] | leave, 0ms 
[2026-05-13 14:34:58.996][TRC][Px27240][Tx80][GlobalOptionConfig.cpp][L17][MaaNS::ToolkitNS::GlobalOptionConfig::init] | leave, 0ms 
[2026-05-13 14:34:58.996][DBG][Px27240][Tx80][DesktopWindowWin32Finder.cpp][L13][MaaNS::ToolkitNS::DesktopWindowWin32Finder::find_all] | enter 
[2026-05-13 14:34:58.997][TRC][Px27240][Tx80][DesktopWindowWin32Finder.cpp][L13][MaaNS::ToolkitNS::DesktopWindowWin32Finder::find_all] | leave, 0ms 
[2026-05-13 14:34:58.997][DBG][Px27240][Tx80][MaaFramework.cpp][L319][MaaTaskerCreate] | enter 
[2026-05-13 14:34:58.997][DBG][Px27240][Tx80][Tasker.cpp][L20][MaaNS::Tasker::Tasker] | enter 
[2026-05-13 14:34:58.997][INF][Px27240][Tx80][Tasker.cpp][L23][MaaNS::Tasker::Tasker] [plugin_mgr.get_names()=["E:/subject/one/MaaFramework/bin/plugins/MaaPluginDemo.dll"]] 
[2026-05-13 14:34:58.997][INF][Px27240][Tx80][Utils/EventDispatcher.hpp][L37][MaaNS::EventDispatcher::add_sink] [callback=true] [trans_arg=true] 
[2026-05-13 14:34:58.997][TRC][Px27240][Tx80][Tasker.cpp][L20][MaaNS::Tasker::Tasker] | leave, 0ms 
[2026-05-13 14:34:58.997][TRC][Px27240][Tx80][MaaFramework.cpp][L319][MaaTaskerCreate] | leave, 0ms 
[2026-05-13 14:34:58.998][DBG][Px27240][Tx80][MaaFramework.cpp][L54][MaaWin32ControllerCreate] [hWnd=true] [screencap_method=16] [mouse_method=4] [keyboard_method=4] | enter 
[2026-05-13 14:34:58.998][DBG][Px27240][Tx80][MaaUtils/LibraryHolder.h][L49][MaaNS::LibraryHolder<class MaaNS::Win32ControlUnitLibraryHolder>::load_library] [libname=E:/subject/one/MaaFramework/bin/MaaWin32ControlUnit] | enter 
[2026-05-13 14:34:58.998][INF][Px27240][Tx80][MaaUtils/LibraryHolder.h][L65][MaaNS::LibraryHolder<class MaaNS::Win32ControlUnitLibraryHolder>::load_library] Loading library [libname=E:/subject/one/MaaFramework/bin/MaaWin32ControlUnit] 
[2026-05-13 14:34:59.000][TRC][Px27240][Tx80][MaaUtils/LibraryHolder.h][L49][MaaNS::LibraryHolder<class MaaNS::Win32ControlUnitLibraryHolder>::load_library] | leave, 2ms 
[2026-05-13 14:34:59.000][DBG][Px27240][Tx80][MaaUtils/LibraryHolder.h][L113][MaaNS::LibraryHolder<class MaaNS::Win32ControlUnitLibraryHolder>::get_function] [func_name=MaaWin32ControlUnitGetVersion] | enter 
[2026-05-13 14:34:59.000][TRC][Px27240][Tx80][MaaUtils/LibraryHolder.h][L113][MaaNS::LibraryHolder<class MaaNS::Win32ControlUnitLibraryHolder>::get_function] | leave, 0ms 
[2026-05-13 14:34:59.000][INF][Px27240][Tx80][ControlUnit.cpp][L30][MaaNS::check_version] class MaaNS::Win32ControlUnitLibraryHolder Library version: v5.10.4 
[2026-05-13 14:34:59.000][DBG][Px27240][Tx80][MaaUtils/LibraryHolder.h][L113][MaaNS::LibraryHolder<class MaaNS::Win32ControlUnitLibraryHolder>::get_function] [func_name=MaaWin32ControlUnitCreate] | enter 
[2026-05-13 14:34:59.000][TRC][Px27240][Tx80][MaaUtils/LibraryHolder.h][L113][MaaNS::LibraryHolder<class MaaNS::Win32ControlUnitLibraryHolder>::get_function] | leave, 0ms 
[2026-05-13 14:34:59.000][DBG][Px27240][Tx80][MaaUtils/LibraryHolder.h][L113][MaaNS::LibraryHolder<class MaaNS::Win32ControlUnitLibraryHolder>::get_function] [func_name=MaaWin32ControlUnitDestroy] | enter 
[2026-05-13 14:34:59.000][TRC][Px27240][Tx80][MaaUtils/LibraryHolder.h][L113][MaaNS::LibraryHolder<class MaaNS::Win32ControlUnitLibraryHolder>::get_function] | leave, 0ms 
[2026-05-13 14:34:59.000][DBG][Px27240][Tx80][Win32ControlUnitAPI.cpp][L23][MaaWin32ControlUnitCreate] [hWnd=true] [screencap_method=16] [mouse_method=4] [keyboard_method=4] | enter 
[2026-05-13 14:34:59.000][TRC][Px27240][Tx80][Win32ControlUnitAPI.cpp][L23][MaaWin32ControlUnitCreate] | leave, 0ms 
[2026-05-13 14:34:59.000][DBG][Px27240][Tx80][ControllerAgent.cpp][L15][MaaNS::ControllerNS::ControllerAgent::ControllerAgent] [control_unit_=0000012C7EE02E70] | enter 
[2026-05-13 14:34:59.000][INF][Px27240][Tx80][ControllerAgent.cpp][L18][MaaNS::ControllerNS::ControllerAgent::ControllerAgent] [plugin_mgr.get_names()=["E:/subject/one/MaaFramework/bin/plugins/MaaPluginDemo.dll"]] 
[2026-05-13 14:34:59.000][INF][Px27240][Tx80][Utils/EventDispatcher.hpp][L37][MaaNS::EventDispatcher::add_sink] [callback=true] [trans_arg=true] 
[2026-05-13 14:34:59.000][TRC][Px27240][Tx80][ControllerAgent.cpp][L15][MaaNS::ControllerNS::ControllerAgent::ControllerAgent] | leave, 0ms 
[2026-05-13 14:34:59.000][TRC][Px27240][Tx80][MaaFramework.cpp][L54][MaaWin32ControllerCreate] | leave, 2ms 
[2026-05-13 14:34:59.000][DBG][Px27240][Tx80][MaaTasker.cpp][L106][MaaTaskerBindController] [tasker=true] [ctrl=true] | enter 
[2026-05-13 14:34:59.000][INF][Px27240][Tx80][Tasker.cpp][L59][MaaNS::Tasker::bind_controller] [this=true] [controller=true] [derived=true] [controller_=false] 
[2026-05-13 14:34:59.000][TRC][Px27240][Tx80][MaaTasker.cpp][L106][MaaTaskerBindController] | leave, 0ms 
[2026-05-13 14:34:59.000][DBG][Px27240][Tx80][MaaFramework.cpp][L300][MaaResourceCreate] | enter 
[2026-05-13 14:34:59.001][DBG][Px27240][Tx80][OCRResMgr.cpp][L15][MaaNS::ResourceNS::OCRResMgr::OCRResMgr] | enter 
[2026-05-13 14:34:59.001][TRC][Px27240][Tx80][OCRResMgr.cpp][L15][MaaNS::ResourceNS::OCRResMgr::OCRResMgr] | leave, 0ms 
[2026-05-13 14:34:59.066][DBG][Px27240][Tx80][ResourceMgr.cpp][L18][MaaNS::ResourceNS::ResourceMgr::ResourceMgr] | enter 
[2026-05-13 14:34:59.066][INF][Px27240][Tx80][ResourceMgr.cpp][L21][MaaNS::ResourceNS::ResourceMgr::ResourceMgr] [plugin_mgr.get_names()=["E:/subject/one/MaaFramework/bin/plugins/MaaPluginDemo.dll"]] 
[2026-05-13 14:34:59.066][INF][Px27240][Tx80][Utils/EventDispatcher.hpp][L37][MaaNS::EventDispatcher::add_sink] [callback=true] [trans_arg=true] 
[2026-05-13 14:34:59.066][TRC][Px27240][Tx80][ResourceMgr.cpp][L18][MaaNS::ResourceNS::ResourceMgr::ResourceMgr] | leave, 0ms 
[2026-05-13 14:34:59.066][TRC][Px27240][Tx80][MaaFramework.cpp][L300][MaaResourceCreate] | leave, 65ms 
[2026-05-13 14:34:59.066][DBG][Px27240][Tx80][MaaResource.cpp][L124][MaaResourcePostBundle] [res=true] [path=E:\subject\one\resource] | enter 
[2026-05-13 14:34:59.066][INF][Px27240][Tx80][ResourceMgr.cpp][L75][MaaNS::ResourceNS::ResourceMgr::post_path] [static_cast<int>(type)=0] [path=E:/subject/one/resource] 
[2026-05-13 14:34:59.066][TRC][Px27240][Tx80][MaaResource.cpp][L124][MaaResourcePostBundle] | leave, 0ms 
[2026-05-13 14:34:59.066][DBG][Px27240][Tx1398][ResourceMgr.cpp][L595][MaaNS::ResourceNS::ResourceMgr::run_load] [id=100000001] [static_cast<int>(item.type)=0] [item.path=E:/subject/one/resource] | enter 
[2026-05-13 14:34:59.066][INF][Px27240][Tx1398][Utils/EventDispatcher.hpp][L65][MaaNS::EventDispatcher::notify] !!!OnEventNotify!!! [handle=true] [msg=Resource.Loading.Starting] [details={"hash":"","path":"E:/subject/one/resource","res_id":100000001,"type":"Bundle"}] 
[2026-05-13 14:34:59.066][INF][Px27240][Tx1398][ResourceMgr.cpp][L372][MaaNS::ResourceNS::ResourceMgr::available_providers] [all_providers_vec=["DmlExecutionProvider","CPUExecutionProvider"]] 
[2026-05-13 14:34:59.066][INF][Px27240][Tx1398][ResourceMgr.cpp][L400][MaaNS::ResourceNS::ResourceMgr::available_providers] [s_provider_cache=[2,1]] 
[2026-05-13 14:34:59.066][TRC][Px27240][Tx1398][GpuOptionWin32.cpp][L137][MaaNS::perfer_gpu] 
[2026-05-13 14:34:59.068][INF][Px27240][Tx1398][GpuOptionWin32.cpp][L188][MaaNS::perfer_gpu] [adapter_index=0] [adapter_desc=NVIDIA GeForce RTX 4070 Ti] 
[2026-05-13 14:34:59.210][TRC][Px27240][Tx1398][GpuOptionWin32.cpp][L21][MaaNS::adapter_instance_path] 
[2026-05-13 14:34:59.210][DBG][Px27240][Tx1398][GpuOptionWin32.cpp][L48][MaaNS::adapter_instance_path] [result=PCI\VEN_10DE&DEV_2782&SUBSYS_E1301462&REV_A1\4&1bcd7285&0&0008] 
[2026-05-13 14:34:59.210][TRC][Px27240][Tx1398][GpuOptionWin32.cpp][L54][MaaNS::gpu_driver_date] 
[2026-05-13 14:34:59.211][DBG][Px27240][Tx1398][GpuOptionWin32.cpp][L83][MaaNS::gpu_driver_date] [system_time.wYear=2024] [system_time.wMonth=8] [system_time.wDay=14] 
[2026-05-13 14:34:59.211][TRC][Px27240][Tx1398][GpuOptionWin32.cpp][L89][MaaNS::is_indirect_display_adapter] 
[2026-05-13 14:34:59.211][DBG][Px27240][Tx1398][GpuOptionWin32.cpp][L114][MaaNS::is_indirect_display_adapter] RegQueryValueExW 1 failed [ret=2] [type=0] [size=0] 
[2026-05-13 14:34:59.211][INF][Px27240][Tx1398][GpuOptionWin32.cpp][L232][MaaNS::perfer_gpu] available gpu found [adapter_index=0] [adapter_desc=] [desc.DedicatedVideoMemory=12578717696] 
[2026-05-13 14:34:59.211][INF][Px27240][Tx1398][GpuOptionWin32.cpp][L188][MaaNS::perfer_gpu] [adapter_index=1] [adapter_desc=NVIDIA GeForce RTX 4070 Ti] 
[2026-05-13 14:34:59.263][TRC][Px27240][Tx1398][GpuOptionWin32.cpp][L21][MaaNS::adapter_instance_path] 
[2026-05-13 14:34:59.263][DBG][Px27240][Tx1398][GpuOptionWin32.cpp][L48][MaaNS::adapter_instance_path] [result=ROOT\DISPLAY\0002] 
[2026-05-13 14:34:59.263][TRC][Px27240][Tx1398][GpuOptionWin32.cpp][L54][MaaNS::gpu_driver_date] 
[2026-05-13 14:34:59.263][DBG][Px27240][Tx1398][GpuOptionWin32.cpp][L83][MaaNS::gpu_driver_date] [system_time.wYear=2021] [system_time.wMonth=8] [system_time.wDay=31] 
[2026-05-13 14:34:59.263][TRC][Px27240][Tx1398][GpuOptionWin32.cpp][L89][MaaNS::is_indirect_display_adapter] 
[2026-05-13 14:34:59.263][DBG][Px27240][Tx1398][GpuOptionWin32.cpp][L131][MaaNS::is_indirect_display_adapter] [value=IndirectKmd ] [sub_key=SYSTEM\CurrentControlSet\Enum\ROOT\DISPLAY\0002] [indirect=true] 
[2026-05-13 14:34:59.263][WRN][Px27240][Tx1398][GpuOptionWin32.cpp][L223][MaaNS::perfer_gpu] virtual adapters (streaming/RDP), skip [adapter_index=1] [adapter_desc=NVIDIA GeForce RTX 4070 Ti] [instance_path=ROOT\DISPLAY\0002] 
[2026-05-13 14:34:59.263][INF][Px27240][Tx1398][GpuOptionWin32.cpp][L188][MaaNS::perfer_gpu] [adapter_index=2] [adapter_desc=NVIDIA GeForce RTX 4070 Ti] 
[2026-05-13 14:34:59.320][TRC][Px27240][Tx1398][GpuOptionWin32.cpp][L21][MaaNS::adapter_instance_path] 
[2026-05-13 14:34:59.320][DBG][Px27240][Tx1398][GpuOptionWin32.cpp][L48][MaaNS::adapter_instance_path] [result=ROOT\DISPLAY\0001] 
[2026-05-13 14:34:59.320][TRC][Px27240][Tx1398][GpuOptionWin32.cpp][L54][MaaNS::gpu_driver_date] 
[2026-05-13 14:34:59.320][DBG][Px27240][Tx1398][GpuOptionWin32.cpp][L83][MaaNS::gpu_driver_date] [system_time.wYear=2026] [system_time.wMonth=2] [system_time.wDay=28] 
[2026-05-13 14:34:59.320][TRC][Px27240][Tx1398][GpuOptionWin32.cpp][L89][MaaNS::is_indirect_display_adapter] 
[2026-05-13 14:34:59.320][DBG][Px27240][Tx1398][GpuOptionWin32.cpp][L131][MaaNS::is_indirect_display_adapter] [value=IndirectKmd ] [sub_key=SYSTEM\CurrentControlSet\Enum\ROOT\DISPLAY\0001] [indirect=true] 
[2026-05-13 14:34:59.321][WRN][Px27240][Tx1398][GpuOptionWin32.cpp][L223][MaaNS::perfer_gpu] virtual adapters (streaming/RDP), skip [adapter_index=2] [adapter_desc=NVIDIA GeForce RTX 4070 Ti] [instance_path=ROOT\DISPLAY\0001] 
[2026-05-13 14:34:59.321][INF][Px27240][Tx1398][GpuOptionWin32.cpp][L188][MaaNS::perfer_gpu] [adapter_index=3] [adapter_desc=NVIDIA GeForce RTX 4070 Ti] 
[2026-05-13 14:34:59.377][TRC][Px27240][Tx1398][GpuOptionWin32.cpp][L21][MaaNS::adapter_instance_path] 
[2026-05-13 14:34:59.378][DBG][Px27240][Tx1398][GpuOptionWin32.cpp][L48][MaaNS::adapter_instance_path] [result=ROOT\DISPLAY\0000] 
[2026-05-13 14:34:59.378][TRC][Px27240][Tx1398][GpuOptionWin32.cpp][L54][MaaNS::gpu_driver_date] 
[2026-05-13 14:34:59.378][DBG][Px27240][Tx1398][GpuOptionWin32.cpp][L83][MaaNS::gpu_driver_date] [system_time.wYear=2023] [system_time.wMonth=4] [system_time.wDay=24] 
[2026-05-13 14:34:59.378][TRC][Px27240][Tx1398][GpuOptionWin32.cpp][L89][MaaNS::is_indirect_display_adapter] 
[2026-05-13 14:34:59.378][DBG][Px27240][Tx1398][GpuOptionWin32.cpp][L131][MaaNS::is_indirect_display_adapter] [value=IndirectKmd ] [sub_key=SYSTEM\CurrentControlSet\Enum\ROOT\DISPLAY\0000] [indirect=true] 
[2026-05-13 14:34:59.378][WRN][Px27240][Tx1398][GpuOptionWin32.cpp][L223][MaaNS::perfer_gpu] virtual adapters (streaming/RDP), skip [adapter_index=3] [adapter_desc=NVIDIA GeForce RTX 4070 Ti] [instance_path=ROOT\DISPLAY\0000] 
[2026-05-13 14:34:59.378][INF][Px27240][Tx1398][GpuOptionWin32.cpp][L188][MaaNS::perfer_gpu] [adapter_index=4] [adapter_desc=Microsoft Basic Render Driver] 
[2026-05-13 14:34:59.378][WRN][Px27240][Tx1398][GpuOptionWin32.cpp][L191][MaaNS::perfer_gpu] software adapter, skip [adapter_index=4] [adapter_desc=Microsoft Basic Render Driver] 
[2026-05-13 14:34:59.378][DBG][Px27240][Tx1398][GpuOptionWin32.cpp][L173][MaaNS::perfer_gpu] EnumAdapters1 DXGI_ERROR_NOT_FOUND [adapter_index=5] 
[2026-05-13 14:34:59.378][INF][Px27240][Tx1398][GpuOptionWin32.cpp][L251][MaaNS::perfer_gpu] Best gpu selected [best_gpu.adapter_index=0] [best_gpu.description=NVIDIA GeForce RTX 4070 Ti] [best_gpu.dedicated_video_memory=12578717696] 
[2026-05-13 14:34:59.378][INF][Px27240][Tx1398][ONNXResMgr.cpp][L69][MaaNS::ResourceNS::ONNXResMgr::use_directml] [device_id=0] 
[2026-05-13 14:34:59.560][INF][Px27240][Tx1398][ONNXResMgr.cpp][L82][MaaNS::ResourceNS::ONNXResMgr::use_directml] Using DML execution provider with device_id 0 
[2026-05-13 14:34:59.560][INF][Px27240][Tx1398][OCRResMgr.cpp][L42][MaaNS::ResourceNS::OCRResMgr::use_directml] [device_id=0] 
[2026-05-13 14:34:59.560][DBG][Px27240][Tx1398][ResourceMgr.cpp][L636][MaaNS::ResourceNS::ResourceMgr::load_bundle] [path=E:/subject/one/resource] | enter 
[2026-05-13 14:34:59.561][DBG][Px27240][Tx1398][PipelineResMgr.cpp][L15][MaaNS::ResourceNS::PipelineResMgr::load] [path=E:/subject/one/resource/pipeline] | enter 
[2026-05-13 14:34:59.561][DBG][Px27240][Tx1398][PipelineResMgr.cpp][L110][MaaNS::ResourceNS::PipelineResMgr::open_and_parse_file] [path=E:/subject/one/resource/pipeline/Startup.json] | enter 
[2026-05-13 14:34:59.562][DBG][Px27240][Tx1398][PipelineParser.cpp][L188][MaaNS::ResourceNS::PipelineParser::parse_node] [name=Startup] 
[2026-05-13 14:34:59.566][TRC][Px27240][Tx1398][PipelineResMgr.cpp][L110][MaaNS::ResourceNS::PipelineResMgr::open_and_parse_file] | leave, 4ms 
[2026-05-13 14:34:59.566][TRC][Px27240][Tx1398][PipelineResMgr.cpp][L15][MaaNS::ResourceNS::PipelineResMgr::load] | leave, 5ms 
[2026-05-13 14:34:59.566][INF][Px27240][Tx1398][ResourceMgr.cpp][L681][MaaNS::ResourceNS::ResourceMgr::load_bundle] [path=E:/subject/one/resource] [ret=true] [to_load=true] 
[2026-05-13 14:34:59.566][TRC][Px27240][Tx1398][ResourceMgr.cpp][L636][MaaNS::ResourceNS::ResourceMgr::load_bundle] | leave, 5ms 
[2026-05-13 14:34:59.566][INF][Px27240][Tx1398][ResourceMgr.cpp][L217][MaaNS::ResourceNS::ResourceMgr::calc_hash] [hash_cache_=6ff9a750b672c22] 
[2026-05-13 14:34:59.566][INF][Px27240][Tx1398][Utils/EventDispatcher.hpp][L65][MaaNS::EventDispatcher::notify] !!!OnEventNotify!!! [handle=true] [msg=Resource.Loading.Succeeded] [details={"hash":"6ff9a750b672c22","path":"E:/subject/one/resource","res_id":100000001,"type":"Bundle"}] 
[2026-05-13 14:34:59.566][TRC][Px27240][Tx1398][ResourceMgr.cpp][L595][MaaNS::ResourceNS::ResourceMgr::run_load] | leave, 500ms 
[2026-05-13 14:34:59.567][DBG][Px27240][Tx80][MaaTasker.cpp][L94][MaaTaskerBindResource] [tasker=true] [res=true] | enter 
[2026-05-13 14:34:59.567][INF][Px27240][Tx80][Tasker.cpp][L44][MaaNS::Tasker::bind_resource] [this=true] [resource=true] [derived=true] [resource_=false] 
[2026-05-13 14:34:59.567][TRC][Px27240][Tx80][MaaTasker.cpp][L94][MaaTaskerBindResource] | leave, 0ms 
[2026-05-13 14:34:59.615][DBG][Px27240][Tx80][Logger] ----------------------------- 
[2026-05-13 14:34:59.615][DBG][Px27240][Tx80][Logger] Close log 
[2026-05-13 14:34:59.615][DBG][Px27240][Tx80][Logger] ----------------------------- 
[2026-05-13 14:36:05.715][DBG][Px27616][Tx34912][Logger] ----------------------------- 
[2026-05-13 14:36:05.715][DBG][Px27616][Tx34912][Logger] MAA Process Start 
[2026-05-13 14:36:05.715][DBG][Px27616][Tx34912][Logger] Version v5.10.4 
[2026-05-13 14:36:05.715][DBG][Px27616][Tx34912][Logger] Built at May  3 2026 04:23:41 
[2026-05-13 14:36:05.715][DBG][Px27616][Tx34912][Logger] Windows x64 
[2026-05-13 14:36:05.715][DBG][Px27616][Tx34912][Logger] Working E:/subject/one 
[2026-05-13 14:36:05.715][DBG][Px27616][Tx34912][Logger] Logging E:/subject/one/debug/maafw.log 
[2026-05-13 14:36:05.715][DBG][Px27616][Tx34912][Logger] ----------------------------- 
[2026-05-13 14:36:05.715][TRC][Px27616][Tx34912][OptionMgr.cpp][L35][MaaNS::GlobalNS::OptionMgr::set_log_dir] | leave, 0ms 
[2026-05-13 14:36:05.715][TRC][Px27616][Tx34912][OptionMgr.cpp][L10][MaaNS::GlobalNS::OptionMgr::set_option] | leave, 0ms 
[2026-05-13 14:36:05.715][TRC][Px27616][Tx34912][MaaFramework.cpp][L338][MaaGlobalSetOption] | leave, 0ms 
[2026-05-13 14:36:05.715][DBG][Px27616][Tx34912][MaaFramework.cpp][L338][MaaGlobalSetOption] [key=2] [value=true] [val_size=1] | enter 
[2026-05-13 14:36:05.715][DBG][Px27616][Tx34912][OptionMgr.cpp][L10][MaaNS::GlobalNS::OptionMgr::set_option] [key=2] [value=true] [val_size=1] | enter 
[2026-05-13 14:36:05.715][DBG][Px27616][Tx34912][OptionMgr.cpp][L49][MaaNS::GlobalNS::OptionMgr::set_save_draw] | enter 
[2026-05-13 14:36:05.715][INF][Px27616][Tx34912][OptionMgr.cpp][L58][MaaNS::GlobalNS::OptionMgr::set_save_draw] Set save draw [save_draw_=false] 
[2026-05-13 14:36:05.715][TRC][Px27616][Tx34912][OptionMgr.cpp][L49][MaaNS::GlobalNS::OptionMgr::set_save_draw] | leave, 0ms 
[2026-05-13 14:36:05.715][TRC][Px27616][Tx34912][OptionMgr.cpp][L10][MaaNS::GlobalNS::OptionMgr::set_option] | leave, 0ms 
[2026-05-13 14:36:05.715][TRC][Px27616][Tx34912][MaaFramework.cpp][L338][MaaGlobalSetOption] | leave, 0ms 
[2026-05-13 14:36:05.715][DBG][Px27616][Tx34912][MaaFramework.cpp][L338][MaaGlobalSetOption] [key=7] [value=true] [val_size=1] | enter 
[2026-05-13 14:36:05.715][DBG][Px27616][Tx34912][OptionMgr.cpp][L10][MaaNS::GlobalNS::OptionMgr::set_option] [key=7] [value=true] [val_size=1] | enter 
[2026-05-13 14:36:05.715][DBG][Px27616][Tx34912][OptionMgr.cpp][L99][MaaNS::GlobalNS::OptionMgr::set_save_on_error] | enter 
[2026-05-13 14:36:05.715][INF][Px27616][Tx34912][OptionMgr.cpp][L108][MaaNS::GlobalNS::OptionMgr::set_save_on_error] Set save on error [save_on_error_=true] 
[2026-05-13 14:36:05.715][TRC][Px27616][Tx34912][OptionMgr.cpp][L99][MaaNS::GlobalNS::OptionMgr::set_save_on_error] | leave, 0ms 
[2026-05-13 14:36:05.715][TRC][Px27616][Tx34912][OptionMgr.cpp][L10][MaaNS::GlobalNS::OptionMgr::set_option] | leave, 0ms 
[2026-05-13 14:36:05.715][TRC][Px27616][Tx34912][MaaFramework.cpp][L338][MaaGlobalSetOption] | leave, 0ms 
[2026-05-13 14:36:05.715][DBG][Px27616][Tx34912][MaaFramework.cpp][L338][MaaGlobalSetOption] [key=4] [value=true] [val_size=4] | enter 
[2026-05-13 14:36:05.715][DBG][Px27616][Tx34912][OptionMgr.cpp][L10][MaaNS::GlobalNS::OptionMgr::set_option] [key=4] [value=true] [val_size=4] | enter 
[2026-05-13 14:36:05.715][DBG][Px27616][Tx34912][OptionMgr.cpp][L65][MaaNS::GlobalNS::OptionMgr::set_stdout_level] | enter 
[2026-05-13 14:36:05.715][INF][Px27616][Tx34912][OptionMgr.cpp][L74][MaaNS::GlobalNS::OptionMgr::set_stdout_level] Set log stdout level [level=2] 
[2026-05-13 14:36:05.715][TRC][Px27616][Tx34912][OptionMgr.cpp][L65][MaaNS::GlobalNS::OptionMgr::set_stdout_level] | leave, 0ms 
[2026-05-13 14:36:05.715][TRC][Px27616][Tx34912][OptionMgr.cpp][L10][MaaNS::GlobalNS::OptionMgr::set_option] | leave, 0ms 
[2026-05-13 14:36:05.715][TRC][Px27616][Tx34912][MaaFramework.cpp][L338][MaaGlobalSetOption] | leave, 0ms 
[2026-05-13 14:36:05.715][DBG][Px27616][Tx34912][MaaFramework.cpp][L338][MaaGlobalSetOption] [key=8] [value=true] [val_size=4] | enter 
[2026-05-13 14:36:05.715][DBG][Px27616][Tx34912][OptionMgr.cpp][L10][MaaNS::GlobalNS::OptionMgr::set_option] [key=8] [value=true] [val_size=4] | enter 
[2026-05-13 14:36:05.715][DBG][Px27616][Tx34912][OptionMgr.cpp][L115][MaaNS::GlobalNS::OptionMgr::set_draw_quality] | enter 
[2026-05-13 14:36:05.715][INF][Px27616][Tx34912][OptionMgr.cpp][L130][MaaNS::GlobalNS::OptionMgr::set_draw_quality] Set draw quality [draw_quality_=85] 
[2026-05-13 14:36:05.715][TRC][Px27616][Tx34912][OptionMgr.cpp][L115][MaaNS::GlobalNS::OptionMgr::set_draw_quality] | leave, 0ms 
[2026-05-13 14:36:05.715][TRC][Px27616][Tx34912][OptionMgr.cpp][L10][MaaNS::GlobalNS::OptionMgr::set_option] | leave, 0ms 
[2026-05-13 14:36:05.715][TRC][Px27616][Tx34912][MaaFramework.cpp][L338][MaaGlobalSetOption] | leave, 0ms 
[2026-05-13 14:36:05.715][DBG][Px27616][Tx34912][GlobalOptionConfig.cpp][L83][MaaNS::ToolkitNS::GlobalOptionConfig::apply_option] [bret=true] 
[2026-05-13 14:36:05.715][TRC][Px27616][Tx34912][GlobalOptionConfig.cpp][L67][MaaNS::ToolkitNS::GlobalOptionConfig::apply_option] | leave, 0ms 
[2026-05-13 14:36:05.715][TRC][Px27616][Tx34912][GlobalOptionConfig.cpp][L17][MaaNS::ToolkitNS::GlobalOptionConfig::init] | leave, 0ms 
[2026-05-13 14:36:05.716][DBG][Px27616][Tx34912][DesktopWindowWin32Finder.cpp][L13][MaaNS::ToolkitNS::DesktopWindowWin32Finder::find_all] | enter 
[2026-05-13 14:36:05.716][TRC][Px27616][Tx34912][DesktopWindowWin32Finder.cpp][L13][MaaNS::ToolkitNS::DesktopWindowWin32Finder::find_all] | leave, 0ms 
[2026-05-13 14:36:05.716][DBG][Px27616][Tx34912][MaaFramework.cpp][L319][MaaTaskerCreate] | enter 
[2026-05-13 14:36:05.716][DBG][Px27616][Tx34912][Tasker.cpp][L20][MaaNS::Tasker::Tasker] | enter 
[2026-05-13 14:36:05.716][INF][Px27616][Tx34912][Tasker.cpp][L23][MaaNS::Tasker::Tasker] [plugin_mgr.get_names()=["E:/subject/one/MaaFramework/bin/plugins/MaaPluginDemo.dll"]] 
[2026-05-13 14:36:05.716][INF][Px27616][Tx34912][Utils/EventDispatcher.hpp][L37][MaaNS::EventDispatcher::add_sink] [callback=true] [trans_arg=true] 
[2026-05-13 14:36:05.716][TRC][Px27616][Tx34912][Tasker.cpp][L20][MaaNS::Tasker::Tasker] | leave, 0ms 
[2026-05-13 14:36:05.716][TRC][Px27616][Tx34912][MaaFramework.cpp][L319][MaaTaskerCreate] | leave, 0ms 
[2026-05-13 14:36:05.716][DBG][Px27616][Tx34912][MaaFramework.cpp][L54][MaaWin32ControllerCreate] [hWnd=true] [screencap_method=16] [mouse_method=4] [keyboard_method=4] | enter 
[2026-05-13 14:36:05.716][DBG][Px27616][Tx34912][MaaUtils/LibraryHolder.h][L49][MaaNS::LibraryHolder<class MaaNS::Win32ControlUnitLibraryHolder>::load_library] [libname=E:/subject/one/MaaFramework/bin/MaaWin32ControlUnit] | enter 
[2026-05-13 14:36:05.716][INF][Px27616][Tx34912][MaaUtils/LibraryHolder.h][L65][MaaNS::LibraryHolder<class MaaNS::Win32ControlUnitLibraryHolder>::load_library] Loading library [libname=E:/subject/one/MaaFramework/bin/MaaWin32ControlUnit] 
[2026-05-13 14:36:05.717][TRC][Px27616][Tx34912][MaaUtils/LibraryHolder.h][L49][MaaNS::LibraryHolder<class MaaNS::Win32ControlUnitLibraryHolder>::load_library] | leave, 1ms 
[2026-05-13 14:36:05.717][DBG][Px27616][Tx34912][MaaUtils/LibraryHolder.h][L113][MaaNS::LibraryHolder<class MaaNS::Win32ControlUnitLibraryHolder>::get_function] [func_name=MaaWin32ControlUnitGetVersion] | enter 
[2026-05-13 14:36:05.717][TRC][Px27616][Tx34912][MaaUtils/LibraryHolder.h][L113][MaaNS::LibraryHolder<class MaaNS::Win32ControlUnitLibraryHolder>::get_function] | leave, 0ms 
[2026-05-13 14:36:05.717][INF][Px27616][Tx34912][ControlUnit.cpp][L30][MaaNS::check_version] class MaaNS::Win32ControlUnitLibraryHolder Library version: v5.10.4 
[2026-05-13 14:36:05.717][DBG][Px27616][Tx34912][MaaUtils/LibraryHolder.h][L113][MaaNS::LibraryHolder<class MaaNS::Win32ControlUnitLibraryHolder>::get_function] [func_name=MaaWin32ControlUnitCreate] | enter 
[2026-05-13 14:36:05.717][TRC][Px27616][Tx34912][MaaUtils/LibraryHolder.h][L113][MaaNS::LibraryHolder<class MaaNS::Win32ControlUnitLibraryHolder>::get_function] | leave, 0ms 
[2026-05-13 14:36:05.717][DBG][Px27616][Tx34912][MaaUtils/LibraryHolder.h][L113][MaaNS::LibraryHolder<class MaaNS::Win32ControlUnitLibraryHolder>::get_function] [func_name=MaaWin32ControlUnitDestroy] | enter 
[2026-05-13 14:36:05.717][TRC][Px27616][Tx34912][MaaUtils/LibraryHolder.h][L113][MaaNS::LibraryHolder<class MaaNS::Win32ControlUnitLibraryHolder>::get_function] | leave, 0ms 
[2026-05-13 14:36:05.717][DBG][Px27616][Tx34912][Win32ControlUnitAPI.cpp][L23][MaaWin32ControlUnitCreate] [hWnd=true] [screencap_method=16] [mouse_method=4] [keyboard_method=4] | enter 
[2026-05-13 14:36:05.717][TRC][Px27616][Tx34912][Win32ControlUnitAPI.cpp][L23][MaaWin32ControlUnitCreate] | leave, 0ms 
[2026-05-13 14:36:05.717][DBG][Px27616][Tx34912][ControllerAgent.cpp][L15][MaaNS::ControllerNS::ControllerAgent::ControllerAgent] [control_unit_=00000199E4C4CBF0] | enter 
[2026-05-13 14:36:05.717][INF][Px27616][Tx34912][ControllerAgent.cpp][L18][MaaNS::ControllerNS::ControllerAgent::ControllerAgent] [plugin_mgr.get_names()=["E:/subject/one/MaaFramework/bin/plugins/MaaPluginDemo.dll"]] 
[2026-05-13 14:36:05.717][INF][Px27616][Tx34912][Utils/EventDispatcher.hpp][L37][MaaNS::EventDispatcher::add_sink] [callback=true] [trans_arg=true] 
[2026-05-13 14:36:05.717][TRC][Px27616][Tx34912][ControllerAgent.cpp][L15][MaaNS::ControllerNS::ControllerAgent::ControllerAgent] | leave, 0ms 
[2026-05-13 14:36:05.717][TRC][Px27616][Tx34912][MaaFramework.cpp][L54][MaaWin32ControllerCreate] | leave, 1ms 
[2026-05-13 14:36:05.717][DBG][Px27616][Tx34912][MaaTasker.cpp][L106][MaaTaskerBindController] [tasker=true] [ctrl=true] | enter 
[2026-05-13 14:36:05.717][INF][Px27616][Tx34912][Tasker.cpp][L59][MaaNS::Tasker::bind_controller] [this=true] [controller=true] [derived=true] [controller_=false] 
[2026-05-13 14:36:05.717][TRC][Px27616][Tx34912][MaaTasker.cpp][L106][MaaTaskerBindController] | leave, 0ms 
[2026-05-13 14:36:05.717][DBG][Px27616][Tx34912][MaaFramework.cpp][L300][MaaResourceCreate] | enter 
[2026-05-13 14:36:05.717][DBG][Px27616][Tx34912][OCRResMgr.cpp][L15][MaaNS::ResourceNS::OCRResMgr::OCRResMgr] | enter 
[2026-05-13 14:36:05.717][TRC][Px27616][Tx34912][OCRResMgr.cpp][L15][MaaNS::ResourceNS::OCRResMgr::OCRResMgr] | leave, 0ms 
[2026-05-13 14:36:05.729][DBG][Px27616][Tx34912][ResourceMgr.cpp][L18][MaaNS::ResourceNS::ResourceMgr::ResourceMgr] | enter 
[2026-05-13 14:36:05.729][INF][Px27616][Tx34912][ResourceMgr.cpp][L21][MaaNS::ResourceNS::ResourceMgr::ResourceMgr] [plugin_mgr.get_names()=["E:/subject/one/MaaFramework/bin/plugins/MaaPluginDemo.dll"]] 
[2026-05-13 14:36:05.729][INF][Px27616][Tx34912][Utils/EventDispatcher.hpp][L37][MaaNS::EventDispatcher::add_sink] [callback=true] [trans_arg=true] 
[2026-05-13 14:36:05.729][TRC][Px27616][Tx34912][ResourceMgr.cpp][L18][MaaNS::ResourceNS::ResourceMgr::ResourceMgr] | leave, 0ms 
[2026-05-13 14:36:05.729][TRC][Px27616][Tx34912][MaaFramework.cpp][L300][MaaResourceCreate] | leave, 11ms 
[2026-05-13 14:36:05.729][DBG][Px27616][Tx34912][MaaResource.cpp][L124][MaaResourcePostBundle] [res=true] [path=E:\subject\one\resource] | enter 
[2026-05-13 14:36:05.729][INF][Px27616][Tx34912][ResourceMgr.cpp][L75][MaaNS::ResourceNS::ResourceMgr::post_path] [static_cast<int>(type)=0] [path=E:/subject/one/resource] 
[2026-05-13 14:36:05.729][TRC][Px27616][Tx34912][MaaResource.cpp][L124][MaaResourcePostBundle] | leave, 0ms 
[2026-05-13 14:36:05.729][DBG][Px27616][Tx8370][ResourceMgr.cpp][L595][MaaNS::ResourceNS::ResourceMgr::run_load] [id=100000001] [static_cast<int>(item.type)=0] [item.path=E:/subject/one/resource] | enter 
[2026-05-13 14:36:05.729][INF][Px27616][Tx8370][Utils/EventDispatcher.hpp][L65][MaaNS::EventDispatcher::notify] !!!OnEventNotify!!! [handle=true] [msg=Resource.Loading.Starting] [details={"hash":"","path":"E:/subject/one/resource","res_id":100000001,"type":"Bundle"}] 
[2026-05-13 14:36:05.729][INF][Px27616][Tx8370][ResourceMgr.cpp][L372][MaaNS::ResourceNS::ResourceMgr::available_providers] [all_providers_vec=["DmlExecutionProvider","CPUExecutionProvider"]] 
[2026-05-13 14:36:05.729][INF][Px27616][Tx8370][ResourceMgr.cpp][L400][MaaNS::ResourceNS::ResourceMgr::available_providers] [s_provider_cache=[2,1]] 
[2026-05-13 14:36:05.729][TRC][Px27616][Tx8370][GpuOptionWin32.cpp][L137][MaaNS::perfer_gpu] 
[2026-05-13 14:36:05.731][INF][Px27616][Tx8370][GpuOptionWin32.cpp][L188][MaaNS::perfer_gpu] [adapter_index=0] [adapter_desc=NVIDIA GeForce RTX 4070 Ti] 
[2026-05-13 14:36:05.797][TRC][Px27616][Tx8370][GpuOptionWin32.cpp][L21][MaaNS::adapter_instance_path] 
[2026-05-13 14:36:05.797][DBG][Px27616][Tx8370][GpuOptionWin32.cpp][L48][MaaNS::adapter_instance_path] [result=PCI\VEN_10DE&DEV_2782&SUBSYS_E1301462&REV_A1\4&1bcd7285&0&0008] 
[2026-05-13 14:36:05.797][TRC][Px27616][Tx8370][GpuOptionWin32.cpp][L54][MaaNS::gpu_driver_date] 
[2026-05-13 14:36:05.797][DBG][Px27616][Tx8370][GpuOptionWin32.cpp][L83][MaaNS::gpu_driver_date] [system_time.wYear=2024] [system_time.wMonth=8] [system_time.wDay=14] 
[2026-05-13 14:36:05.797][TRC][Px27616][Tx8370][GpuOptionWin32.cpp][L89][MaaNS::is_indirect_display_adapter] 
[2026-05-13 14:36:05.797][DBG][Px27616][Tx8370][GpuOptionWin32.cpp][L114][MaaNS::is_indirect_display_adapter] RegQueryValueExW 1 failed [ret=2] [type=0] [size=0] 
[2026-05-13 14:36:05.797][INF][Px27616][Tx8370][GpuOptionWin32.cpp][L232][MaaNS::perfer_gpu] available gpu found [adapter_index=0] [adapter_desc=] [desc.DedicatedVideoMemory=12578717696] 
[2026-05-13 14:36:05.797][INF][Px27616][Tx8370][GpuOptionWin32.cpp][L188][MaaNS::perfer_gpu] [adapter_index=1] [adapter_desc=NVIDIA GeForce RTX 4070 Ti] 
[2026-05-13 14:36:05.845][TRC][Px27616][Tx8370][GpuOptionWin32.cpp][L21][MaaNS::adapter_instance_path] 
[2026-05-13 14:36:05.845][DBG][Px27616][Tx8370][GpuOptionWin32.cpp][L48][MaaNS::adapter_instance_path] [result=ROOT\DISPLAY\0002] 
[2026-05-13 14:36:05.845][TRC][Px27616][Tx8370][GpuOptionWin32.cpp][L54][MaaNS::gpu_driver_date] 
[2026-05-13 14:36:05.845][DBG][Px27616][Tx8370][GpuOptionWin32.cpp][L83][MaaNS::gpu_driver_date] [system_time.wYear=2021] [system_time.wMonth=8] [system_time.wDay=31] 
[2026-05-13 14:36:05.845][TRC][Px27616][Tx8370][GpuOptionWin32.cpp][L89][MaaNS::is_indirect_display_adapter] 
[2026-05-13 14:36:05.845][DBG][Px27616][Tx8370][GpuOptionWin32.cpp][L131][MaaNS::is_indirect_display_adapter] [value=IndirectKmd ] [sub_key=SYSTEM\CurrentControlSet\Enum\ROOT\DISPLAY\0002] [indirect=true] 
[2026-05-13 14:36:05.845][WRN][Px27616][Tx8370][GpuOptionWin32.cpp][L223][MaaNS::perfer_gpu] virtual adapters (streaming/RDP), skip [adapter_index=1] [adapter_desc=NVIDIA GeForce RTX 4070 Ti] [instance_path=ROOT\DISPLAY\0002] 
[2026-05-13 14:36:05.845][INF][Px27616][Tx8370][GpuOptionWin32.cpp][L188][MaaNS::perfer_gpu] [adapter_index=2] [adapter_desc=NVIDIA GeForce RTX 4070 Ti] 
[2026-05-13 14:36:05.896][TRC][Px27616][Tx8370][GpuOptionWin32.cpp][L21][MaaNS::adapter_instance_path] 
[2026-05-13 14:36:05.896][DBG][Px27616][Tx8370][GpuOptionWin32.cpp][L48][MaaNS::adapter_instance_path] [result=ROOT\DISPLAY\0001] 
[2026-05-13 14:36:05.896][TRC][Px27616][Tx8370][GpuOptionWin32.cpp][L54][MaaNS::gpu_driver_date] 
[2026-05-13 14:36:05.896][DBG][Px27616][Tx8370][GpuOptionWin32.cpp][L83][MaaNS::gpu_driver_date] [system_time.wYear=2026] [system_time.wMonth=2] [system_time.wDay=28] 
[2026-05-13 14:36:05.896][TRC][Px27616][Tx8370][GpuOptionWin32.cpp][L89][MaaNS::is_indirect_display_adapter] 
[2026-05-13 14:36:05.896][DBG][Px27616][Tx8370][GpuOptionWin32.cpp][L131][MaaNS::is_indirect_display_adapter] [value=IndirectKmd ] [sub_key=SYSTEM\CurrentControlSet\Enum\ROOT\DISPLAY\0001] [indirect=true] 
[2026-05-13 14:36:05.896][WRN][Px27616][Tx8370][GpuOptionWin32.cpp][L223][MaaNS::perfer_gpu] virtual adapters (streaming/RDP), skip [adapter_index=2] [adapter_desc=NVIDIA GeForce RTX 4070 Ti] [instance_path=ROOT\DISPLAY\0001] 
[2026-05-13 14:36:05.896][INF][Px27616][Tx8370][GpuOptionWin32.cpp][L188][MaaNS::perfer_gpu] [adapter_index=3] [adapter_desc=NVIDIA GeForce RTX 4070 Ti] 
[2026-05-13 14:36:05.944][TRC][Px27616][Tx8370][GpuOptionWin32.cpp][L21][MaaNS::adapter_instance_path] 
[2026-05-13 14:36:05.944][DBG][Px27616][Tx8370][GpuOptionWin32.cpp][L48][MaaNS::adapter_instance_path] [result=ROOT\DISPLAY\0000] 
[2026-05-13 14:36:05.944][TRC][Px27616][Tx8370][GpuOptionWin32.cpp][L54][MaaNS::gpu_driver_date] 
[2026-05-13 14:36:05.944][DBG][Px27616][Tx8370][GpuOptionWin32.cpp][L83][MaaNS::gpu_driver_date] [system_time.wYear=2023] [system_time.wMonth=4] [system_time.wDay=24] 
[2026-05-13 14:36:05.944][TRC][Px27616][Tx8370][GpuOptionWin32.cpp][L89][MaaNS::is_indirect_display_adapter] 
[2026-05-13 14:36:05.944][DBG][Px27616][Tx8370][GpuOptionWin32.cpp][L131][MaaNS::is_indirect_display_adapter] [value=IndirectKmd ] [sub_key=SYSTEM\CurrentControlSet\Enum\ROOT\DISPLAY\0000] [indirect=true] 
[2026-05-13 14:36:05.944][WRN][Px27616][Tx8370][GpuOptionWin32.cpp][L223][MaaNS::perfer_gpu] virtual adapters (streaming/RDP), skip [adapter_index=3] [adapter_desc=NVIDIA GeForce RTX 4070 Ti] [instance_path=ROOT\DISPLAY\0000] 
[2026-05-13 14:36:05.944][INF][Px27616][Tx8370][GpuOptionWin32.cpp][L188][MaaNS::perfer_gpu] [adapter_index=4] [adapter_desc=Microsoft Basic Render Driver] 
[2026-05-13 14:36:05.944][WRN][Px27616][Tx8370][GpuOptionWin32.cpp][L191][MaaNS::perfer_gpu] software adapter, skip [adapter_index=4] [adapter_desc=Microsoft Basic Render Driver] 
[2026-05-13 14:36:05.944][DBG][Px27616][Tx8370][GpuOptionWin32.cpp][L173][MaaNS::perfer_gpu] EnumAdapters1 DXGI_ERROR_NOT_FOUND [adapter_index=5] 
[2026-05-13 14:36:05.944][INF][Px27616][Tx8370][GpuOptionWin32.cpp][L251][MaaNS::perfer_gpu] Best gpu selected [best_gpu.adapter_index=0] [best_gpu.description=NVIDIA GeForce RTX 4070 Ti] [best_gpu.dedicated_video_memory=12578717696] 
[2026-05-13 14:36:05.944][INF][Px27616][Tx8370][ONNXResMgr.cpp][L69][MaaNS::ResourceNS::ONNXResMgr::use_directml] [device_id=0] 
[2026-05-13 14:36:06.106][INF][Px27616][Tx8370][ONNXResMgr.cpp][L82][MaaNS::ResourceNS::ONNXResMgr::use_directml] Using DML execution provider with device_id 0 
[2026-05-13 14:36:06.106][INF][Px27616][Tx8370][OCRResMgr.cpp][L42][MaaNS::ResourceNS::OCRResMgr::use_directml] [device_id=0] 
[2026-05-13 14:36:06.106][DBG][Px27616][Tx8370][ResourceMgr.cpp][L636][MaaNS::ResourceNS::ResourceMgr::load_bundle] [path=E:/subject/one/resource] | enter 
[2026-05-13 14:36:06.107][DBG][Px27616][Tx8370][PipelineResMgr.cpp][L15][MaaNS::ResourceNS::PipelineResMgr::load] [path=E:/subject/one/resource/pipeline] | enter 
[2026-05-13 14:36:06.107][DBG][Px27616][Tx8370][PipelineResMgr.cpp][L110][MaaNS::ResourceNS::PipelineResMgr::open_and_parse_file] [path=E:/subject/one/resource/pipeline/Startup.json] | enter 
[2026-05-13 14:36:06.107][DBG][Px27616][Tx8370][PipelineParser.cpp][L188][MaaNS::ResourceNS::PipelineParser::parse_node] [name=Startup] 
[2026-05-13 14:36:06.107][TRC][Px27616][Tx8370][PipelineResMgr.cpp][L110][MaaNS::ResourceNS::PipelineResMgr::open_and_parse_file] | leave, 0ms 
[2026-05-13 14:36:06.107][TRC][Px27616][Tx8370][PipelineResMgr.cpp][L15][MaaNS::ResourceNS::PipelineResMgr::load] | leave, 0ms 
[2026-05-13 14:36:06.107][INF][Px27616][Tx8370][ResourceMgr.cpp][L681][MaaNS::ResourceNS::ResourceMgr::load_bundle] [path=E:/subject/one/resource] [ret=true] [to_load=true] 
[2026-05-13 14:36:06.107][TRC][Px27616][Tx8370][ResourceMgr.cpp][L636][MaaNS::ResourceNS::ResourceMgr::load_bundle] | leave, 0ms 
[2026-05-13 14:36:06.107][INF][Px27616][Tx8370][ResourceMgr.cpp][L217][MaaNS::ResourceNS::ResourceMgr::calc_hash] [hash_cache_=6ff9a750b672c22] 
[2026-05-13 14:36:06.107][INF][Px27616][Tx8370][Utils/EventDispatcher.hpp][L65][MaaNS::EventDispatcher::notify] !!!OnEventNotify!!! [handle=true] [msg=Resource.Loading.Succeeded] [details={"hash":"6ff9a750b672c22","path":"E:/subject/one/resource","res_id":100000001,"type":"Bundle"}] 
[2026-05-13 14:36:06.107][TRC][Px27616][Tx8370][ResourceMgr.cpp][L595][MaaNS::ResourceNS::ResourceMgr::run_load] | leave, 378ms 
[2026-05-13 14:36:06.107][DBG][Px27616][Tx34912][MaaTasker.cpp][L94][MaaTaskerBindResource] [tasker=true] [res=true] | enter 
[2026-05-13 14:36:06.107][INF][Px27616][Tx34912][Tasker.cpp][L44][MaaNS::Tasker::bind_resource] [this=true] [resource=true] [derived=true] [resource_=false] 
[2026-05-13 14:36:06.107][TRC][Px27616][Tx34912][MaaTasker.cpp][L94][MaaTaskerBindResource] | leave, 0ms 
[2026-05-13 14:36:06.115][DBG][Px27616][Tx34912][Logger] ----------------------------- 
[2026-05-13 14:36:06.115][DBG][Px27616][Tx34912][Logger] Close log 
[2026-05-13 14:36:06.115][DBG][Px27616][Tx34912][Logger] ----------------------------- 
[2026-05-13 14:37:38.812][DBG][Px23072][Tx14402][Logger] ----------------------------- 
[2026-05-13 14:37:38.812][DBG][Px23072][Tx14402][Logger] MAA Process Start 
[2026-05-13 14:37:38.812][DBG][Px23072][Tx14402][Logger] Version v5.10.4 
[2026-05-13 14:37:38.812][DBG][Px23072][Tx14402][Logger] Built at May  3 2026 04:23:41 
[2026-05-13 14:37:38.812][DBG][Px23072][Tx14402][Logger] Windows x64 
[2026-05-13 14:37:38.812][DBG][Px23072][Tx14402][Logger] Working E:/subject/one 
[2026-05-13 14:37:38.812][DBG][Px23072][Tx14402][Logger] Logging E:/subject/one/debug/maafw.log 
[2026-05-13 14:37:38.812][DBG][Px23072][Tx14402][Logger] ----------------------------- 
[2026-05-13 14:37:38.812][TRC][Px23072][Tx14402][OptionMgr.cpp][L35][MaaNS::GlobalNS::OptionMgr::set_log_dir] | leave, 0ms 
[2026-05-13 14:37:38.812][TRC][Px23072][Tx14402][OptionMgr.cpp][L10][MaaNS::GlobalNS::OptionMgr::set_option] | leave, 0ms 
[2026-05-13 14:37:38.812][TRC][Px23072][Tx14402][MaaFramework.cpp][L338][MaaGlobalSetOption] | leave, 0ms 
[2026-05-13 14:37:38.812][DBG][Px23072][Tx14402][MaaFramework.cpp][L338][MaaGlobalSetOption] [key=2] [value=true] [val_size=1] | enter 
[2026-05-13 14:37:38.812][DBG][Px23072][Tx14402][OptionMgr.cpp][L10][MaaNS::GlobalNS::OptionMgr::set_option] [key=2] [value=true] [val_size=1] | enter 
[2026-05-13 14:37:38.812][DBG][Px23072][Tx14402][OptionMgr.cpp][L49][MaaNS::GlobalNS::OptionMgr::set_save_draw] | enter 
[2026-05-13 14:37:38.812][INF][Px23072][Tx14402][OptionMgr.cpp][L58][MaaNS::GlobalNS::OptionMgr::set_save_draw] Set save draw [save_draw_=false] 
[2026-05-13 14:37:38.812][TRC][Px23072][Tx14402][OptionMgr.cpp][L49][MaaNS::GlobalNS::OptionMgr::set_save_draw] | leave, 0ms 
[2026-05-13 14:37:38.812][TRC][Px23072][Tx14402][OptionMgr.cpp][L10][MaaNS::GlobalNS::OptionMgr::set_option] | leave, 0ms 
[2026-05-13 14:37:38.812][TRC][Px23072][Tx14402][MaaFramework.cpp][L338][MaaGlobalSetOption] | leave, 0ms 
[2026-05-13 14:37:38.812][DBG][Px23072][Tx14402][MaaFramework.cpp][L338][MaaGlobalSetOption] [key=7] [value=true] [val_size=1] | enter 
[2026-05-13 14:37:38.812][DBG][Px23072][Tx14402][OptionMgr.cpp][L10][MaaNS::GlobalNS::OptionMgr::set_option] [key=7] [value=true] [val_size=1] | enter 
[2026-05-13 14:37:38.812][DBG][Px23072][Tx14402][OptionMgr.cpp][L99][MaaNS::GlobalNS::OptionMgr::set_save_on_error] | enter 
[2026-05-13 14:37:38.812][INF][Px23072][Tx14402][OptionMgr.cpp][L108][MaaNS::GlobalNS::OptionMgr::set_save_on_error] Set save on error [save_on_error_=true] 
[2026-05-13 14:37:38.812][TRC][Px23072][Tx14402][OptionMgr.cpp][L99][MaaNS::GlobalNS::OptionMgr::set_save_on_error] | leave, 0ms 
[2026-05-13 14:37:38.812][TRC][Px23072][Tx14402][OptionMgr.cpp][L10][MaaNS::GlobalNS::OptionMgr::set_option] | leave, 0ms 
[2026-05-13 14:37:38.812][TRC][Px23072][Tx14402][MaaFramework.cpp][L338][MaaGlobalSetOption] | leave, 0ms 
[2026-05-13 14:37:38.812][DBG][Px23072][Tx14402][MaaFramework.cpp][L338][MaaGlobalSetOption] [key=4] [value=true] [val_size=4] | enter 
[2026-05-13 14:37:38.812][DBG][Px23072][Tx14402][OptionMgr.cpp][L10][MaaNS::GlobalNS::OptionMgr::set_option] [key=4] [value=true] [val_size=4] | enter 
[2026-05-13 14:37:38.812][DBG][Px23072][Tx14402][OptionMgr.cpp][L65][MaaNS::GlobalNS::OptionMgr::set_stdout_level] | enter 
[2026-05-13 14:37:38.812][INF][Px23072][Tx14402][OptionMgr.cpp][L74][MaaNS::GlobalNS::OptionMgr::set_stdout_level] Set log stdout level [level=2] 
[2026-05-13 14:37:38.812][TRC][Px23072][Tx14402][OptionMgr.cpp][L65][MaaNS::GlobalNS::OptionMgr::set_stdout_level] | leave, 0ms 
[2026-05-13 14:37:38.812][TRC][Px23072][Tx14402][OptionMgr.cpp][L10][MaaNS::GlobalNS::OptionMgr::set_option] | leave, 0ms 
[2026-05-13 14:37:38.812][TRC][Px23072][Tx14402][MaaFramework.cpp][L338][MaaGlobalSetOption] | leave, 0ms 
[2026-05-13 14:37:38.812][DBG][Px23072][Tx14402][MaaFramework.cpp][L338][MaaGlobalSetOption] [key=8] [value=true] [val_size=4] | enter 
[2026-05-13 14:37:38.812][DBG][Px23072][Tx14402][OptionMgr.cpp][L10][MaaNS::GlobalNS::OptionMgr::set_option] [key=8] [value=true] [val_size=4] | enter 
[2026-05-13 14:37:38.812][DBG][Px23072][Tx14402][OptionMgr.cpp][L115][MaaNS::GlobalNS::OptionMgr::set_draw_quality] | enter 
[2026-05-13 14:37:38.812][INF][Px23072][Tx14402][OptionMgr.cpp][L130][MaaNS::GlobalNS::OptionMgr::set_draw_quality] Set draw quality [draw_quality_=85] 
[2026-05-13 14:37:38.812][TRC][Px23072][Tx14402][OptionMgr.cpp][L115][MaaNS::GlobalNS::OptionMgr::set_draw_quality] | leave, 0ms 
[2026-05-13 14:37:38.812][TRC][Px23072][Tx14402][OptionMgr.cpp][L10][MaaNS::GlobalNS::OptionMgr::set_option] | leave, 0ms 
[2026-05-13 14:37:38.812][TRC][Px23072][Tx14402][MaaFramework.cpp][L338][MaaGlobalSetOption] | leave, 0ms 
[2026-05-13 14:37:38.812][DBG][Px23072][Tx14402][GlobalOptionConfig.cpp][L83][MaaNS::ToolkitNS::GlobalOptionConfig::apply_option] [bret=true] 
[2026-05-13 14:37:38.812][TRC][Px23072][Tx14402][GlobalOptionConfig.cpp][L67][MaaNS::ToolkitNS::GlobalOptionConfig::apply_option] | leave, 0ms 
[2026-05-13 14:37:38.812][TRC][Px23072][Tx14402][GlobalOptionConfig.cpp][L17][MaaNS::ToolkitNS::GlobalOptionConfig::init] | leave, 0ms 
[2026-05-13 14:37:38.812][DBG][Px23072][Tx14402][DesktopWindowWin32Finder.cpp][L13][MaaNS::ToolkitNS::DesktopWindowWin32Finder::find_all] | enter 
[2026-05-13 14:37:38.812][TRC][Px23072][Tx14402][DesktopWindowWin32Finder.cpp][L13][MaaNS::ToolkitNS::DesktopWindowWin32Finder::find_all] | leave, 0ms 
[2026-05-13 14:37:38.812][DBG][Px23072][Tx14402][MaaFramework.cpp][L319][MaaTaskerCreate] | enter 
[2026-05-13 14:37:38.812][DBG][Px23072][Tx14402][Tasker.cpp][L20][MaaNS::Tasker::Tasker] | enter 
[2026-05-13 14:37:38.812][INF][Px23072][Tx14402][Tasker.cpp][L23][MaaNS::Tasker::Tasker] [plugin_mgr.get_names()=["E:/subject/one/MaaFramework/bin/plugins/MaaPluginDemo.dll"]] 
[2026-05-13 14:37:38.812][INF][Px23072][Tx14402][Utils/EventDispatcher.hpp][L37][MaaNS::EventDispatcher::add_sink] [callback=true] [trans_arg=true] 
[2026-05-13 14:37:38.813][TRC][Px23072][Tx14402][Tasker.cpp][L20][MaaNS::Tasker::Tasker] | leave, 0ms 
[2026-05-13 14:37:38.813][TRC][Px23072][Tx14402][MaaFramework.cpp][L319][MaaTaskerCreate] | leave, 0ms 
[2026-05-13 14:37:38.813][DBG][Px23072][Tx14402][MaaFramework.cpp][L54][MaaWin32ControllerCreate] [hWnd=true] [screencap_method=16] [mouse_method=4] [keyboard_method=4] | enter 
[2026-05-13 14:37:38.813][DBG][Px23072][Tx14402][MaaUtils/LibraryHolder.h][L49][MaaNS::LibraryHolder<class MaaNS::Win32ControlUnitLibraryHolder>::load_library] [libname=E:/subject/one/MaaFramework/bin/MaaWin32ControlUnit] | enter 
[2026-05-13 14:37:38.813][INF][Px23072][Tx14402][MaaUtils/LibraryHolder.h][L65][MaaNS::LibraryHolder<class MaaNS::Win32ControlUnitLibraryHolder>::load_library] Loading library [libname=E:/subject/one/MaaFramework/bin/MaaWin32ControlUnit] 
[2026-05-13 14:37:38.814][TRC][Px23072][Tx14402][MaaUtils/LibraryHolder.h][L49][MaaNS::LibraryHolder<class MaaNS::Win32ControlUnitLibraryHolder>::load_library] | leave, 1ms 
[2026-05-13 14:37:38.814][DBG][Px23072][Tx14402][MaaUtils/LibraryHolder.h][L113][MaaNS::LibraryHolder<class MaaNS::Win32ControlUnitLibraryHolder>::get_function] [func_name=MaaWin32ControlUnitGetVersion] | enter 
[2026-05-13 14:37:38.814][TRC][Px23072][Tx14402][MaaUtils/LibraryHolder.h][L113][MaaNS::LibraryHolder<class MaaNS::Win32ControlUnitLibraryHolder>::get_function] | leave, 0ms 
[2026-05-13 14:37:38.814][INF][Px23072][Tx14402][ControlUnit.cpp][L30][MaaNS::check_version] class MaaNS::Win32ControlUnitLibraryHolder Library version: v5.10.4 
[2026-05-13 14:37:38.814][DBG][Px23072][Tx14402][MaaUtils/LibraryHolder.h][L113][MaaNS::LibraryHolder<class MaaNS::Win32ControlUnitLibraryHolder>::get_function] [func_name=MaaWin32ControlUnitCreate] | enter 
[2026-05-13 14:37:38.814][TRC][Px23072][Tx14402][MaaUtils/LibraryHolder.h][L113][MaaNS::LibraryHolder<class MaaNS::Win32ControlUnitLibraryHolder>::get_function] | leave, 0ms 
[2026-05-13 14:37:38.814][DBG][Px23072][Tx14402][MaaUtils/LibraryHolder.h][L113][MaaNS::LibraryHolder<class MaaNS::Win32ControlUnitLibraryHolder>::get_function] [func_name=MaaWin32ControlUnitDestroy] | enter 
[2026-05-13 14:37:38.814][TRC][Px23072][Tx14402][MaaUtils/LibraryHolder.h][L113][MaaNS::LibraryHolder<class MaaNS::Win32ControlUnitLibraryHolder>::get_function] | leave, 0ms 
[2026-05-13 14:37:38.814][DBG][Px23072][Tx14402][Win32ControlUnitAPI.cpp][L23][MaaWin32ControlUnitCreate] [hWnd=true] [screencap_method=16] [mouse_method=4] [keyboard_method=4] | enter 
[2026-05-13 14:37:38.814][TRC][Px23072][Tx14402][Win32ControlUnitAPI.cpp][L23][MaaWin32ControlUnitCreate] | leave, 0ms 
[2026-05-13 14:37:38.814][DBG][Px23072][Tx14402][ControllerAgent.cpp][L15][MaaNS::ControllerNS::ControllerAgent::ControllerAgent] [control_unit_=000001D0B389A4C0] | enter 
[2026-05-13 14:37:38.814][INF][Px23072][Tx14402][ControllerAgent.cpp][L18][MaaNS::ControllerNS::ControllerAgent::ControllerAgent] [plugin_mgr.get_names()=["E:/subject/one/MaaFramework/bin/plugins/MaaPluginDemo.dll"]] 
[2026-05-13 14:37:38.814][INF][Px23072][Tx14402][Utils/EventDispatcher.hpp][L37][MaaNS::EventDispatcher::add_sink] [callback=true] [trans_arg=true] 
[2026-05-13 14:37:38.814][TRC][Px23072][Tx14402][ControllerAgent.cpp][L15][MaaNS::ControllerNS::ControllerAgent::ControllerAgent] | leave, 0ms 
[2026-05-13 14:37:38.814][TRC][Px23072][Tx14402][MaaFramework.cpp][L54][MaaWin32ControllerCreate] | leave, 1ms 
[2026-05-13 14:37:38.814][DBG][Px23072][Tx14402][MaaTasker.cpp][L106][MaaTaskerBindController] [tasker=true] [ctrl=true] | enter 
[2026-05-13 14:37:38.814][INF][Px23072][Tx14402][Tasker.cpp][L59][MaaNS::Tasker::bind_controller] [this=true] [controller=true] [derived=true] [controller_=false] 
[2026-05-13 14:37:38.814][TRC][Px23072][Tx14402][MaaTasker.cpp][L106][MaaTaskerBindController] | leave, 0ms 
[2026-05-13 14:37:38.814][DBG][Px23072][Tx14402][MaaFramework.cpp][L300][MaaResourceCreate] | enter 
[2026-05-13 14:37:38.814][DBG][Px23072][Tx14402][OCRResMgr.cpp][L15][MaaNS::ResourceNS::OCRResMgr::OCRResMgr] | enter 
[2026-05-13 14:37:38.814][TRC][Px23072][Tx14402][OCRResMgr.cpp][L15][MaaNS::ResourceNS::OCRResMgr::OCRResMgr] | leave, 0ms 
[2026-05-13 14:37:38.826][DBG][Px23072][Tx14402][ResourceMgr.cpp][L18][MaaNS::ResourceNS::ResourceMgr::ResourceMgr] | enter 
[2026-05-13 14:37:38.826][INF][Px23072][Tx14402][ResourceMgr.cpp][L21][MaaNS::ResourceNS::ResourceMgr::ResourceMgr] [plugin_mgr.get_names()=["E:/subject/one/MaaFramework/bin/plugins/MaaPluginDemo.dll"]] 
[2026-05-13 14:37:38.826][INF][Px23072][Tx14402][Utils/EventDispatcher.hpp][L37][MaaNS::EventDispatcher::add_sink] [callback=true] [trans_arg=true] 
[2026-05-13 14:37:38.826][TRC][Px23072][Tx14402][ResourceMgr.cpp][L18][MaaNS::ResourceNS::ResourceMgr::ResourceMgr] | leave, 0ms 
[2026-05-13 14:37:38.826][TRC][Px23072][Tx14402][MaaFramework.cpp][L300][MaaResourceCreate] | leave, 11ms 
[2026-05-13 14:37:38.826][DBG][Px23072][Tx14402][MaaResource.cpp][L158][MaaResourcePostPipeline] [res=true] [path=E:\subject\one\resource\pipeline] | enter 
[2026-05-13 14:37:38.826][INF][Px23072][Tx14402][ResourceMgr.cpp][L75][MaaNS::ResourceNS::ResourceMgr::post_path] [static_cast<int>(type)=2] [path=E:/subject/one/resource/pipeline] 
[2026-05-13 14:37:38.826][TRC][Px23072][Tx14402][MaaResource.cpp][L158][MaaResourcePostPipeline] | leave, 0ms 
[2026-05-13 14:37:38.826][DBG][Px23072][Tx45815][ResourceMgr.cpp][L595][MaaNS::ResourceNS::ResourceMgr::run_load] [id=100000001] [static_cast<int>(item.type)=2] [item.path=E:/subject/one/resource/pipeline] | enter 
[2026-05-13 14:37:38.826][INF][Px23072][Tx45815][Utils/EventDispatcher.hpp][L65][MaaNS::EventDispatcher::notify] !!!OnEventNotify!!! [handle=true] [msg=Resource.Loading.Starting] [details={"hash":"","path":"E:/subject/one/resource/pipeline","res_id":100000001,"type":"Pipeline"}] 
[2026-05-13 14:37:38.826][INF][Px23072][Tx45815][ResourceMgr.cpp][L372][MaaNS::ResourceNS::ResourceMgr::available_providers] [all_providers_vec=["DmlExecutionProvider","CPUExecutionProvider"]] 
[2026-05-13 14:37:38.826][INF][Px23072][Tx45815][ResourceMgr.cpp][L400][MaaNS::ResourceNS::ResourceMgr::available_providers] [s_provider_cache=[2,1]] 
[2026-05-13 14:37:38.826][TRC][Px23072][Tx45815][GpuOptionWin32.cpp][L137][MaaNS::perfer_gpu] 
[2026-05-13 14:37:38.828][INF][Px23072][Tx45815][GpuOptionWin32.cpp][L188][MaaNS::perfer_gpu] [adapter_index=0] [adapter_desc=NVIDIA GeForce RTX 4070 Ti] 
[2026-05-13 14:37:38.894][TRC][Px23072][Tx45815][GpuOptionWin32.cpp][L21][MaaNS::adapter_instance_path] 
[2026-05-13 14:37:38.894][DBG][Px23072][Tx45815][GpuOptionWin32.cpp][L48][MaaNS::adapter_instance_path] [result=PCI\VEN_10DE&DEV_2782&SUBSYS_E1301462&REV_A1\4&1bcd7285&0&0008] 
[2026-05-13 14:37:38.894][TRC][Px23072][Tx45815][GpuOptionWin32.cpp][L54][MaaNS::gpu_driver_date] 
[2026-05-13 14:37:38.894][DBG][Px23072][Tx45815][GpuOptionWin32.cpp][L83][MaaNS::gpu_driver_date] [system_time.wYear=2024] [system_time.wMonth=8] [system_time.wDay=14] 
[2026-05-13 14:37:38.894][TRC][Px23072][Tx45815][GpuOptionWin32.cpp][L89][MaaNS::is_indirect_display_adapter] 
[2026-05-13 14:37:38.894][DBG][Px23072][Tx45815][GpuOptionWin32.cpp][L114][MaaNS::is_indirect_display_adapter] RegQueryValueExW 1 failed [ret=2] [type=0] [size=0] 
[2026-05-13 14:37:38.894][INF][Px23072][Tx45815][GpuOptionWin32.cpp][L232][MaaNS::perfer_gpu] available gpu found [adapter_index=0] [adapter_desc=] [desc.DedicatedVideoMemory=12578717696] 
[2026-05-13 14:37:38.894][INF][Px23072][Tx45815][GpuOptionWin32.cpp][L188][MaaNS::perfer_gpu] [adapter_index=1] [adapter_desc=NVIDIA GeForce RTX 4070 Ti] 
[2026-05-13 14:37:38.941][TRC][Px23072][Tx45815][GpuOptionWin32.cpp][L21][MaaNS::adapter_instance_path] 
[2026-05-13 14:37:38.941][DBG][Px23072][Tx45815][GpuOptionWin32.cpp][L48][MaaNS::adapter_instance_path] [result=ROOT\DISPLAY\0002] 
[2026-05-13 14:37:38.941][TRC][Px23072][Tx45815][GpuOptionWin32.cpp][L54][MaaNS::gpu_driver_date] 
[2026-05-13 14:37:38.941][DBG][Px23072][Tx45815][GpuOptionWin32.cpp][L83][MaaNS::gpu_driver_date] [system_time.wYear=2021] [system_time.wMonth=8] [system_time.wDay=31] 
[2026-05-13 14:37:38.941][TRC][Px23072][Tx45815][GpuOptionWin32.cpp][L89][MaaNS::is_indirect_display_adapter] 
[2026-05-13 14:37:38.941][DBG][Px23072][Tx45815][GpuOptionWin32.cpp][L131][MaaNS::is_indirect_display_adapter] [value=IndirectKmd ] [sub_key=SYSTEM\CurrentControlSet\Enum\ROOT\DISPLAY\0002] [indirect=true] 
[2026-05-13 14:37:38.941][WRN][Px23072][Tx45815][GpuOptionWin32.cpp][L223][MaaNS::perfer_gpu] virtual adapters (streaming/RDP), skip [adapter_index=1] [adapter_desc=NVIDIA GeForce RTX 4070 Ti] [instance_path=ROOT\DISPLAY\0002] 
[2026-05-13 14:37:38.942][INF][Px23072][Tx45815][GpuOptionWin32.cpp][L188][MaaNS::perfer_gpu] [adapter_index=2] [adapter_desc=NVIDIA GeForce RTX 4070 Ti] 
[2026-05-13 14:37:38.987][TRC][Px23072][Tx45815][GpuOptionWin32.cpp][L21][MaaNS::adapter_instance_path] 
[2026-05-13 14:37:38.988][DBG][Px23072][Tx45815][GpuOptionWin32.cpp][L48][MaaNS::adapter_instance_path] [result=ROOT\DISPLAY\0001] 
[2026-05-13 14:37:38.988][TRC][Px23072][Tx45815][GpuOptionWin32.cpp][L54][MaaNS::gpu_driver_date] 
[2026-05-13 14:37:38.988][DBG][Px23072][Tx45815][GpuOptionWin32.cpp][L83][MaaNS::gpu_driver_date] [system_time.wYear=2026] [system_time.wMonth=2] [system_time.wDay=28] 
[2026-05-13 14:37:38.988][TRC][Px23072][Tx45815][GpuOptionWin32.cpp][L89][MaaNS::is_indirect_display_adapter] 
[2026-05-13 14:37:38.988][DBG][Px23072][Tx45815][GpuOptionWin32.cpp][L131][MaaNS::is_indirect_display_adapter] [value=IndirectKmd ] [sub_key=SYSTEM\CurrentControlSet\Enum\ROOT\DISPLAY\0001] [indirect=true] 
[2026-05-13 14:37:38.988][WRN][Px23072][Tx45815][GpuOptionWin32.cpp][L223][MaaNS::perfer_gpu] virtual adapters (streaming/RDP), skip [adapter_index=2] [adapter_desc=NVIDIA GeForce RTX 4070 Ti] [instance_path=ROOT\DISPLAY\0001] 
[2026-05-13 14:37:38.988][INF][Px23072][Tx45815][GpuOptionWin32.cpp][L188][MaaNS::perfer_gpu] [adapter_index=3] [adapter_desc=NVIDIA GeForce RTX 4070 Ti] 
[2026-05-13 14:37:39.035][TRC][Px23072][Tx45815][GpuOptionWin32.cpp][L21][MaaNS::adapter_instance_path] 
[2026-05-13 14:37:39.035][DBG][Px23072][Tx45815][GpuOptionWin32.cpp][L48][MaaNS::adapter_instance_path] [result=ROOT\DISPLAY\0000] 
[2026-05-13 14:37:39.035][TRC][Px23072][Tx45815][GpuOptionWin32.cpp][L54][MaaNS::gpu_driver_date] 
[2026-05-13 14:37:39.035][DBG][Px23072][Tx45815][GpuOptionWin32.cpp][L83][MaaNS::gpu_driver_date] [system_time.wYear=2023] [system_time.wMonth=4] [system_time.wDay=24] 
[2026-05-13 14:37:39.035][TRC][Px23072][Tx45815][GpuOptionWin32.cpp][L89][MaaNS::is_indirect_display_adapter] 
[2026-05-13 14:37:39.035][DBG][Px23072][Tx45815][GpuOptionWin32.cpp][L131][MaaNS::is_indirect_display_adapter] [value=IndirectKmd ] [sub_key=SYSTEM\CurrentControlSet\Enum\ROOT\DISPLAY\0000] [indirect=true] 
[2026-05-13 14:37:39.035][WRN][Px23072][Tx45815][GpuOptionWin32.cpp][L223][MaaNS::perfer_gpu] virtual adapters (streaming/RDP), skip [adapter_index=3] [adapter_desc=NVIDIA GeForce RTX 4070 Ti] [instance_path=ROOT\DISPLAY\0000] 
[2026-05-13 14:37:39.035][INF][Px23072][Tx45815][GpuOptionWin32.cpp][L188][MaaNS::perfer_gpu] [adapter_index=4] [adapter_desc=Microsoft Basic Render Driver] 
[2026-05-13 14:37:39.035][WRN][Px23072][Tx45815][GpuOptionWin32.cpp][L191][MaaNS::perfer_gpu] software adapter, skip [adapter_index=4] [adapter_desc=Microsoft Basic Render Driver] 
[2026-05-13 14:37:39.035][DBG][Px23072][Tx45815][GpuOptionWin32.cpp][L173][MaaNS::perfer_gpu] EnumAdapters1 DXGI_ERROR_NOT_FOUND [adapter_index=5] 
[2026-05-13 14:37:39.035][INF][Px23072][Tx45815][GpuOptionWin32.cpp][L251][MaaNS::perfer_gpu] Best gpu selected [best_gpu.adapter_index=0] [best_gpu.description=NVIDIA GeForce RTX 4070 Ti] [best_gpu.dedicated_video_memory=12578717696] 
[2026-05-13 14:37:39.035][INF][Px23072][Tx45815][ONNXResMgr.cpp][L69][MaaNS::ResourceNS::ONNXResMgr::use_directml] [device_id=0] 
[2026-05-13 14:37:39.160][INF][Px23072][Tx45815][ONNXResMgr.cpp][L82][MaaNS::ResourceNS::ONNXResMgr::use_directml] Using DML execution provider with device_id 0 
[2026-05-13 14:37:39.160][INF][Px23072][Tx45815][OCRResMgr.cpp][L42][MaaNS::ResourceNS::OCRResMgr::use_directml] [device_id=0] 
[2026-05-13 14:37:39.160][DBG][Px23072][Tx45815][ResourceMgr.cpp][L702][MaaNS::ResourceNS::ResourceMgr::load_pipeline] [path=E:/subject/one/resource/pipeline] | enter 
[2026-05-13 14:37:39.160][DBG][Px23072][Tx45815][PipelineResMgr.cpp][L15][MaaNS::ResourceNS::PipelineResMgr::load] [path=E:/subject/one/resource/pipeline] | enter 
[2026-05-13 14:37:39.161][DBG][Px23072][Tx45815][PipelineResMgr.cpp][L110][MaaNS::ResourceNS::PipelineResMgr::open_and_parse_file] [path=E:/subject/one/resource/pipeline/Startup.json] | enter 
[2026-05-13 14:37:39.161][DBG][Px23072][Tx45815][PipelineParser.cpp][L188][MaaNS::ResourceNS::PipelineParser::parse_node] [name=Startup] 
[2026-05-13 14:37:39.161][TRC][Px23072][Tx45815][PipelineResMgr.cpp][L110][MaaNS::ResourceNS::PipelineResMgr::open_and_parse_file] | leave, 0ms 
[2026-05-13 14:37:39.161][TRC][Px23072][Tx45815][PipelineResMgr.cpp][L15][MaaNS::ResourceNS::PipelineResMgr::load] | leave, 0ms 
[2026-05-13 14:37:39.161][TRC][Px23072][Tx45815][ResourceMgr.cpp][L702][MaaNS::ResourceNS::ResourceMgr::load_pipeline] | leave, 0ms 
[2026-05-13 14:37:39.161][INF][Px23072][Tx45815][ResourceMgr.cpp][L217][MaaNS::ResourceNS::ResourceMgr::calc_hash] [hash_cache_=6ff9a750b672c22] 
[2026-05-13 14:37:39.161][INF][Px23072][Tx45815][Utils/EventDispatcher.hpp][L65][MaaNS::EventDispatcher::notify] !!!OnEventNotify!!! [handle=true] [msg=Resource.Loading.Succeeded] [details={"hash":"6ff9a750b672c22","path":"E:/subject/one/resource/pipeline","res_id":100000001,"type":"Pipeline"}] 
[2026-05-13 14:37:39.161][TRC][Px23072][Tx45815][ResourceMgr.cpp][L595][MaaNS::ResourceNS::ResourceMgr::run_load] | leave, 334ms 
[2026-05-13 14:37:39.161][DBG][Px23072][Tx47331][MaaTasker.cpp][L94][MaaTaskerBindResource] [tasker=true] [res=true] | enter 
[2026-05-13 14:37:39.161][INF][Px23072][Tx47331][Tasker.cpp][L44][MaaNS::Tasker::bind_resource] [this=true] [resource=true] [derived=true] [resource_=false] 
[2026-05-13 14:37:39.161][TRC][Px23072][Tx47331][MaaTasker.cpp][L94][MaaTaskerBindResource] | leave, 0ms 
[2026-05-13 14:37:39.167][DBG][Px23072][Tx47331][Logger] ----------------------------- 
[2026-05-13 14:37:39.167][DBG][Px23072][Tx47331][Logger] Close log 
[2026-05-13 14:37:39.167][DBG][Px23072][Tx47331][Logger] ----------------------------- 
[2026-05-13 14:39:00.269][DBG][Px28484][Tx29516][Logger] ----------------------------- 
[2026-05-13 14:39:00.269][DBG][Px28484][Tx29516][Logger] MAA Process Start 
[2026-05-13 14:39:00.269][DBG][Px28484][Tx29516][Logger] Version v5.10.4 
[2026-05-13 14:39:00.269][DBG][Px28484][Tx29516][Logger] Built at May  3 2026 04:23:41 
[2026-05-13 14:39:00.269][DBG][Px28484][Tx29516][Logger] Windows x64 
[2026-05-13 14:39:00.269][DBG][Px28484][Tx29516][Logger] Working E:/subject/one 
[2026-05-13 14:39:00.269][DBG][Px28484][Tx29516][Logger] Logging E:/subject/one/debug/maafw.log 
[2026-05-13 14:39:00.269][DBG][Px28484][Tx29516][Logger] ----------------------------- 
[2026-05-13 14:39:00.269][TRC][Px28484][Tx29516][OptionMgr.cpp][L35][MaaNS::GlobalNS::OptionMgr::set_log_dir] | leave, 0ms 
[2026-05-13 14:39:00.269][TRC][Px28484][Tx29516][OptionMgr.cpp][L10][MaaNS::GlobalNS::OptionMgr::set_option] | leave, 0ms 
[2026-05-13 14:39:00.269][TRC][Px28484][Tx29516][MaaFramework.cpp][L338][MaaGlobalSetOption] | leave, 0ms 
[2026-05-13 14:39:00.269][DBG][Px28484][Tx29516][MaaFramework.cpp][L338][MaaGlobalSetOption] [key=2] [value=true] [val_size=1] | enter 
[2026-05-13 14:39:00.269][DBG][Px28484][Tx29516][OptionMgr.cpp][L10][MaaNS::GlobalNS::OptionMgr::set_option] [key=2] [value=true] [val_size=1] | enter 
[2026-05-13 14:39:00.269][DBG][Px28484][Tx29516][OptionMgr.cpp][L49][MaaNS::GlobalNS::OptionMgr::set_save_draw] | enter 
[2026-05-13 14:39:00.269][INF][Px28484][Tx29516][OptionMgr.cpp][L58][MaaNS::GlobalNS::OptionMgr::set_save_draw] Set save draw [save_draw_=false] 
[2026-05-13 14:39:00.269][TRC][Px28484][Tx29516][OptionMgr.cpp][L49][MaaNS::GlobalNS::OptionMgr::set_save_draw] | leave, 0ms 
[2026-05-13 14:39:00.269][TRC][Px28484][Tx29516][OptionMgr.cpp][L10][MaaNS::GlobalNS::OptionMgr::set_option] | leave, 0ms 
[2026-05-13 14:39:00.269][TRC][Px28484][Tx29516][MaaFramework.cpp][L338][MaaGlobalSetOption] | leave, 0ms 
[2026-05-13 14:39:00.269][DBG][Px28484][Tx29516][MaaFramework.cpp][L338][MaaGlobalSetOption] [key=7] [value=true] [val_size=1] | enter 
[2026-05-13 14:39:00.269][DBG][Px28484][Tx29516][OptionMgr.cpp][L10][MaaNS::GlobalNS::OptionMgr::set_option] [key=7] [value=true] [val_size=1] | enter 
[2026-05-13 14:39:00.269][DBG][Px28484][Tx29516][OptionMgr.cpp][L99][MaaNS::GlobalNS::OptionMgr::set_save_on_error] | enter 
[2026-05-13 14:39:00.269][INF][Px28484][Tx29516][OptionMgr.cpp][L108][MaaNS::GlobalNS::OptionMgr::set_save_on_error] Set save on error [save_on_error_=true] 
[2026-05-13 14:39:00.269][TRC][Px28484][Tx29516][OptionMgr.cpp][L99][MaaNS::GlobalNS::OptionMgr::set_save_on_error] | leave, 0ms 
[2026-05-13 14:39:00.269][TRC][Px28484][Tx29516][OptionMgr.cpp][L10][MaaNS::GlobalNS::OptionMgr::set_option] | leave, 0ms 
[2026-05-13 14:39:00.269][TRC][Px28484][Tx29516][MaaFramework.cpp][L338][MaaGlobalSetOption] | leave, 0ms 
[2026-05-13 14:39:00.269][DBG][Px28484][Tx29516][MaaFramework.cpp][L338][MaaGlobalSetOption] [key=4] [value=true] [val_size=4] | enter 
[2026-05-13 14:39:00.269][DBG][Px28484][Tx29516][OptionMgr.cpp][L10][MaaNS::GlobalNS::OptionMgr::set_option] [key=4] [value=true] [val_size=4] | enter 
[2026-05-13 14:39:00.269][DBG][Px28484][Tx29516][OptionMgr.cpp][L65][MaaNS::GlobalNS::OptionMgr::set_stdout_level] | enter 
[2026-05-13 14:39:00.269][INF][Px28484][Tx29516][OptionMgr.cpp][L74][MaaNS::GlobalNS::OptionMgr::set_stdout_level] Set log stdout level [level=2] 
[2026-05-13 14:39:00.269][TRC][Px28484][Tx29516][OptionMgr.cpp][L65][MaaNS::GlobalNS::OptionMgr::set_stdout_level] | leave, 0ms 
[2026-05-13 14:39:00.269][TRC][Px28484][Tx29516][OptionMgr.cpp][L10][MaaNS::GlobalNS::OptionMgr::set_option] | leave, 0ms 
[2026-05-13 14:39:00.269][TRC][Px28484][Tx29516][MaaFramework.cpp][L338][MaaGlobalSetOption] | leave, 0ms 
[2026-05-13 14:39:00.269][DBG][Px28484][Tx29516][MaaFramework.cpp][L338][MaaGlobalSetOption] [key=8] [value=true] [val_size=4] | enter 
[2026-05-13 14:39:00.269][DBG][Px28484][Tx29516][OptionMgr.cpp][L10][MaaNS::GlobalNS::OptionMgr::set_option] [key=8] [value=true] [val_size=4] | enter 
[2026-05-13 14:39:00.269][DBG][Px28484][Tx29516][OptionMgr.cpp][L115][MaaNS::GlobalNS::OptionMgr::set_draw_quality] | enter 
[2026-05-13 14:39:00.269][INF][Px28484][Tx29516][OptionMgr.cpp][L130][MaaNS::GlobalNS::OptionMgr::set_draw_quality] Set draw quality [draw_quality_=85] 
[2026-05-13 14:39:00.269][TRC][Px28484][Tx29516][OptionMgr.cpp][L115][MaaNS::GlobalNS::OptionMgr::set_draw_quality] | leave, 0ms 
[2026-05-13 14:39:00.269][TRC][Px28484][Tx29516][OptionMgr.cpp][L10][MaaNS::GlobalNS::OptionMgr::set_option] | leave, 0ms 
[2026-05-13 14:39:00.269][TRC][Px28484][Tx29516][MaaFramework.cpp][L338][MaaGlobalSetOption] | leave, 0ms 
[2026-05-13 14:39:00.269][DBG][Px28484][Tx29516][GlobalOptionConfig.cpp][L83][MaaNS::ToolkitNS::GlobalOptionConfig::apply_option] [bret=true] 
[2026-05-13 14:39:00.269][TRC][Px28484][Tx29516][GlobalOptionConfig.cpp][L67][MaaNS::ToolkitNS::GlobalOptionConfig::apply_option] | leave, 0ms 
[2026-05-13 14:39:00.269][TRC][Px28484][Tx29516][GlobalOptionConfig.cpp][L17][MaaNS::ToolkitNS::GlobalOptionConfig::init] | leave, 0ms 
[2026-05-13 14:39:00.269][DBG][Px28484][Tx29516][DesktopWindowWin32Finder.cpp][L13][MaaNS::ToolkitNS::DesktopWindowWin32Finder::find_all] | enter 
[2026-05-13 14:39:00.269][TRC][Px28484][Tx29516][DesktopWindowWin32Finder.cpp][L13][MaaNS::ToolkitNS::DesktopWindowWin32Finder::find_all] | leave, 0ms 
[2026-05-13 14:39:00.269][DBG][Px28484][Tx29516][MaaFramework.cpp][L319][MaaTaskerCreate] | enter 
[2026-05-13 14:39:00.269][DBG][Px28484][Tx29516][Tasker.cpp][L20][MaaNS::Tasker::Tasker] | enter 
[2026-05-13 14:39:00.269][INF][Px28484][Tx29516][Tasker.cpp][L23][MaaNS::Tasker::Tasker] [plugin_mgr.get_names()=["E:/subject/one/MaaFramework/bin/plugins/MaaPluginDemo.dll"]] 
[2026-05-13 14:39:00.269][INF][Px28484][Tx29516][Utils/EventDispatcher.hpp][L37][MaaNS::EventDispatcher::add_sink] [callback=true] [trans_arg=true] 
[2026-05-13 14:39:00.269][TRC][Px28484][Tx29516][Tasker.cpp][L20][MaaNS::Tasker::Tasker] | leave, 0ms 
[2026-05-13 14:39:00.269][TRC][Px28484][Tx29516][MaaFramework.cpp][L319][MaaTaskerCreate] | leave, 0ms 
[2026-05-13 14:39:00.269][DBG][Px28484][Tx29516][MaaFramework.cpp][L54][MaaWin32ControllerCreate] [hWnd=true] [screencap_method=16] [mouse_method=4] [keyboard_method=4] | enter 
[2026-05-13 14:39:00.269][DBG][Px28484][Tx29516][MaaUtils/LibraryHolder.h][L49][MaaNS::LibraryHolder<class MaaNS::Win32ControlUnitLibraryHolder>::load_library] [libname=E:/subject/one/MaaFramework/bin/MaaWin32ControlUnit] | enter 
[2026-05-13 14:39:00.269][INF][Px28484][Tx29516][MaaUtils/LibraryHolder.h][L65][MaaNS::LibraryHolder<class MaaNS::Win32ControlUnitLibraryHolder>::load_library] Loading library [libname=E:/subject/one/MaaFramework/bin/MaaWin32ControlUnit] 
[2026-05-13 14:39:00.271][TRC][Px28484][Tx29516][MaaUtils/LibraryHolder.h][L49][MaaNS::LibraryHolder<class MaaNS::Win32ControlUnitLibraryHolder>::load_library] | leave, 1ms 
[2026-05-13 14:39:00.271][DBG][Px28484][Tx29516][MaaUtils/LibraryHolder.h][L113][MaaNS::LibraryHolder<class MaaNS::Win32ControlUnitLibraryHolder>::get_function] [func_name=MaaWin32ControlUnitGetVersion] | enter 
[2026-05-13 14:39:00.271][TRC][Px28484][Tx29516][MaaUtils/LibraryHolder.h][L113][MaaNS::LibraryHolder<class MaaNS::Win32ControlUnitLibraryHolder>::get_function] | leave, 0ms 
[2026-05-13 14:39:00.271][INF][Px28484][Tx29516][ControlUnit.cpp][L30][MaaNS::check_version] class MaaNS::Win32ControlUnitLibraryHolder Library version: v5.10.4 
[2026-05-13 14:39:00.271][DBG][Px28484][Tx29516][MaaUtils/LibraryHolder.h][L113][MaaNS::LibraryHolder<class MaaNS::Win32ControlUnitLibraryHolder>::get_function] [func_name=MaaWin32ControlUnitCreate] | enter 
[2026-05-13 14:39:00.271][TRC][Px28484][Tx29516][MaaUtils/LibraryHolder.h][L113][MaaNS::LibraryHolder<class MaaNS::Win32ControlUnitLibraryHolder>::get_function] | leave, 0ms 
[2026-05-13 14:39:00.271][DBG][Px28484][Tx29516][MaaUtils/LibraryHolder.h][L113][MaaNS::LibraryHolder<class MaaNS::Win32ControlUnitLibraryHolder>::get_function] [func_name=MaaWin32ControlUnitDestroy] | enter 
[2026-05-13 14:39:00.271][TRC][Px28484][Tx29516][MaaUtils/LibraryHolder.h][L113][MaaNS::LibraryHolder<class MaaNS::Win32ControlUnitLibraryHolder>::get_function] | leave, 0ms 
[2026-05-13 14:39:00.271][DBG][Px28484][Tx29516][Win32ControlUnitAPI.cpp][L23][MaaWin32ControlUnitCreate] [hWnd=true] [screencap_method=16] [mouse_method=4] [keyboard_method=4] | enter 
[2026-05-13 14:39:00.271][TRC][Px28484][Tx29516][Win32ControlUnitAPI.cpp][L23][MaaWin32ControlUnitCreate] | leave, 0ms 
[2026-05-13 14:39:00.271][DBG][Px28484][Tx29516][ControllerAgent.cpp][L15][MaaNS::ControllerNS::ControllerAgent::ControllerAgent] [control_unit_=00000234E183B300] | enter 
[2026-05-13 14:39:00.271][INF][Px28484][Tx29516][ControllerAgent.cpp][L18][MaaNS::ControllerNS::ControllerAgent::ControllerAgent] [plugin_mgr.get_names()=["E:/subject/one/MaaFramework/bin/plugins/MaaPluginDemo.dll"]] 
[2026-05-13 14:39:00.271][INF][Px28484][Tx29516][Utils/EventDispatcher.hpp][L37][MaaNS::EventDispatcher::add_sink] [callback=true] [trans_arg=true] 
[2026-05-13 14:39:00.271][TRC][Px28484][Tx29516][ControllerAgent.cpp][L15][MaaNS::ControllerNS::ControllerAgent::ControllerAgent] | leave, 0ms 
[2026-05-13 14:39:00.271][TRC][Px28484][Tx29516][MaaFramework.cpp][L54][MaaWin32ControllerCreate] | leave, 1ms 
[2026-05-13 14:39:00.271][DBG][Px28484][Tx29516][MaaTasker.cpp][L106][MaaTaskerBindController] [tasker=true] [ctrl=true] | enter 
[2026-05-13 14:39:00.271][INF][Px28484][Tx29516][Tasker.cpp][L59][MaaNS::Tasker::bind_controller] [this=true] [controller=true] [derived=true] [controller_=false] 
[2026-05-13 14:39:00.271][TRC][Px28484][Tx29516][MaaTasker.cpp][L106][MaaTaskerBindController] | leave, 0ms 
[2026-05-13 14:39:00.271][DBG][Px28484][Tx29516][MaaFramework.cpp][L300][MaaResourceCreate] | enter 
[2026-05-13 14:39:00.271][DBG][Px28484][Tx29516][OCRResMgr.cpp][L15][MaaNS::ResourceNS::OCRResMgr::OCRResMgr] | enter 
[2026-05-13 14:39:00.271][TRC][Px28484][Tx29516][OCRResMgr.cpp][L15][MaaNS::ResourceNS::OCRResMgr::OCRResMgr] | leave, 0ms 
[2026-05-13 14:39:00.283][DBG][Px28484][Tx29516][ResourceMgr.cpp][L18][MaaNS::ResourceNS::ResourceMgr::ResourceMgr] | enter 
[2026-05-13 14:39:00.283][INF][Px28484][Tx29516][ResourceMgr.cpp][L21][MaaNS::ResourceNS::ResourceMgr::ResourceMgr] [plugin_mgr.get_names()=["E:/subject/one/MaaFramework/bin/plugins/MaaPluginDemo.dll"]] 
[2026-05-13 14:39:00.283][INF][Px28484][Tx29516][Utils/EventDispatcher.hpp][L37][MaaNS::EventDispatcher::add_sink] [callback=true] [trans_arg=true] 
[2026-05-13 14:39:00.283][TRC][Px28484][Tx29516][ResourceMgr.cpp][L18][MaaNS::ResourceNS::ResourceMgr::ResourceMgr] | leave, 0ms 
[2026-05-13 14:39:00.283][TRC][Px28484][Tx29516][MaaFramework.cpp][L300][MaaResourceCreate] | leave, 11ms 
[2026-05-13 14:39:00.283][DBG][Px28484][Tx29516][MaaResource.cpp][L158][MaaResourcePostPipeline] [res=true] [path=E:\subject\one\resource\pipeline] | enter 
[2026-05-13 14:39:00.283][INF][Px28484][Tx29516][ResourceMgr.cpp][L75][MaaNS::ResourceNS::ResourceMgr::post_path] [static_cast<int>(type)=2] [path=E:/subject/one/resource/pipeline] 
[2026-05-13 14:39:00.283][TRC][Px28484][Tx29516][MaaResource.cpp][L158][MaaResourcePostPipeline] | leave, 0ms 
[2026-05-13 14:39:00.283][DBG][Px28484][Tx51221][ResourceMgr.cpp][L595][MaaNS::ResourceNS::ResourceMgr::run_load] [id=100000001] [static_cast<int>(item.type)=2] [item.path=E:/subject/one/resource/pipeline] | enter 
[2026-05-13 14:39:00.283][INF][Px28484][Tx51221][Utils/EventDispatcher.hpp][L65][MaaNS::EventDispatcher::notify] !!!OnEventNotify!!! [handle=true] [msg=Resource.Loading.Starting] [details={"hash":"","path":"E:/subject/one/resource/pipeline","res_id":100000001,"type":"Pipeline"}] 
[2026-05-13 14:39:00.283][INF][Px28484][Tx51221][ResourceMgr.cpp][L372][MaaNS::ResourceNS::ResourceMgr::available_providers] [all_providers_vec=["DmlExecutionProvider","CPUExecutionProvider"]] 
[2026-05-13 14:39:00.283][INF][Px28484][Tx51221][ResourceMgr.cpp][L400][MaaNS::ResourceNS::ResourceMgr::available_providers] [s_provider_cache=[2,1]] 
[2026-05-13 14:39:00.283][TRC][Px28484][Tx51221][GpuOptionWin32.cpp][L137][MaaNS::perfer_gpu] 
[2026-05-13 14:39:00.286][INF][Px28484][Tx51221][GpuOptionWin32.cpp][L188][MaaNS::perfer_gpu] [adapter_index=0] [adapter_desc=NVIDIA GeForce RTX 4070 Ti] 
[2026-05-13 14:39:00.354][TRC][Px28484][Tx51221][GpuOptionWin32.cpp][L21][MaaNS::adapter_instance_path] 
[2026-05-13 14:39:00.354][DBG][Px28484][Tx51221][GpuOptionWin32.cpp][L48][MaaNS::adapter_instance_path] [result=PCI\VEN_10DE&DEV_2782&SUBSYS_E1301462&REV_A1\4&1bcd7285&0&0008] 
[2026-05-13 14:39:00.354][TRC][Px28484][Tx51221][GpuOptionWin32.cpp][L54][MaaNS::gpu_driver_date] 
[2026-05-13 14:39:00.354][DBG][Px28484][Tx51221][GpuOptionWin32.cpp][L83][MaaNS::gpu_driver_date] [system_time.wYear=2024] [system_time.wMonth=8] [system_time.wDay=14] 
[2026-05-13 14:39:00.354][TRC][Px28484][Tx51221][GpuOptionWin32.cpp][L89][MaaNS::is_indirect_display_adapter] 
[2026-05-13 14:39:00.354][DBG][Px28484][Tx51221][GpuOptionWin32.cpp][L114][MaaNS::is_indirect_display_adapter] RegQueryValueExW 1 failed [ret=2] [type=0] [size=0] 
[2026-05-13 14:39:00.354][INF][Px28484][Tx51221][GpuOptionWin32.cpp][L232][MaaNS::perfer_gpu] available gpu found [adapter_index=0] [adapter_desc=] [desc.DedicatedVideoMemory=12578717696] 
[2026-05-13 14:39:00.355][INF][Px28484][Tx51221][GpuOptionWin32.cpp][L188][MaaNS::perfer_gpu] [adapter_index=1] [adapter_desc=NVIDIA GeForce RTX 4070 Ti] 
[2026-05-13 14:39:00.406][TRC][Px28484][Tx51221][GpuOptionWin32.cpp][L21][MaaNS::adapter_instance_path] 
[2026-05-13 14:39:00.406][DBG][Px28484][Tx51221][GpuOptionWin32.cpp][L48][MaaNS::adapter_instance_path] [result=ROOT\DISPLAY\0002] 
[2026-05-13 14:39:00.406][TRC][Px28484][Tx51221][GpuOptionWin32.cpp][L54][MaaNS::gpu_driver_date] 
[2026-05-13 14:39:00.406][DBG][Px28484][Tx51221][GpuOptionWin32.cpp][L83][MaaNS::gpu_driver_date] [system_time.wYear=2021] [system_time.wMonth=8] [system_time.wDay=31] 
[2026-05-13 14:39:00.406][TRC][Px28484][Tx51221][GpuOptionWin32.cpp][L89][MaaNS::is_indirect_display_adapter] 
[2026-05-13 14:39:00.406][DBG][Px28484][Tx51221][GpuOptionWin32.cpp][L131][MaaNS::is_indirect_display_adapter] [value=IndirectKmd ] [sub_key=SYSTEM\CurrentControlSet\Enum\ROOT\DISPLAY\0002] [indirect=true] 
[2026-05-13 14:39:00.406][WRN][Px28484][Tx51221][GpuOptionWin32.cpp][L223][MaaNS::perfer_gpu] virtual adapters (streaming/RDP), skip [adapter_index=1] [adapter_desc=NVIDIA GeForce RTX 4070 Ti] [instance_path=ROOT\DISPLAY\0002] 
[2026-05-13 14:39:00.406][INF][Px28484][Tx51221][GpuOptionWin32.cpp][L188][MaaNS::perfer_gpu] [adapter_index=2] [adapter_desc=NVIDIA GeForce RTX 4070 Ti] 
[2026-05-13 14:39:00.455][TRC][Px28484][Tx51221][GpuOptionWin32.cpp][L21][MaaNS::adapter_instance_path] 
[2026-05-13 14:39:00.455][DBG][Px28484][Tx51221][GpuOptionWin32.cpp][L48][MaaNS::adapter_instance_path] [result=ROOT\DISPLAY\0001] 
[2026-05-13 14:39:00.455][TRC][Px28484][Tx51221][GpuOptionWin32.cpp][L54][MaaNS::gpu_driver_date] 
[2026-05-13 14:39:00.455][DBG][Px28484][Tx51221][GpuOptionWin32.cpp][L83][MaaNS::gpu_driver_date] [system_time.wYear=2026] [system_time.wMonth=2] [system_time.wDay=28] 
[2026-05-13 14:39:00.455][TRC][Px28484][Tx51221][GpuOptionWin32.cpp][L89][MaaNS::is_indirect_display_adapter] 
[2026-05-13 14:39:00.455][DBG][Px28484][Tx51221][GpuOptionWin32.cpp][L131][MaaNS::is_indirect_display_adapter] [value=IndirectKmd ] [sub_key=SYSTEM\CurrentControlSet\Enum\ROOT\DISPLAY\0001] [indirect=true] 
[2026-05-13 14:39:00.455][WRN][Px28484][Tx51221][GpuOptionWin32.cpp][L223][MaaNS::perfer_gpu] virtual adapters (streaming/RDP), skip [adapter_index=2] [adapter_desc=NVIDIA GeForce RTX 4070 Ti] [instance_path=ROOT\DISPLAY\0001] 
[2026-05-13 14:39:00.455][INF][Px28484][Tx51221][GpuOptionWin32.cpp][L188][MaaNS::perfer_gpu] [adapter_index=3] [adapter_desc=NVIDIA GeForce RTX 4070 Ti] 
[2026-05-13 14:39:00.505][TRC][Px28484][Tx51221][GpuOptionWin32.cpp][L21][MaaNS::adapter_instance_path] 
[2026-05-13 14:39:00.505][DBG][Px28484][Tx51221][GpuOptionWin32.cpp][L48][MaaNS::adapter_instance_path] [result=ROOT\DISPLAY\0000] 
[2026-05-13 14:39:00.505][TRC][Px28484][Tx51221][GpuOptionWin32.cpp][L54][MaaNS::gpu_driver_date] 
[2026-05-13 14:39:00.505][DBG][Px28484][Tx51221][GpuOptionWin32.cpp][L83][MaaNS::gpu_driver_date] [system_time.wYear=2023] [system_time.wMonth=4] [system_time.wDay=24] 
[2026-05-13 14:39:00.505][TRC][Px28484][Tx51221][GpuOptionWin32.cpp][L89][MaaNS::is_indirect_display_adapter] 
[2026-05-13 14:39:00.505][DBG][Px28484][Tx51221][GpuOptionWin32.cpp][L131][MaaNS::is_indirect_display_adapter] [value=IndirectKmd ] [sub_key=SYSTEM\CurrentControlSet\Enum\ROOT\DISPLAY\0000] [indirect=true] 
[2026-05-13 14:39:00.505][WRN][Px28484][Tx51221][GpuOptionWin32.cpp][L223][MaaNS::perfer_gpu] virtual adapters (streaming/RDP), skip [adapter_index=3] [adapter_desc=NVIDIA GeForce RTX 4070 Ti] [instance_path=ROOT\DISPLAY\0000] 
[2026-05-13 14:39:00.505][INF][Px28484][Tx51221][GpuOptionWin32.cpp][L188][MaaNS::perfer_gpu] [adapter_index=4] [adapter_desc=Microsoft Basic Render Driver] 
[2026-05-13 14:39:00.505][WRN][Px28484][Tx51221][GpuOptionWin32.cpp][L191][MaaNS::perfer_gpu] software adapter, skip [adapter_index=4] [adapter_desc=Microsoft Basic Render Driver] 
[2026-05-13 14:39:00.505][DBG][Px28484][Tx51221][GpuOptionWin32.cpp][L173][MaaNS::perfer_gpu] EnumAdapters1 DXGI_ERROR_NOT_FOUND [adapter_index=5] 
[2026-05-13 14:39:00.505][INF][Px28484][Tx51221][GpuOptionWin32.cpp][L251][MaaNS::perfer_gpu] Best gpu selected [best_gpu.adapter_index=0] [best_gpu.description=NVIDIA GeForce RTX 4070 Ti] [best_gpu.dedicated_video_memory=12578717696] 
[2026-05-13 14:39:00.505][INF][Px28484][Tx51221][ONNXResMgr.cpp][L69][MaaNS::ResourceNS::ONNXResMgr::use_directml] [device_id=0] 
[2026-05-13 14:39:00.625][INF][Px28484][Tx51221][ONNXResMgr.cpp][L82][MaaNS::ResourceNS::ONNXResMgr::use_directml] Using DML execution provider with device_id 0 
[2026-05-13 14:39:00.625][INF][Px28484][Tx51221][OCRResMgr.cpp][L42][MaaNS::ResourceNS::OCRResMgr::use_directml] [device_id=0] 
[2026-05-13 14:39:00.625][DBG][Px28484][Tx51221][ResourceMgr.cpp][L702][MaaNS::ResourceNS::ResourceMgr::load_pipeline] [path=E:/subject/one/resource/pipeline] | enter 
[2026-05-13 14:39:00.625][DBG][Px28484][Tx51221][PipelineResMgr.cpp][L15][MaaNS::ResourceNS::PipelineResMgr::load] [path=E:/subject/one/resource/pipeline] | enter 
[2026-05-13 14:39:00.625][DBG][Px28484][Tx51221][PipelineResMgr.cpp][L110][MaaNS::ResourceNS::PipelineResMgr::open_and_parse_file] [path=E:/subject/one/resource/pipeline/Startup.json] | enter 
[2026-05-13 14:39:00.625][DBG][Px28484][Tx51221][PipelineParser.cpp][L188][MaaNS::ResourceNS::PipelineParser::parse_node] [name=Startup] 
[2026-05-13 14:39:00.625][TRC][Px28484][Tx51221][PipelineResMgr.cpp][L110][MaaNS::ResourceNS::PipelineResMgr::open_and_parse_file] | leave, 0ms 
[2026-05-13 14:39:00.625][TRC][Px28484][Tx51221][PipelineResMgr.cpp][L15][MaaNS::ResourceNS::PipelineResMgr::load] | leave, 0ms 
[2026-05-13 14:39:00.625][TRC][Px28484][Tx51221][ResourceMgr.cpp][L702][MaaNS::ResourceNS::ResourceMgr::load_pipeline] | leave, 0ms 
[2026-05-13 14:39:00.625][INF][Px28484][Tx51221][ResourceMgr.cpp][L217][MaaNS::ResourceNS::ResourceMgr::calc_hash] [hash_cache_=6ff9a750b672c22] 
[2026-05-13 14:39:00.625][INF][Px28484][Tx51221][Utils/EventDispatcher.hpp][L65][MaaNS::EventDispatcher::notify] !!!OnEventNotify!!! [handle=true] [msg=Resource.Loading.Succeeded] [details={"hash":"6ff9a750b672c22","path":"E:/subject/one/resource/pipeline","res_id":100000001,"type":"Pipeline"}] 
[2026-05-13 14:39:00.626][TRC][Px28484][Tx51221][ResourceMgr.cpp][L595][MaaNS::ResourceNS::ResourceMgr::run_load] | leave, 342ms 
[2026-05-13 14:39:00.626][DBG][Px28484][Tx12360][MaaTasker.cpp][L94][MaaTaskerBindResource] [tasker=true] [res=true] | enter 
[2026-05-13 14:39:00.626][INF][Px28484][Tx12360][Tasker.cpp][L44][MaaNS::Tasker::bind_resource] [this=true] [resource=true] [derived=true] [resource_=false] 
[2026-05-13 14:39:00.626][TRC][Px28484][Tx12360][MaaTasker.cpp][L94][MaaTaskerBindResource] | leave, 0ms 
[2026-05-13 14:39:00.632][DBG][Px28484][Tx12360][Logger] ----------------------------- 
[2026-05-13 14:39:00.632][DBG][Px28484][Tx12360][Logger] Close log 
[2026-05-13 14:39:00.632][DBG][Px28484][Tx12360][Logger] ----------------------------- 
[2026-05-13 14:39:23.730][DBG][Px24644][Tx43702][Logger] ----------------------------- 
[2026-05-13 14:39:23.731][DBG][Px24644][Tx43702][Logger] MAA Process Start 
[2026-05-13 14:39:23.731][DBG][Px24644][Tx43702][Logger] Version v5.10.4 
[2026-05-13 14:39:23.731][DBG][Px24644][Tx43702][Logger] Built at May  3 2026 04:23:41 
[2026-05-13 14:39:23.731][DBG][Px24644][Tx43702][Logger] Windows x64 
[2026-05-13 14:39:23.731][DBG][Px24644][Tx43702][Logger] Working E:/subject/one 
[2026-05-13 14:39:23.731][DBG][Px24644][Tx43702][Logger] Logging E:/subject/one/debug/maafw.log 
[2026-05-13 14:39:23.731][DBG][Px24644][Tx43702][Logger] ----------------------------- 
[2026-05-13 14:39:23.731][TRC][Px24644][Tx43702][OptionMgr.cpp][L35][MaaNS::GlobalNS::OptionMgr::set_log_dir] | leave, 0ms 
[2026-05-13 14:39:23.731][TRC][Px24644][Tx43702][OptionMgr.cpp][L10][MaaNS::GlobalNS::OptionMgr::set_option] | leave, 0ms 
[2026-05-13 14:39:23.731][TRC][Px24644][Tx43702][MaaFramework.cpp][L338][MaaGlobalSetOption] | leave, 0ms 
[2026-05-13 14:39:23.731][DBG][Px24644][Tx43702][MaaFramework.cpp][L338][MaaGlobalSetOption] [key=2] [value=true] [val_size=1] | enter 
[2026-05-13 14:39:23.731][DBG][Px24644][Tx43702][OptionMgr.cpp][L10][MaaNS::GlobalNS::OptionMgr::set_option] [key=2] [value=true] [val_size=1] | enter 
[2026-05-13 14:39:23.731][DBG][Px24644][Tx43702][OptionMgr.cpp][L49][MaaNS::GlobalNS::OptionMgr::set_save_draw] | enter 
[2026-05-13 14:39:23.731][INF][Px24644][Tx43702][OptionMgr.cpp][L58][MaaNS::GlobalNS::OptionMgr::set_save_draw] Set save draw [save_draw_=false] 
[2026-05-13 14:39:23.731][TRC][Px24644][Tx43702][OptionMgr.cpp][L49][MaaNS::GlobalNS::OptionMgr::set_save_draw] | leave, 0ms 
[2026-05-13 14:39:23.731][TRC][Px24644][Tx43702][OptionMgr.cpp][L10][MaaNS::GlobalNS::OptionMgr::set_option] | leave, 0ms 
[2026-05-13 14:39:23.731][TRC][Px24644][Tx43702][MaaFramework.cpp][L338][MaaGlobalSetOption] | leave, 0ms 
[2026-05-13 14:39:23.731][DBG][Px24644][Tx43702][MaaFramework.cpp][L338][MaaGlobalSetOption] [key=7] [value=true] [val_size=1] | enter 
[2026-05-13 14:39:23.731][DBG][Px24644][Tx43702][OptionMgr.cpp][L10][MaaNS::GlobalNS::OptionMgr::set_option] [key=7] [value=true] [val_size=1] | enter 
[2026-05-13 14:39:23.731][DBG][Px24644][Tx43702][OptionMgr.cpp][L99][MaaNS::GlobalNS::OptionMgr::set_save_on_error] | enter 
[2026-05-13 14:39:23.731][INF][Px24644][Tx43702][OptionMgr.cpp][L108][MaaNS::GlobalNS::OptionMgr::set_save_on_error] Set save on error [save_on_error_=true] 
[2026-05-13 14:39:23.731][TRC][Px24644][Tx43702][OptionMgr.cpp][L99][MaaNS::GlobalNS::OptionMgr::set_save_on_error] | leave, 0ms 
[2026-05-13 14:39:23.731][TRC][Px24644][Tx43702][OptionMgr.cpp][L10][MaaNS::GlobalNS::OptionMgr::set_option] | leave, 0ms 
[2026-05-13 14:39:23.731][TRC][Px24644][Tx43702][MaaFramework.cpp][L338][MaaGlobalSetOption] | leave, 0ms 
[2026-05-13 14:39:23.731][DBG][Px24644][Tx43702][MaaFramework.cpp][L338][MaaGlobalSetOption] [key=4] [value=true] [val_size=4] | enter 
[2026-05-13 14:39:23.731][DBG][Px24644][Tx43702][OptionMgr.cpp][L10][MaaNS::GlobalNS::OptionMgr::set_option] [key=4] [value=true] [val_size=4] | enter 
[2026-05-13 14:39:23.731][DBG][Px24644][Tx43702][OptionMgr.cpp][L65][MaaNS::GlobalNS::OptionMgr::set_stdout_level] | enter 
[2026-05-13 14:39:23.731][INF][Px24644][Tx43702][OptionMgr.cpp][L74][MaaNS::GlobalNS::OptionMgr::set_stdout_level] Set log stdout level [level=2] 
[2026-05-13 14:39:23.731][TRC][Px24644][Tx43702][OptionMgr.cpp][L65][MaaNS::GlobalNS::OptionMgr::set_stdout_level] | leave, 0ms 
[2026-05-13 14:39:23.731][TRC][Px24644][Tx43702][OptionMgr.cpp][L10][MaaNS::GlobalNS::OptionMgr::set_option] | leave, 0ms 
[2026-05-13 14:39:23.731][TRC][Px24644][Tx43702][MaaFramework.cpp][L338][MaaGlobalSetOption] | leave, 0ms 
[2026-05-13 14:39:23.731][DBG][Px24644][Tx43702][MaaFramework.cpp][L338][MaaGlobalSetOption] [key=8] [value=true] [val_size=4] | enter 
[2026-05-13 14:39:23.731][DBG][Px24644][Tx43702][OptionMgr.cpp][L10][MaaNS::GlobalNS::OptionMgr::set_option] [key=8] [value=true] [val_size=4] | enter 
[2026-05-13 14:39:23.731][DBG][Px24644][Tx43702][OptionMgr.cpp][L115][MaaNS::GlobalNS::OptionMgr::set_draw_quality] | enter 
[2026-05-13 14:39:23.731][INF][Px24644][Tx43702][OptionMgr.cpp][L130][MaaNS::GlobalNS::OptionMgr::set_draw_quality] Set draw quality [draw_quality_=85] 
[2026-05-13 14:39:23.731][TRC][Px24644][Tx43702][OptionMgr.cpp][L115][MaaNS::GlobalNS::OptionMgr::set_draw_quality] | leave, 0ms 
[2026-05-13 14:39:23.731][TRC][Px24644][Tx43702][OptionMgr.cpp][L10][MaaNS::GlobalNS::OptionMgr::set_option] | leave, 0ms 
[2026-05-13 14:39:23.731][TRC][Px24644][Tx43702][MaaFramework.cpp][L338][MaaGlobalSetOption] | leave, 0ms 
[2026-05-13 14:39:23.731][DBG][Px24644][Tx43702][GlobalOptionConfig.cpp][L83][MaaNS::ToolkitNS::GlobalOptionConfig::apply_option] [bret=true] 
[2026-05-13 14:39:23.731][TRC][Px24644][Tx43702][GlobalOptionConfig.cpp][L67][MaaNS::ToolkitNS::GlobalOptionConfig::apply_option] | leave, 0ms 
[2026-05-13 14:39:23.731][TRC][Px24644][Tx43702][GlobalOptionConfig.cpp][L17][MaaNS::ToolkitNS::GlobalOptionConfig::init] | leave, 0ms 
[2026-05-13 14:39:23.731][DBG][Px24644][Tx43702][DesktopWindowWin32Finder.cpp][L13][MaaNS::ToolkitNS::DesktopWindowWin32Finder::find_all] | enter 
[2026-05-13 14:39:23.731][TRC][Px24644][Tx43702][DesktopWindowWin32Finder.cpp][L13][MaaNS::ToolkitNS::DesktopWindowWin32Finder::find_all] | leave, 0ms 
[2026-05-13 14:39:23.731][DBG][Px24644][Tx43702][MaaFramework.cpp][L319][MaaTaskerCreate] | enter 
[2026-05-13 14:39:23.731][DBG][Px24644][Tx43702][Tasker.cpp][L20][MaaNS::Tasker::Tasker] | enter 
[2026-05-13 14:39:23.731][INF][Px24644][Tx43702][Tasker.cpp][L23][MaaNS::Tasker::Tasker] [plugin_mgr.get_names()=["E:/subject/one/MaaFramework/bin/plugins/MaaPluginDemo.dll"]] 
[2026-05-13 14:39:23.731][INF][Px24644][Tx43702][Utils/EventDispatcher.hpp][L37][MaaNS::EventDispatcher::add_sink] [callback=true] [trans_arg=true] 
[2026-05-13 14:39:23.731][TRC][Px24644][Tx43702][Tasker.cpp][L20][MaaNS::Tasker::Tasker] | leave, 0ms 
[2026-05-13 14:39:23.731][TRC][Px24644][Tx43702][MaaFramework.cpp][L319][MaaTaskerCreate] | leave, 0ms 
[2026-05-13 14:39:23.731][DBG][Px24644][Tx43702][MaaFramework.cpp][L54][MaaWin32ControllerCreate] [hWnd=true] [screencap_method=16] [mouse_method=4] [keyboard_method=4] | enter 
[2026-05-13 14:39:23.731][DBG][Px24644][Tx43702][MaaUtils/LibraryHolder.h][L49][MaaNS::LibraryHolder<class MaaNS::Win32ControlUnitLibraryHolder>::load_library] [libname=E:/subject/one/MaaFramework/bin/MaaWin32ControlUnit] | enter 
[2026-05-13 14:39:23.731][INF][Px24644][Tx43702][MaaUtils/LibraryHolder.h][L65][MaaNS::LibraryHolder<class MaaNS::Win32ControlUnitLibraryHolder>::load_library] Loading library [libname=E:/subject/one/MaaFramework/bin/MaaWin32ControlUnit] 
[2026-05-13 14:39:23.733][TRC][Px24644][Tx43702][MaaUtils/LibraryHolder.h][L49][MaaNS::LibraryHolder<class MaaNS::Win32ControlUnitLibraryHolder>::load_library] | leave, 1ms 
[2026-05-13 14:39:23.733][DBG][Px24644][Tx43702][MaaUtils/LibraryHolder.h][L113][MaaNS::LibraryHolder<class MaaNS::Win32ControlUnitLibraryHolder>::get_function] [func_name=MaaWin32ControlUnitGetVersion] | enter 
[2026-05-13 14:39:23.733][TRC][Px24644][Tx43702][MaaUtils/LibraryHolder.h][L113][MaaNS::LibraryHolder<class MaaNS::Win32ControlUnitLibraryHolder>::get_function] | leave, 0ms 
[2026-05-13 14:39:23.733][INF][Px24644][Tx43702][ControlUnit.cpp][L30][MaaNS::check_version] class MaaNS::Win32ControlUnitLibraryHolder Library version: v5.10.4 
[2026-05-13 14:39:23.733][DBG][Px24644][Tx43702][MaaUtils/LibraryHolder.h][L113][MaaNS::LibraryHolder<class MaaNS::Win32ControlUnitLibraryHolder>::get_function] [func_name=MaaWin32ControlUnitCreate] | enter 
[2026-05-13 14:39:23.733][TRC][Px24644][Tx43702][MaaUtils/LibraryHolder.h][L113][MaaNS::LibraryHolder<class MaaNS::Win32ControlUnitLibraryHolder>::get_function] | leave, 0ms 
[2026-05-13 14:39:23.733][DBG][Px24644][Tx43702][MaaUtils/LibraryHolder.h][L113][MaaNS::LibraryHolder<class MaaNS::Win32ControlUnitLibraryHolder>::get_function] [func_name=MaaWin32ControlUnitDestroy] | enter 
[2026-05-13 14:39:23.733][TRC][Px24644][Tx43702][MaaUtils/LibraryHolder.h][L113][MaaNS::LibraryHolder<class MaaNS::Win32ControlUnitLibraryHolder>::get_function] | leave, 0ms 
[2026-05-13 14:39:23.733][DBG][Px24644][Tx43702][Win32ControlUnitAPI.cpp][L23][MaaWin32ControlUnitCreate] [hWnd=true] [screencap_method=16] [mouse_method=4] [keyboard_method=4] | enter 
[2026-05-13 14:39:23.733][TRC][Px24644][Tx43702][Win32ControlUnitAPI.cpp][L23][MaaWin32ControlUnitCreate] | leave, 0ms 
[2026-05-13 14:39:23.733][DBG][Px24644][Tx43702][ControllerAgent.cpp][L15][MaaNS::ControllerNS::ControllerAgent::ControllerAgent] [control_unit_=0000020AD5A2BF10] | enter 
[2026-05-13 14:39:23.733][INF][Px24644][Tx43702][ControllerAgent.cpp][L18][MaaNS::ControllerNS::ControllerAgent::ControllerAgent] [plugin_mgr.get_names()=["E:/subject/one/MaaFramework/bin/plugins/MaaPluginDemo.dll"]] 
[2026-05-13 14:39:23.733][INF][Px24644][Tx43702][Utils/EventDispatcher.hpp][L37][MaaNS::EventDispatcher::add_sink] [callback=true] [trans_arg=true] 
[2026-05-13 14:39:23.733][TRC][Px24644][Tx43702][ControllerAgent.cpp][L15][MaaNS::ControllerNS::ControllerAgent::ControllerAgent] | leave, 0ms 
[2026-05-13 14:39:23.733][TRC][Px24644][Tx43702][MaaFramework.cpp][L54][MaaWin32ControllerCreate] | leave, 2ms 
[2026-05-13 14:39:23.733][DBG][Px24644][Tx43702][MaaController.cpp][L59][MaaControllerPostConnection] [ctrl=true] | enter 
[2026-05-13 14:39:23.733][TRC][Px24644][Tx43702][MaaController.cpp][L59][MaaControllerPostConnection] | leave, 0ms 
[2026-05-13 14:39:23.735][INF][Px24644][Tx52473][Win32ControlUnitMgr.cpp][L48][MaaNS::CtrlUnitNs::Win32ControlUnitMgr::connect] SetThreadDpiAwarenessContext to PER_MONITOR_AWARE_V2 success [prev_ctx=true] 
[2026-05-13 14:39:23.735][INF][Px24644][Tx52473][PseudoMinimizeHelper.cpp][L49][MaaNS::CtrlUnitNs::PseudoMinimizeHelper::start] PseudoMinimizeHelper started [hwnd_=true] 
[2026-05-13 14:39:23.735][DBG][Px24644][Tx43769][PseudoMinimizeHelper.cpp][L89][MaaNS::CtrlUnitNs::PseudoMinimizeHelper::monitor_thread_func] | enter 
[2026-05-13 14:39:23.735][DBG][Px24644][Tx52473][Win32ControlUnitMgr.cpp][L171][MaaNS::CtrlUnitNs::Win32ControlUnitMgr::speed_test] | enter 
[2026-05-13 14:39:23.735][INF][Px24644][Tx52473][Win32ControlUnitMgr.cpp][L186][MaaNS::CtrlUnitNs::Win32ControlUnitMgr::speed_test] Warming up PrintWindow 
[2026-05-13 14:39:23.748][INF][Px24644][Tx52473][Win32ControlUnitMgr.cpp][L191][MaaNS::CtrlUnitNs::Win32ControlUnitMgr::speed_test] Testing PrintWindow 
[2026-05-13 14:39:23.759][INF][Px24644][Tx52473][Win32ControlUnitMgr.cpp][L182][MaaNS::CtrlUnitNs::Win32ControlUnitMgr::speed_test::<lambda_1>::operator ()] [method=PrintWindow] [duration=10ms] 
[2026-05-13 14:39:23.759][INF][Px24644][Tx52473][Win32ControlUnitMgr.cpp][L205][MaaNS::CtrlUnitNs::Win32ControlUnitMgr::speed_test] The fastest method is PrintWindow [cost=10ms] 
[2026-05-13 14:39:23.759][TRC][Px24644][Tx52473][Win32ControlUnitMgr.cpp][L171][MaaNS::CtrlUnitNs::Win32ControlUnitMgr::speed_test] | leave, 23ms 
[2026-05-13 14:39:23.759][DBG][Px24644][Tx43702][MaaTasker.cpp][L106][MaaTaskerBindController] [tasker=true] [ctrl=true] | enter 
[2026-05-13 14:39:23.759][INF][Px24644][Tx43702][Tasker.cpp][L59][MaaNS::Tasker::bind_controller] [this=true] [controller=true] [derived=true] [controller_=false] 
[2026-05-13 14:39:23.759][TRC][Px24644][Tx43702][MaaTasker.cpp][L106][MaaTaskerBindController] | leave, 0ms 
[2026-05-13 14:39:23.759][DBG][Px24644][Tx43702][MaaFramework.cpp][L300][MaaResourceCreate] | enter 
[2026-05-13 14:39:23.759][DBG][Px24644][Tx43702][OCRResMgr.cpp][L15][MaaNS::ResourceNS::OCRResMgr::OCRResMgr] | enter 
[2026-05-13 14:39:23.759][TRC][Px24644][Tx43702][OCRResMgr.cpp][L15][MaaNS::ResourceNS::OCRResMgr::OCRResMgr] | leave, 0ms 
[2026-05-13 14:39:23.770][DBG][Px24644][Tx43702][ResourceMgr.cpp][L18][MaaNS::ResourceNS::ResourceMgr::ResourceMgr] | enter 
[2026-05-13 14:39:23.770][INF][Px24644][Tx43702][ResourceMgr.cpp][L21][MaaNS::ResourceNS::ResourceMgr::ResourceMgr] [plugin_mgr.get_names()=["E:/subject/one/MaaFramework/bin/plugins/MaaPluginDemo.dll"]] 
[2026-05-13 14:39:23.770][INF][Px24644][Tx43702][Utils/EventDispatcher.hpp][L37][MaaNS::EventDispatcher::add_sink] [callback=true] [trans_arg=true] 
[2026-05-13 14:39:23.771][TRC][Px24644][Tx43702][ResourceMgr.cpp][L18][MaaNS::ResourceNS::ResourceMgr::ResourceMgr] | leave, 0ms 
[2026-05-13 14:39:23.771][TRC][Px24644][Tx43702][MaaFramework.cpp][L300][MaaResourceCreate] | leave, 11ms 
[2026-05-13 14:39:23.771][DBG][Px24644][Tx43702][MaaResource.cpp][L158][MaaResourcePostPipeline] [res=true] [path=E:\subject\one\resource\pipeline] | enter 
[2026-05-13 14:39:23.771][INF][Px24644][Tx43702][ResourceMgr.cpp][L75][MaaNS::ResourceNS::ResourceMgr::post_path] [static_cast<int>(type)=2] [path=E:/subject/one/resource/pipeline] 
[2026-05-13 14:39:23.771][TRC][Px24644][Tx43702][MaaResource.cpp][L158][MaaResourcePostPipeline] | leave, 0ms 
[2026-05-13 14:39:23.771][DBG][Px24644][Tx56448][ResourceMgr.cpp][L595][MaaNS::ResourceNS::ResourceMgr::run_load] [id=100000001] [static_cast<int>(item.type)=2] [item.path=E:/subject/one/resource/pipeline] | enter 
[2026-05-13 14:39:23.771][INF][Px24644][Tx56448][Utils/EventDispatcher.hpp][L65][MaaNS::EventDispatcher::notify] !!!OnEventNotify!!! [handle=true] [msg=Resource.Loading.Starting] [details={"hash":"","path":"E:/subject/one/resource/pipeline","res_id":100000001,"type":"Pipeline"}] 
[2026-05-13 14:39:23.771][INF][Px24644][Tx56448][ResourceMgr.cpp][L372][MaaNS::ResourceNS::ResourceMgr::available_providers] [all_providers_vec=["DmlExecutionProvider","CPUExecutionProvider"]] 
[2026-05-13 14:39:23.771][INF][Px24644][Tx56448][ResourceMgr.cpp][L400][MaaNS::ResourceNS::ResourceMgr::available_providers] [s_provider_cache=[2,1]] 
[2026-05-13 14:39:23.771][TRC][Px24644][Tx56448][GpuOptionWin32.cpp][L137][MaaNS::perfer_gpu] 
[2026-05-13 14:39:23.774][INF][Px24644][Tx56448][GpuOptionWin32.cpp][L188][MaaNS::perfer_gpu] [adapter_index=0] [adapter_desc=NVIDIA GeForce RTX 4070 Ti] 
[2026-05-13 14:39:23.834][TRC][Px24644][Tx56448][GpuOptionWin32.cpp][L21][MaaNS::adapter_instance_path] 
[2026-05-13 14:39:23.835][DBG][Px24644][Tx56448][GpuOptionWin32.cpp][L48][MaaNS::adapter_instance_path] [result=PCI\VEN_10DE&DEV_2782&SUBSYS_E1301462&REV_A1\4&1bcd7285&0&0008] 
[2026-05-13 14:39:23.835][TRC][Px24644][Tx56448][GpuOptionWin32.cpp][L54][MaaNS::gpu_driver_date] 
[2026-05-13 14:39:23.835][DBG][Px24644][Tx56448][GpuOptionWin32.cpp][L83][MaaNS::gpu_driver_date] [system_time.wYear=2024] [system_time.wMonth=8] [system_time.wDay=14] 
[2026-05-13 14:39:23.835][TRC][Px24644][Tx56448][GpuOptionWin32.cpp][L89][MaaNS::is_indirect_display_adapter] 
[2026-05-13 14:39:23.835][DBG][Px24644][Tx56448][GpuOptionWin32.cpp][L114][MaaNS::is_indirect_display_adapter] RegQueryValueExW 1 failed [ret=2] [type=0] [size=0] 
[2026-05-13 14:39:23.835][INF][Px24644][Tx56448][GpuOptionWin32.cpp][L232][MaaNS::perfer_gpu] available gpu found [adapter_index=0] [adapter_desc=] [desc.DedicatedVideoMemory=12578717696] 
[2026-05-13 14:39:23.835][INF][Px24644][Tx56448][GpuOptionWin32.cpp][L188][MaaNS::perfer_gpu] [adapter_index=1] [adapter_desc=NVIDIA GeForce RTX 4070 Ti] 
[2026-05-13 14:39:23.882][TRC][Px24644][Tx56448][GpuOptionWin32.cpp][L21][MaaNS::adapter_instance_path] 
[2026-05-13 14:39:23.882][DBG][Px24644][Tx56448][GpuOptionWin32.cpp][L48][MaaNS::adapter_instance_path] [result=ROOT\DISPLAY\0002] 
[2026-05-13 14:39:23.882][TRC][Px24644][Tx56448][GpuOptionWin32.cpp][L54][MaaNS::gpu_driver_date] 
[2026-05-13 14:39:23.882][DBG][Px24644][Tx56448][GpuOptionWin32.cpp][L83][MaaNS::gpu_driver_date] [system_time.wYear=2021] [system_time.wMonth=8] [system_time.wDay=31] 
[2026-05-13 14:39:23.882][TRC][Px24644][Tx56448][GpuOptionWin32.cpp][L89][MaaNS::is_indirect_display_adapter] 
[2026-05-13 14:39:23.882][DBG][Px24644][Tx56448][GpuOptionWin32.cpp][L131][MaaNS::is_indirect_display_adapter] [value=IndirectKmd ] [sub_key=SYSTEM\CurrentControlSet\Enum\ROOT\DISPLAY\0002] [indirect=true] 
[2026-05-13 14:39:23.882][WRN][Px24644][Tx56448][GpuOptionWin32.cpp][L223][MaaNS::perfer_gpu] virtual adapters (streaming/RDP), skip [adapter_index=1] [adapter_desc=NVIDIA GeForce RTX 4070 Ti] [instance_path=ROOT\DISPLAY\0002] 
[2026-05-13 14:39:23.882][INF][Px24644][Tx56448][GpuOptionWin32.cpp][L188][MaaNS::perfer_gpu] [adapter_index=2] [adapter_desc=NVIDIA GeForce RTX 4070 Ti] 
[2026-05-13 14:39:23.928][TRC][Px24644][Tx56448][GpuOptionWin32.cpp][L21][MaaNS::adapter_instance_path] 
[2026-05-13 14:39:23.928][DBG][Px24644][Tx56448][GpuOptionWin32.cpp][L48][MaaNS::adapter_instance_path] [result=ROOT\DISPLAY\0001] 
[2026-05-13 14:39:23.928][TRC][Px24644][Tx56448][GpuOptionWin32.cpp][L54][MaaNS::gpu_driver_date] 
[2026-05-13 14:39:23.928][DBG][Px24644][Tx56448][GpuOptionWin32.cpp][L83][MaaNS::gpu_driver_date] [system_time.wYear=2026] [system_time.wMonth=2] [system_time.wDay=28] 
[2026-05-13 14:39:23.928][TRC][Px24644][Tx56448][GpuOptionWin32.cpp][L89][MaaNS::is_indirect_display_adapter] 
[2026-05-13 14:39:23.928][DBG][Px24644][Tx56448][GpuOptionWin32.cpp][L131][MaaNS::is_indirect_display_adapter] [value=IndirectKmd ] [sub_key=SYSTEM\CurrentControlSet\Enum\ROOT\DISPLAY\0001] [indirect=true] 
[2026-05-13 14:39:23.928][WRN][Px24644][Tx56448][GpuOptionWin32.cpp][L223][MaaNS::perfer_gpu] virtual adapters (streaming/RDP), skip [adapter_index=2] [adapter_desc=NVIDIA GeForce RTX 4070 Ti] [instance_path=ROOT\DISPLAY\0001] 
[2026-05-13 14:39:23.928][INF][Px24644][Tx56448][GpuOptionWin32.cpp][L188][MaaNS::perfer_gpu] [adapter_index=3] [adapter_desc=NVIDIA GeForce RTX 4070 Ti] 
[2026-05-13 14:39:23.979][TRC][Px24644][Tx56448][GpuOptionWin32.cpp][L21][MaaNS::adapter_instance_path] 
[2026-05-13 14:39:23.979][DBG][Px24644][Tx56448][GpuOptionWin32.cpp][L48][MaaNS::adapter_instance_path] [result=ROOT\DISPLAY\0000] 
[2026-05-13 14:39:23.979][TRC][Px24644][Tx56448][GpuOptionWin32.cpp][L54][MaaNS::gpu_driver_date] 
[2026-05-13 14:39:23.979][DBG][Px24644][Tx56448][GpuOptionWin32.cpp][L83][MaaNS::gpu_driver_date] [system_time.wYear=2023] [system_time.wMonth=4] [system_time.wDay=24] 
[2026-05-13 14:39:23.979][TRC][Px24644][Tx56448][GpuOptionWin32.cpp][L89][MaaNS::is_indirect_display_adapter] 
[2026-05-13 14:39:23.979][DBG][Px24644][Tx56448][GpuOptionWin32.cpp][L131][MaaNS::is_indirect_display_adapter] [value=IndirectKmd ] [sub_key=SYSTEM\CurrentControlSet\Enum\ROOT\DISPLAY\0000] [indirect=true] 
[2026-05-13 14:39:23.979][WRN][Px24644][Tx56448][GpuOptionWin32.cpp][L223][MaaNS::perfer_gpu] virtual adapters (streaming/RDP), skip [adapter_index=3] [adapter_desc=NVIDIA GeForce RTX 4070 Ti] [instance_path=ROOT\DISPLAY\0000] 
[2026-05-13 14:39:23.979][INF][Px24644][Tx56448][GpuOptionWin32.cpp][L188][MaaNS::perfer_gpu] [adapter_index=4] [adapter_desc=Microsoft Basic Render Driver] 
[2026-05-13 14:39:23.980][WRN][Px24644][Tx56448][GpuOptionWin32.cpp][L191][MaaNS::perfer_gpu] software adapter, skip [adapter_index=4] [adapter_desc=Microsoft Basic Render Driver] 
[2026-05-13 14:39:23.980][DBG][Px24644][Tx56448][GpuOptionWin32.cpp][L173][MaaNS::perfer_gpu] EnumAdapters1 DXGI_ERROR_NOT_FOUND [adapter_index=5] 
[2026-05-13 14:39:23.980][INF][Px24644][Tx56448][GpuOptionWin32.cpp][L251][MaaNS::perfer_gpu] Best gpu selected [best_gpu.adapter_index=0] [best_gpu.description=NVIDIA GeForce RTX 4070 Ti] [best_gpu.dedicated_video_memory=12578717696] 
[2026-05-13 14:39:23.980][INF][Px24644][Tx56448][ONNXResMgr.cpp][L69][MaaNS::ResourceNS::ONNXResMgr::use_directml] [device_id=0] 
[2026-05-13 14:39:24.084][INF][Px24644][Tx56448][ONNXResMgr.cpp][L82][MaaNS::ResourceNS::ONNXResMgr::use_directml] Using DML execution provider with device_id 0 
[2026-05-13 14:39:24.084][INF][Px24644][Tx56448][OCRResMgr.cpp][L42][MaaNS::ResourceNS::OCRResMgr::use_directml] [device_id=0] 
[2026-05-13 14:39:24.084][DBG][Px24644][Tx56448][ResourceMgr.cpp][L702][MaaNS::ResourceNS::ResourceMgr::load_pipeline] [path=E:/subject/one/resource/pipeline] | enter 
[2026-05-13 14:39:24.084][DBG][Px24644][Tx56448][PipelineResMgr.cpp][L15][MaaNS::ResourceNS::PipelineResMgr::load] [path=E:/subject/one/resource/pipeline] | enter 
[2026-05-13 14:39:24.085][DBG][Px24644][Tx56448][PipelineResMgr.cpp][L110][MaaNS::ResourceNS::PipelineResMgr::open_and_parse_file] [path=E:/subject/one/resource/pipeline/Startup.json] | enter 
[2026-05-13 14:39:24.085][DBG][Px24644][Tx56448][PipelineParser.cpp][L188][MaaNS::ResourceNS::PipelineParser::parse_node] [name=Startup] 
[2026-05-13 14:39:24.085][TRC][Px24644][Tx56448][PipelineResMgr.cpp][L110][MaaNS::ResourceNS::PipelineResMgr::open_and_parse_file] | leave, 0ms 
[2026-05-13 14:39:24.085][TRC][Px24644][Tx56448][PipelineResMgr.cpp][L15][MaaNS::ResourceNS::PipelineResMgr::load] | leave, 0ms 
[2026-05-13 14:39:24.085][TRC][Px24644][Tx56448][ResourceMgr.cpp][L702][MaaNS::ResourceNS::ResourceMgr::load_pipeline] | leave, 0ms 
[2026-05-13 14:39:24.085][INF][Px24644][Tx56448][ResourceMgr.cpp][L217][MaaNS::ResourceNS::ResourceMgr::calc_hash] [hash_cache_=6ff9a750b672c22] 
[2026-05-13 14:39:24.085][INF][Px24644][Tx56448][Utils/EventDispatcher.hpp][L65][MaaNS::EventDispatcher::notify] !!!OnEventNotify!!! [handle=true] [msg=Resource.Loading.Succeeded] [details={"hash":"6ff9a750b672c22","path":"E:/subject/one/resource/pipeline","res_id":100000001,"type":"Pipeline"}] 
[2026-05-13 14:39:24.085][TRC][Px24644][Tx56448][ResourceMgr.cpp][L595][MaaNS::ResourceNS::ResourceMgr::run_load] | leave, 314ms 
[2026-05-13 14:39:24.085][DBG][Px24644][Tx11555][MaaTasker.cpp][L94][MaaTaskerBindResource] [tasker=true] [res=true] | enter 
[2026-05-13 14:39:24.085][INF][Px24644][Tx11555][Tasker.cpp][L44][MaaNS::Tasker::bind_resource] [this=true] [resource=true] [derived=true] [resource_=false] 
[2026-05-13 14:39:24.085][TRC][Px24644][Tx11555][MaaTasker.cpp][L94][MaaTaskerBindResource] | leave, 0ms 
[2026-05-13 14:39:24.085][DBG][Px24644][Tx11555][MaaTasker.cpp][L128][MaaTaskerPostTask] [tasker=true] [entry=Startup] [pipeline_override={}] | enter 
[2026-05-13 14:39:24.085][INF][Px24644][Tx11555][Tasker.cpp][L87][MaaNS::Tasker::post_task] [entry=Startup] [pipeline_override={}] 
[2026-05-13 14:39:24.087][DBG][Px24644][Tx11555][Context.cpp][L20][MaaNS::TaskNS::Context::create] [id=200000001] [tasker=true] 
[2026-05-13 14:39:24.087][DBG][Px24644][Tx11555][Context.cpp][L46][MaaNS::TaskNS::Context::Context] [id=200000001] [tasker=true] 
[2026-05-13 14:39:24.087][TRC][Px24644][Tx11555][Context.cpp][L195][MaaNS::TaskNS::Context::override_pipeline] [getptr()=0000020AFD0A6350] [pipeline_override={}] 
[2026-05-13 14:39:24.087][TRC][Px24644][Tx11555][MaaTasker.cpp][L128][MaaTaskerPostTask] | leave, 2ms 
[2026-05-13 14:39:24.087][DBG][Px24644][Tx32287][Tasker.cpp][L323][MaaNS::Tasker::run_task] [runner_id=100000001] [task_ptr=0000020AFD2A98D0] | enter 
[2026-05-13 14:39:24.088][INF][Px24644][Tx32287][Tasker.cpp][L343][MaaNS::Tasker::run_task] task start: [cb_detail={"entry":"Startup","hash":"6ff9a750b672c22","task_id":200000001,"uuid":"000000000059009E"}] 
[2026-05-13 14:39:24.088][INF][Px24644][Tx32287][Utils/EventDispatcher.hpp][L65][MaaNS::EventDispatcher::notify] !!!OnEventNotify!!! [handle=true] [msg=Tasker.Task.Starting] [details={"entry":"Startup","hash":"6ff9a750b672c22","task_id":200000001,"uuid":"000000000059009E"}] 
[2026-05-13 14:39:24.088][DBG][Px24644][Tx32287][PipelineTask.cpp][L26][MaaNS::TaskNS::PipelineTask::run] [entry_=Startup] [task_id_=200000001] | enter 
[2026-05-13 14:39:24.088][INF][Px24644][Tx32287][Utils/EventDispatcher.hpp][L65][MaaNS::EventDispatcher::notify] !!!OnEventNotify!!! [handle=true] [msg=Node.PipelineNode.Starting] [details={"focus":null,"name":"Startup","node_id":300000001,"task_id":200000001}] 
[2026-05-13 14:39:24.097][INF][Px24644][Tx52473][ControllerAgent.cpp][L1070][MaaNS::ControllerNS::ControllerAgent::postproc_screenshot] Resolution changed [raw.cols=1280] [raw.rows=720] [image_raw_width_=0] [image_raw_height_=0] 
[2026-05-13 14:39:24.098][DBG][Px24644][Tx52473][ControllerAgent.cpp][L1105][MaaNS::ControllerNS::ControllerAgent::calc_target_image_size] Re-calc image target size: [image_target_long_side_=0] [image_target_short_side_=720] [image_raw_width_=1280] [image_raw_height_=720] 
[2026-05-13 14:39:24.098][INF][Px24644][Tx52473][ControllerAgent.cpp][L1131][MaaNS::ControllerNS::ControllerAgent::calc_target_image_size] [image_target_width_=1280] [image_target_height_=720] 
[2026-05-13 14:39:24.099][DBG][Px24644][Tx32287][PipelineTask.cpp][L250][MaaNS::TaskNS::PipelineTask::recognize_list] [cur_node_=Startup] [list=[{"anchor":false,"jump_back":false,"name":"Startup"}]] | enter 
[2026-05-13 14:39:24.099][INF][Px24644][Tx32287][Utils/EventDispatcher.hpp][L65][MaaNS::EventDispatcher::notify] !!!OnEventNotify!!! [handle=true] [msg=Node.NextList.Starting] [details={"focus":null,"list":[{"anchor":false,"jump_back":false,"name":"Startup"}],"name":"Startup","task_id":200000001}] 
[2026-05-13 14:39:24.099][DBG][Px24644][Tx32287][PipelineTask.cpp][L362][MaaNS::TaskNS::PipelineTask::prepare_batch_ocr] batch OCR not needed, eligible OCR nodes < 2 [ctx.plan.entries.size()=0] 
[2026-05-13 14:39:24.099][DBG][Px24644][Tx32287][TaskBase.cpp][L61][MaaNS::TaskNS::TaskBase::run_recognition] [cur_node_=Startup] [data.name=Startup] | enter 
[2026-05-13 14:39:24.099][INF][Px24644][Tx32287][Utils/EventDispatcher.hpp][L65][MaaNS::EventDispatcher::notify] !!!OnEventNotify!!! [handle=true] [msg=Node.Recognition.Starting] [details={"focus":null,"name":"Startup","reco_id":400000001,"task_id":200000001}] 
[2026-05-13 14:39:24.099][DBG][Px24644][Tx32287][Recognizer.cpp][L136][MaaNS::TaskNS::Recognizer::direct_hit] Startup 
[2026-05-13 14:39:24.130][INF][Px24644][Tx32287][Recognizer.cpp][L103][MaaNS::TaskNS::Recognizer::recognize] reco [result={"algorithm":"DirectHit","box":[0,0,1280,720],"detail":null,"name":"Startup","reco_id":400000001}] 
[2026-05-13 14:39:24.131][INF][Px24644][Tx32287][Utils/EventDispatcher.hpp][L65][MaaNS::EventDispatcher::notify] !!!OnEventNotify!!! [handle=true] [msg=Node.Recognition.Succeeded] [details={"focus":null,"name":"Startup","reco_details":{"algorithm":"DirectHit","box":[0,0,1280,720],"detail":null,"name":"Startup","reco_id":400000001},"reco_id":400000001,"task_id":200000001}] 
[2026-05-13 14:39:24.131][TRC][Px24644][Tx32287][TaskBase.cpp][L61][MaaNS::TaskNS::TaskBase::run_recognition] | leave, 32ms 
[2026-05-13 14:39:24.131][INF][Px24644][Tx32287][PipelineTask.cpp][L311][MaaNS::TaskNS::PipelineTask::recognize_list] reco hit [result.name=Startup] [result.box=[0,0,1280,720]] 
[2026-05-13 14:39:24.131][INF][Px24644][Tx32287][Utils/EventDispatcher.hpp][L65][MaaNS::EventDispatcher::notify] !!!OnEventNotify!!! [handle=true] [msg=Node.NextList.Succeeded] [details={"focus":null,"list":[{"anchor":false,"jump_back":false,"name":"Startup"}],"name":"Startup","task_id":200000001}] 
[2026-05-13 14:39:24.131][TRC][Px24644][Tx32287][PipelineTask.cpp][L250][MaaNS::TaskNS::PipelineTask::recognize_list] | leave, 32ms 
[2026-05-13 14:39:24.131][DBG][Px24644][Tx32287][TaskBase.cpp][L215][MaaNS::TaskNS::TaskBase::sleep] 200ms 
[2026-05-13 14:39:24.337][INF][Px24644][Tx32287][Utils/EventDispatcher.hpp][L65][MaaNS::EventDispatcher::notify] !!!OnEventNotify!!! [handle=true] [msg=Node.Action.Starting] [details={"action_id":500000001,"focus":null,"name":"Startup","task_id":200000001}] 
[2026-05-13 14:39:24.337][TRC][Px24644][Tx32287][Actuator.cpp][L27][MaaNS::TaskNS::Actuator::run] [pipeline_data.name=Startup] 
[2026-05-13 14:39:24.340][INF][Px24644][Tx52473][MessageInput.cpp][L1102][MaaNS::CtrlUnitNs::MessageInput::key_down] [config_.mode=PostMessageA] [key=27] 
[2026-05-13 14:39:24.415][INF][Px24644][Tx52473][MessageInput.cpp][L1117][MaaNS::CtrlUnitNs::MessageInput::key_up] [config_.mode=PostMessageA] [key=27] 
[2026-05-13 14:39:24.430][INF][Px24644][Tx32287][TaskBase.cpp][L137][MaaNS::TaskNS::TaskBase::run_action] action [i=0] [data.repeat=1] [result={"action":"ClickKey","action_id":500000001,"box":[0,0,0,0],"detail":{"keycode":[27]},"name":"Startup","success":true}] 
[2026-05-13 14:39:24.430][INF][Px24644][Tx32287][Utils/EventDispatcher.hpp][L65][MaaNS::EventDispatcher::notify] !!!OnEventNotify!!! [handle=true] [msg=Node.Action.Succeeded] [details={"action_details":{"action":"ClickKey","action_id":500000001,"box":[0,0,0,0],"detail":{"keycode":[27]},"name":"Startup","success":true},"action_id":500000001,"focus":null,"name":"Startup","task_id":200000001}] 
[2026-05-13 14:39:24.430][DBG][Px24644][Tx32287][TaskBase.cpp][L215][MaaNS::TaskNS::TaskBase::sleep] 200ms 
[2026-05-13 14:39:24.632][INF][Px24644][Tx32287][PipelineTask.cpp][L224][MaaNS::TaskNS::PipelineTask::run_next] PipelineTask node done [result={"action_id":500000001,"completed":true,"name":"Startup","node_id":300000001,"reco_id":400000001}] [task_id_=200000001] 
[2026-05-13 14:39:24.632][INF][Px24644][Tx32287][Utils/EventDispatcher.hpp][L65][MaaNS::EventDispatcher::notify] !!!OnEventNotify!!! [handle=true] [msg=Node.PipelineNode.Succeeded] [details={"action_details":{"action":"ClickKey","action_id":500000001,"box":[0,0,0,0],"detail":{"keycode":[27]},"name":"Startup","success":true},"focus":null,"name":"Startup","node_details":{"action_id":500000001,"completed":true,"name":"Startup","node_id":300000001,"reco_id":400000001},"node_id":300000001,"reco_details":{"algorithm":"DirectHit","box":[0,0,1280,720],"detail":null,"name":"Startup","reco_id":400000001},"task_id":200000001}] 
[2026-05-13 14:39:24.632][TRC][Px24644][Tx32287][PipelineTask.cpp][L26][MaaNS::TaskNS::PipelineTask::run] | leave, 544ms 
[2026-05-13 14:39:24.632][INF][Px24644][Tx32287][Tasker.cpp][L355][MaaNS::Tasker::run_task] task end: [cb_detail={"entry":"Startup","hash":"6ff9a750b672c22","task_id":200000001,"uuid":"000000000059009E"}] [ret=true] 
[2026-05-13 14:39:24.632][INF][Px24644][Tx32287][Utils/EventDispatcher.hpp][L65][MaaNS::EventDispatcher::notify] !!!OnEventNotify!!! [handle=true] [msg=Tasker.Task.Succeeded] [details={"entry":"Startup","hash":"6ff9a750b672c22","task_id":200000001,"uuid":"000000000059009E"}] 
[2026-05-13 14:39:24.632][DBG][Px24644][Tx52473][Win32ControlUnitMgr.cpp][L464][MaaNS::CtrlUnitNs::Win32ControlUnitMgr::inactive] | enter 
[2026-05-13 14:39:24.632][DBG][Px24644][Tx52473][MessageInput.cpp][L824][MaaNS::CtrlUnitNs::MessageInput::inactive] | enter 
[2026-05-13 14:39:24.632][TRC][Px24644][Tx52473][MessageInput.cpp][L824][MaaNS::CtrlUnitNs::MessageInput::inactive] | leave, 0ms 
[2026-05-13 14:39:24.632][TRC][Px24644][Tx52473][Win32ControlUnitMgr.cpp][L464][MaaNS::CtrlUnitNs::Win32ControlUnitMgr::inactive] | leave, 0ms 
[2026-05-13 14:39:24.632][TRC][Px24644][Tx32287][Tasker.cpp][L323][MaaNS::Tasker::run_task] | leave, 544ms 
[2026-05-13 14:39:24.632][DBG][Px24644][Tx11555][MaaFramework.cpp][L307][MaaResourceDestroy] [res=true] | enter 
[2026-05-13 14:39:24.632][DBG][Px24644][Tx11555][ResourceMgr.cpp][L33][MaaNS::ResourceNS::ResourceMgr::~ResourceMgr] | enter 
[2026-05-13 14:39:24.632][TRC][Px24644][Tx11555][ResourceMgr.cpp][L33][MaaNS::ResourceNS::ResourceMgr::~ResourceMgr] | leave, 0ms 
[2026-05-13 14:39:24.632][DBG][Px24644][Tx11555][Base/AsyncRunner.hpp][L88][MaaNS::AsyncRunner<struct MaaNS::ResourceNS::PostPathItem>::~AsyncRunner] | enter 
[2026-05-13 14:39:24.632][DBG][Px24644][Tx11555][Base/AsyncRunner.hpp][L96][MaaNS::AsyncRunner<struct MaaNS::ResourceNS::PostPathItem>::release] | enter 
[2026-05-13 14:39:24.632][TRC][Px24644][Tx11555][Base/AsyncRunner.hpp][L96][MaaNS::AsyncRunner<struct MaaNS::ResourceNS::PostPathItem>::release] | leave, 0ms 
[2026-05-13 14:39:24.632][TRC][Px24644][Tx11555][Base/AsyncRunner.hpp][L88][MaaNS::AsyncRunner<struct MaaNS::ResourceNS::PostPathItem>::~AsyncRunner] | leave, 0ms 
[2026-05-13 14:39:24.647][TRC][Px24644][Tx11555][MaaFramework.cpp][L307][MaaResourceDestroy] | leave, 14ms 
[2026-05-13 14:39:24.647][DBG][Px24644][Tx11555][MaaFramework.cpp][L288][MaaControllerDestroy] [ctrl=true] | enter 
[2026-05-13 14:39:24.647][DBG][Px24644][Tx11555][ControllerAgent.cpp][L30][MaaNS::ControllerNS::ControllerAgent::~ControllerAgent] | enter 
[2026-05-13 14:39:24.647][TRC][Px24644][Tx11555][ControllerAgent.cpp][L30][MaaNS::ControllerNS::ControllerAgent::~ControllerAgent] | leave, 0ms 
[2026-05-13 14:39:24.647][DBG][Px24644][Tx11555][Base/AsyncRunner.hpp][L88][MaaNS::AsyncRunner<struct MaaNS::ControllerNS::Action>::~AsyncRunner] | enter 
[2026-05-13 14:39:24.647][DBG][Px24644][Tx11555][Base/AsyncRunner.hpp][L96][MaaNS::AsyncRunner<struct MaaNS::ControllerNS::Action>::release] | enter 
[2026-05-13 14:39:24.647][TRC][Px24644][Tx11555][Base/AsyncRunner.hpp][L96][MaaNS::AsyncRunner<struct MaaNS::ControllerNS::Action>::release] | leave, 0ms 
[2026-05-13 14:39:24.648][TRC][Px24644][Tx11555][Base/AsyncRunner.hpp][L88][MaaNS::AsyncRunner<struct MaaNS::ControllerNS::Action>::~AsyncRunner] | leave, 0ms 
[2026-05-13 14:39:24.648][DBG][Px24644][Tx11555][Win32ControlUnitAPI.cpp][L33][MaaWin32ControlUnitDestroy] [handle=true] | enter 
[2026-05-13 14:39:24.709][TRC][Px24644][Tx43769][PseudoMinimizeHelper.cpp][L89][MaaNS::CtrlUnitNs::PseudoMinimizeHelper::monitor_thread_func] | leave, 973ms 
[2026-05-13 14:39:24.709][INF][Px24644][Tx11555][PseudoMinimizeHelper.cpp][L73][MaaNS::CtrlUnitNs::PseudoMinimizeHelper::stop] PseudoMinimizeHelper stopped [hwnd_=true] 
[2026-05-13 14:39:24.709][TRC][Px24644][Tx11555][Win32ControlUnitAPI.cpp][L33][MaaWin32ControlUnitDestroy] | leave, 61ms 
[2026-05-13 14:39:24.709][TRC][Px24644][Tx11555][MaaFramework.cpp][L288][MaaControllerDestroy] | leave, 62ms 
[2026-05-13 14:39:24.710][DBG][Px24644][Tx11555][MaaFramework.cpp][L326][MaaTaskerDestroy] [tasker=true] | enter 
[2026-05-13 14:39:24.710][DBG][Px24644][Tx11555][Tasker.cpp][L37][MaaNS::Tasker::~Tasker] | enter 
[2026-05-13 14:39:24.710][TRC][Px24644][Tx11555][Tasker.cpp][L37][MaaNS::Tasker::~Tasker] | leave, 0ms 
[2026-05-13 14:39:24.710][DBG][Px24644][Tx11555][Base/AsyncRunner.hpp][L88][MaaNS::AsyncRunner<class std::shared_ptr<class MaaNS::TaskNS::TaskBase> >::~AsyncRunner] | enter 
[2026-05-13 14:39:24.710][DBG][Px24644][Tx11555][Base/AsyncRunner.hpp][L96][MaaNS::AsyncRunner<class std::shared_ptr<class MaaNS::TaskNS::TaskBase> >::release] | enter 
[2026-05-13 14:39:24.710][TRC][Px24644][Tx11555][Base/AsyncRunner.hpp][L96][MaaNS::AsyncRunner<class std::shared_ptr<class MaaNS::TaskNS::TaskBase> >::release] | leave, 0ms 
[2026-05-13 14:39:24.710][TRC][Px24644][Tx11555][Base/AsyncRunner.hpp][L88][MaaNS::AsyncRunner<class std::shared_ptr<class MaaNS::TaskNS::TaskBase> >::~AsyncRunner] | leave, 0ms 
[2026-05-13 14:39:24.710][TRC][Px24644][Tx11555][MaaFramework.cpp][L326][MaaTaskerDestroy] | leave, 0ms 
[2026-05-13 14:39:24.714][DBG][Px24644][Tx11555][Logger] ----------------------------- 
[2026-05-13 14:39:24.714][DBG][Px24644][Tx11555][Logger] Close log 
[2026-05-13 14:39:24.714][DBG][Px24644][Tx11555][Logger] ----------------------------- 
[2026-05-13 14:39:45.591][DBG][Px23528][Tx44331][Logger] ----------------------------- 
[2026-05-13 14:39:45.591][DBG][Px23528][Tx44331][Logger] MAA Process Start 
[2026-05-13 14:39:45.591][DBG][Px23528][Tx44331][Logger] Version v5.10.4 
[2026-05-13 14:39:45.591][DBG][Px23528][Tx44331][Logger] Built at May  3 2026 04:23:41 
[2026-05-13 14:39:45.591][DBG][Px23528][Tx44331][Logger] Windows x64 
[2026-05-13 14:39:45.591][DBG][Px23528][Tx44331][Logger] Working E:/subject/one 
[2026-05-13 14:39:45.591][DBG][Px23528][Tx44331][Logger] Logging E:/subject/one/debug/maafw.log 
[2026-05-13 14:39:45.591][DBG][Px23528][Tx44331][Logger] ----------------------------- 
[2026-05-13 14:39:45.591][TRC][Px23528][Tx44331][OptionMgr.cpp][L35][MaaNS::GlobalNS::OptionMgr::set_log_dir] | leave, 0ms 
[2026-05-13 14:39:45.591][TRC][Px23528][Tx44331][OptionMgr.cpp][L10][MaaNS::GlobalNS::OptionMgr::set_option] | leave, 0ms 
[2026-05-13 14:39:45.591][TRC][Px23528][Tx44331][MaaFramework.cpp][L338][MaaGlobalSetOption] | leave, 0ms 
[2026-05-13 14:39:45.591][DBG][Px23528][Tx44331][MaaFramework.cpp][L338][MaaGlobalSetOption] [key=2] [value=true] [val_size=1] | enter 
[2026-05-13 14:39:45.591][DBG][Px23528][Tx44331][OptionMgr.cpp][L10][MaaNS::GlobalNS::OptionMgr::set_option] [key=2] [value=true] [val_size=1] | enter 
[2026-05-13 14:39:45.591][DBG][Px23528][Tx44331][OptionMgr.cpp][L49][MaaNS::GlobalNS::OptionMgr::set_save_draw] | enter 
[2026-05-13 14:39:45.591][INF][Px23528][Tx44331][OptionMgr.cpp][L58][MaaNS::GlobalNS::OptionMgr::set_save_draw] Set save draw [save_draw_=false] 
[2026-05-13 14:39:45.591][TRC][Px23528][Tx44331][OptionMgr.cpp][L49][MaaNS::GlobalNS::OptionMgr::set_save_draw] | leave, 0ms 
[2026-05-13 14:39:45.591][TRC][Px23528][Tx44331][OptionMgr.cpp][L10][MaaNS::GlobalNS::OptionMgr::set_option] | leave, 0ms 
[2026-05-13 14:39:45.591][TRC][Px23528][Tx44331][MaaFramework.cpp][L338][MaaGlobalSetOption] | leave, 0ms 
[2026-05-13 14:39:45.591][DBG][Px23528][Tx44331][MaaFramework.cpp][L338][MaaGlobalSetOption] [key=7] [value=true] [val_size=1] | enter 
[2026-05-13 14:39:45.591][DBG][Px23528][Tx44331][OptionMgr.cpp][L10][MaaNS::GlobalNS::OptionMgr::set_option] [key=7] [value=true] [val_size=1] | enter 
[2026-05-13 14:39:45.591][DBG][Px23528][Tx44331][OptionMgr.cpp][L99][MaaNS::GlobalNS::OptionMgr::set_save_on_error] | enter 
[2026-05-13 14:39:45.591][INF][Px23528][Tx44331][OptionMgr.cpp][L108][MaaNS::GlobalNS::OptionMgr::set_save_on_error] Set save on error [save_on_error_=true] 
[2026-05-13 14:39:45.592][TRC][Px23528][Tx44331][OptionMgr.cpp][L99][MaaNS::GlobalNS::OptionMgr::set_save_on_error] | leave, 0ms 
[2026-05-13 14:39:45.592][TRC][Px23528][Tx44331][OptionMgr.cpp][L10][MaaNS::GlobalNS::OptionMgr::set_option] | leave, 0ms 
[2026-05-13 14:39:45.592][TRC][Px23528][Tx44331][MaaFramework.cpp][L338][MaaGlobalSetOption] | leave, 0ms 
[2026-05-13 14:39:45.592][DBG][Px23528][Tx44331][MaaFramework.cpp][L338][MaaGlobalSetOption] [key=4] [value=true] [val_size=4] | enter 
[2026-05-13 14:39:45.592][DBG][Px23528][Tx44331][OptionMgr.cpp][L10][MaaNS::GlobalNS::OptionMgr::set_option] [key=4] [value=true] [val_size=4] | enter 
[2026-05-13 14:39:45.592][DBG][Px23528][Tx44331][OptionMgr.cpp][L65][MaaNS::GlobalNS::OptionMgr::set_stdout_level] | enter 
[2026-05-13 14:39:45.592][INF][Px23528][Tx44331][OptionMgr.cpp][L74][MaaNS::GlobalNS::OptionMgr::set_stdout_level] Set log stdout level [level=2] 
[2026-05-13 14:39:45.592][TRC][Px23528][Tx44331][OptionMgr.cpp][L65][MaaNS::GlobalNS::OptionMgr::set_stdout_level] | leave, 0ms 
[2026-05-13 14:39:45.592][TRC][Px23528][Tx44331][OptionMgr.cpp][L10][MaaNS::GlobalNS::OptionMgr::set_option] | leave, 0ms 
[2026-05-13 14:39:45.592][TRC][Px23528][Tx44331][MaaFramework.cpp][L338][MaaGlobalSetOption] | leave, 0ms 
[2026-05-13 14:39:45.592][DBG][Px23528][Tx44331][MaaFramework.cpp][L338][MaaGlobalSetOption] [key=8] [value=true] [val_size=4] | enter 
[2026-05-13 14:39:45.592][DBG][Px23528][Tx44331][OptionMgr.cpp][L10][MaaNS::GlobalNS::OptionMgr::set_option] [key=8] [value=true] [val_size=4] | enter 
[2026-05-13 14:39:45.592][DBG][Px23528][Tx44331][OptionMgr.cpp][L115][MaaNS::GlobalNS::OptionMgr::set_draw_quality] | enter 
[2026-05-13 14:39:45.592][INF][Px23528][Tx44331][OptionMgr.cpp][L130][MaaNS::GlobalNS::OptionMgr::set_draw_quality] Set draw quality [draw_quality_=85] 
[2026-05-13 14:39:45.592][TRC][Px23528][Tx44331][OptionMgr.cpp][L115][MaaNS::GlobalNS::OptionMgr::set_draw_quality] | leave, 0ms 
[2026-05-13 14:39:45.592][TRC][Px23528][Tx44331][OptionMgr.cpp][L10][MaaNS::GlobalNS::OptionMgr::set_option] | leave, 0ms 
[2026-05-13 14:39:45.592][TRC][Px23528][Tx44331][MaaFramework.cpp][L338][MaaGlobalSetOption] | leave, 0ms 
[2026-05-13 14:39:45.592][DBG][Px23528][Tx44331][GlobalOptionConfig.cpp][L83][MaaNS::ToolkitNS::GlobalOptionConfig::apply_option] [bret=true] 
[2026-05-13 14:39:45.592][TRC][Px23528][Tx44331][GlobalOptionConfig.cpp][L67][MaaNS::ToolkitNS::GlobalOptionConfig::apply_option] | leave, 0ms 
[2026-05-13 14:39:45.592][TRC][Px23528][Tx44331][GlobalOptionConfig.cpp][L17][MaaNS::ToolkitNS::GlobalOptionConfig::init] | leave, 1ms 
[2026-05-13 14:39:45.592][DBG][Px23528][Tx44331][DesktopWindowWin32Finder.cpp][L13][MaaNS::ToolkitNS::DesktopWindowWin32Finder::find_all] | enter 
[2026-05-13 14:39:45.592][TRC][Px23528][Tx44331][DesktopWindowWin32Finder.cpp][L13][MaaNS::ToolkitNS::DesktopWindowWin32Finder::find_all] | leave, 0ms 
[2026-05-13 14:39:45.592][DBG][Px23528][Tx44331][MaaFramework.cpp][L319][MaaTaskerCreate] | enter 
[2026-05-13 14:39:45.592][DBG][Px23528][Tx44331][Tasker.cpp][L20][MaaNS::Tasker::Tasker] | enter 
[2026-05-13 14:39:45.592][INF][Px23528][Tx44331][Tasker.cpp][L23][MaaNS::Tasker::Tasker] [plugin_mgr.get_names()=["E:/subject/one/MaaFramework/bin/plugins/MaaPluginDemo.dll"]] 
[2026-05-13 14:39:45.593][INF][Px23528][Tx44331][Utils/EventDispatcher.hpp][L37][MaaNS::EventDispatcher::add_sink] [callback=true] [trans_arg=true] 
[2026-05-13 14:39:45.593][TRC][Px23528][Tx44331][Tasker.cpp][L20][MaaNS::Tasker::Tasker] | leave, 0ms 
[2026-05-13 14:39:45.593][TRC][Px23528][Tx44331][MaaFramework.cpp][L319][MaaTaskerCreate] | leave, 0ms 
[2026-05-13 14:39:45.593][DBG][Px23528][Tx44331][MaaFramework.cpp][L54][MaaWin32ControllerCreate] [hWnd=true] [screencap_method=16] [mouse_method=4] [keyboard_method=4] | enter 
[2026-05-13 14:39:45.593][DBG][Px23528][Tx44331][MaaUtils/LibraryHolder.h][L49][MaaNS::LibraryHolder<class MaaNS::Win32ControlUnitLibraryHolder>::load_library] [libname=E:/subject/one/MaaFramework/bin/MaaWin32ControlUnit] | enter 
[2026-05-13 14:39:45.593][INF][Px23528][Tx44331][MaaUtils/LibraryHolder.h][L65][MaaNS::LibraryHolder<class MaaNS::Win32ControlUnitLibraryHolder>::load_library] Loading library [libname=E:/subject/one/MaaFramework/bin/MaaWin32ControlUnit] 
[2026-05-13 14:39:45.595][TRC][Px23528][Tx44331][MaaUtils/LibraryHolder.h][L49][MaaNS::LibraryHolder<class MaaNS::Win32ControlUnitLibraryHolder>::load_library] | leave, 2ms 
[2026-05-13 14:39:45.595][DBG][Px23528][Tx44331][MaaUtils/LibraryHolder.h][L113][MaaNS::LibraryHolder<class MaaNS::Win32ControlUnitLibraryHolder>::get_function] [func_name=MaaWin32ControlUnitGetVersion] | enter 
[2026-05-13 14:39:45.595][TRC][Px23528][Tx44331][MaaUtils/LibraryHolder.h][L113][MaaNS::LibraryHolder<class MaaNS::Win32ControlUnitLibraryHolder>::get_function] | leave, 0ms 
[2026-05-13 14:39:45.595][INF][Px23528][Tx44331][ControlUnit.cpp][L30][MaaNS::check_version] class MaaNS::Win32ControlUnitLibraryHolder Library version: v5.10.4 
[2026-05-13 14:39:45.595][DBG][Px23528][Tx44331][MaaUtils/LibraryHolder.h][L113][MaaNS::LibraryHolder<class MaaNS::Win32ControlUnitLibraryHolder>::get_function] [func_name=MaaWin32ControlUnitCreate] | enter 
[2026-05-13 14:39:45.595][TRC][Px23528][Tx44331][MaaUtils/LibraryHolder.h][L113][MaaNS::LibraryHolder<class MaaNS::Win32ControlUnitLibraryHolder>::get_function] | leave, 0ms 
[2026-05-13 14:39:45.595][DBG][Px23528][Tx44331][MaaUtils/LibraryHolder.h][L113][MaaNS::LibraryHolder<class MaaNS::Win32ControlUnitLibraryHolder>::get_function] [func_name=MaaWin32ControlUnitDestroy] | enter 
[2026-05-13 14:39:45.595][TRC][Px23528][Tx44331][MaaUtils/LibraryHolder.h][L113][MaaNS::LibraryHolder<class MaaNS::Win32ControlUnitLibraryHolder>::get_function] | leave, 0ms 
[2026-05-13 14:39:45.595][DBG][Px23528][Tx44331][Win32ControlUnitAPI.cpp][L23][MaaWin32ControlUnitCreate] [hWnd=true] [screencap_method=16] [mouse_method=4] [keyboard_method=4] | enter 
[2026-05-13 14:39:45.595][TRC][Px23528][Tx44331][Win32ControlUnitAPI.cpp][L23][MaaWin32ControlUnitCreate] | leave, 0ms 
[2026-05-13 14:39:45.595][DBG][Px23528][Tx44331][ControllerAgent.cpp][L15][MaaNS::ControllerNS::ControllerAgent::ControllerAgent] [control_unit_=0000018766D40610] | enter 
[2026-05-13 14:39:45.595][INF][Px23528][Tx44331][ControllerAgent.cpp][L18][MaaNS::ControllerNS::ControllerAgent::ControllerAgent] [plugin_mgr.get_names()=["E:/subject/one/MaaFramework/bin/plugins/MaaPluginDemo.dll"]] 
[2026-05-13 14:39:45.595][INF][Px23528][Tx44331][Utils/EventDispatcher.hpp][L37][MaaNS::EventDispatcher::add_sink] [callback=true] [trans_arg=true] 
[2026-05-13 14:39:45.596][TRC][Px23528][Tx44331][ControllerAgent.cpp][L15][MaaNS::ControllerNS::ControllerAgent::ControllerAgent] | leave, 0ms 
[2026-05-13 14:39:45.596][TRC][Px23528][Tx44331][MaaFramework.cpp][L54][MaaWin32ControllerCreate] | leave, 2ms 
[2026-05-13 14:39:45.596][DBG][Px23528][Tx44331][MaaController.cpp][L59][MaaControllerPostConnection] [ctrl=true] | enter 
[2026-05-13 14:39:45.596][TRC][Px23528][Tx44331][MaaController.cpp][L59][MaaControllerPostConnection] | leave, 0ms 
[2026-05-13 14:39:45.596][INF][Px23528][Tx10360][Win32ControlUnitMgr.cpp][L48][MaaNS::CtrlUnitNs::Win32ControlUnitMgr::connect] SetThreadDpiAwarenessContext to PER_MONITOR_AWARE_V2 success [prev_ctx=true] 
[2026-05-13 14:39:45.596][INF][Px23528][Tx10360][PseudoMinimizeHelper.cpp][L49][MaaNS::CtrlUnitNs::PseudoMinimizeHelper::start] PseudoMinimizeHelper started [hwnd_=true] 
[2026-05-13 14:39:45.596][DBG][Px23528][Tx10360][Win32ControlUnitMgr.cpp][L171][MaaNS::CtrlUnitNs::Win32ControlUnitMgr::speed_test] | enter 
[2026-05-13 14:39:45.596][DBG][Px23528][Tx54614][PseudoMinimizeHelper.cpp][L89][MaaNS::CtrlUnitNs::PseudoMinimizeHelper::monitor_thread_func] | enter 
[2026-05-13 14:39:45.596][INF][Px23528][Tx10360][Win32ControlUnitMgr.cpp][L186][MaaNS::CtrlUnitNs::Win32ControlUnitMgr::speed_test] Warming up PrintWindow 
[2026-05-13 14:39:45.608][INF][Px23528][Tx10360][Win32ControlUnitMgr.cpp][L191][MaaNS::CtrlUnitNs::Win32ControlUnitMgr::speed_test] Testing PrintWindow 
[2026-05-13 14:39:45.618][INF][Px23528][Tx10360][Win32ControlUnitMgr.cpp][L182][MaaNS::CtrlUnitNs::Win32ControlUnitMgr::speed_test::<lambda_1>::operator ()] [method=PrintWindow] [duration=10ms] 
[2026-05-13 14:39:45.618][INF][Px23528][Tx10360][Win32ControlUnitMgr.cpp][L205][MaaNS::CtrlUnitNs::Win32ControlUnitMgr::speed_test] The fastest method is PrintWindow [cost=10ms] 
[2026-05-13 14:39:45.618][TRC][Px23528][Tx10360][Win32ControlUnitMgr.cpp][L171][MaaNS::CtrlUnitNs::Win32ControlUnitMgr::speed_test] | leave, 22ms 
[2026-05-13 14:39:45.619][DBG][Px23528][Tx44331][MaaTasker.cpp][L106][MaaTaskerBindController] [tasker=true] [ctrl=true] | enter 
[2026-05-13 14:39:45.619][INF][Px23528][Tx44331][Tasker.cpp][L59][MaaNS::Tasker::bind_controller] [this=true] [controller=true] [derived=true] [controller_=false] 
[2026-05-13 14:39:45.619][TRC][Px23528][Tx44331][MaaTasker.cpp][L106][MaaTaskerBindController] | leave, 0ms 
[2026-05-13 14:39:45.619][DBG][Px23528][Tx44331][MaaFramework.cpp][L300][MaaResourceCreate] | enter 
[2026-05-13 14:39:45.619][DBG][Px23528][Tx44331][OCRResMgr.cpp][L15][MaaNS::ResourceNS::OCRResMgr::OCRResMgr] | enter 
[2026-05-13 14:39:45.619][TRC][Px23528][Tx44331][OCRResMgr.cpp][L15][MaaNS::ResourceNS::OCRResMgr::OCRResMgr] | leave, 0ms 
[2026-05-13 14:39:45.683][DBG][Px23528][Tx44331][ResourceMgr.cpp][L18][MaaNS::ResourceNS::ResourceMgr::ResourceMgr] | enter 
[2026-05-13 14:39:45.683][INF][Px23528][Tx44331][ResourceMgr.cpp][L21][MaaNS::ResourceNS::ResourceMgr::ResourceMgr] [plugin_mgr.get_names()=["E:/subject/one/MaaFramework/bin/plugins/MaaPluginDemo.dll"]] 
[2026-05-13 14:39:45.683][INF][Px23528][Tx44331][Utils/EventDispatcher.hpp][L37][MaaNS::EventDispatcher::add_sink] [callback=true] [trans_arg=true] 
[2026-05-13 14:39:45.683][TRC][Px23528][Tx44331][ResourceMgr.cpp][L18][MaaNS::ResourceNS::ResourceMgr::ResourceMgr] | leave, 0ms 
[2026-05-13 14:39:45.683][TRC][Px23528][Tx44331][MaaFramework.cpp][L300][MaaResourceCreate] | leave, 64ms 
[2026-05-13 14:39:45.683][DBG][Px23528][Tx44331][MaaResource.cpp][L158][MaaResourcePostPipeline] [res=true] [path=E:\subject\one\resource\pipeline] | enter 
[2026-05-13 14:39:45.683][INF][Px23528][Tx44331][ResourceMgr.cpp][L75][MaaNS::ResourceNS::ResourceMgr::post_path] [static_cast<int>(type)=2] [path=E:/subject/one/resource/pipeline] 
[2026-05-13 14:39:45.683][TRC][Px23528][Tx44331][MaaResource.cpp][L158][MaaResourcePostPipeline] | leave, 0ms 
[2026-05-13 14:39:45.683][DBG][Px23528][Tx60074][ResourceMgr.cpp][L595][MaaNS::ResourceNS::ResourceMgr::run_load] [id=100000001] [static_cast<int>(item.type)=2] [item.path=E:/subject/one/resource/pipeline] | enter 
[2026-05-13 14:39:45.683][INF][Px23528][Tx60074][Utils/EventDispatcher.hpp][L65][MaaNS::EventDispatcher::notify] !!!OnEventNotify!!! [handle=true] [msg=Resource.Loading.Starting] [details={"hash":"","path":"E:/subject/one/resource/pipeline","res_id":100000001,"type":"Pipeline"}] 
[2026-05-13 14:39:45.683][INF][Px23528][Tx60074][ResourceMgr.cpp][L372][MaaNS::ResourceNS::ResourceMgr::available_providers] [all_providers_vec=["DmlExecutionProvider","CPUExecutionProvider"]] 
[2026-05-13 14:39:45.683][INF][Px23528][Tx60074][ResourceMgr.cpp][L400][MaaNS::ResourceNS::ResourceMgr::available_providers] [s_provider_cache=[2,1]] 
[2026-05-13 14:39:45.683][TRC][Px23528][Tx60074][GpuOptionWin32.cpp][L137][MaaNS::perfer_gpu] 
[2026-05-13 14:39:45.686][INF][Px23528][Tx60074][GpuOptionWin32.cpp][L188][MaaNS::perfer_gpu] [adapter_index=0] [adapter_desc=NVIDIA GeForce RTX 4070 Ti] 
[2026-05-13 14:39:45.824][TRC][Px23528][Tx60074][GpuOptionWin32.cpp][L21][MaaNS::adapter_instance_path] 
[2026-05-13 14:39:45.825][DBG][Px23528][Tx60074][GpuOptionWin32.cpp][L48][MaaNS::adapter_instance_path] [result=PCI\VEN_10DE&DEV_2782&SUBSYS_E1301462&REV_A1\4&1bcd7285&0&0008] 
[2026-05-13 14:39:45.825][TRC][Px23528][Tx60074][GpuOptionWin32.cpp][L54][MaaNS::gpu_driver_date] 
[2026-05-13 14:39:45.825][DBG][Px23528][Tx60074][GpuOptionWin32.cpp][L83][MaaNS::gpu_driver_date] [system_time.wYear=2024] [system_time.wMonth=8] [system_time.wDay=14] 
[2026-05-13 14:39:45.825][TRC][Px23528][Tx60074][GpuOptionWin32.cpp][L89][MaaNS::is_indirect_display_adapter] 
[2026-05-13 14:39:45.825][DBG][Px23528][Tx60074][GpuOptionWin32.cpp][L114][MaaNS::is_indirect_display_adapter] RegQueryValueExW 1 failed [ret=2] [type=0] [size=0] 
[2026-05-13 14:39:45.825][INF][Px23528][Tx60074][GpuOptionWin32.cpp][L232][MaaNS::perfer_gpu] available gpu found [adapter_index=0] [adapter_desc=] [desc.DedicatedVideoMemory=12578717696] 
[2026-05-13 14:39:45.825][INF][Px23528][Tx60074][GpuOptionWin32.cpp][L188][MaaNS::perfer_gpu] [adapter_index=1] [adapter_desc=NVIDIA GeForce RTX 4070 Ti] 
[2026-05-13 14:39:45.877][TRC][Px23528][Tx60074][GpuOptionWin32.cpp][L21][MaaNS::adapter_instance_path] 
[2026-05-13 14:39:45.877][DBG][Px23528][Tx60074][GpuOptionWin32.cpp][L48][MaaNS::adapter_instance_path] [result=ROOT\DISPLAY\0002] 
[2026-05-13 14:39:45.877][TRC][Px23528][Tx60074][GpuOptionWin32.cpp][L54][MaaNS::gpu_driver_date] 
[2026-05-13 14:39:45.877][DBG][Px23528][Tx60074][GpuOptionWin32.cpp][L83][MaaNS::gpu_driver_date] [system_time.wYear=2021] [system_time.wMonth=8] [system_time.wDay=31] 
[2026-05-13 14:39:45.878][TRC][Px23528][Tx60074][GpuOptionWin32.cpp][L89][MaaNS::is_indirect_display_adapter] 
[2026-05-13 14:39:45.878][DBG][Px23528][Tx60074][GpuOptionWin32.cpp][L131][MaaNS::is_indirect_display_adapter] [value=IndirectKmd ] [sub_key=SYSTEM\CurrentControlSet\Enum\ROOT\DISPLAY\0002] [indirect=true] 
[2026-05-13 14:39:45.878][WRN][Px23528][Tx60074][GpuOptionWin32.cpp][L223][MaaNS::perfer_gpu] virtual adapters (streaming/RDP), skip [adapter_index=1] [adapter_desc=NVIDIA GeForce RTX 4070 Ti] [instance_path=ROOT\DISPLAY\0002] 
[2026-05-13 14:39:45.878][INF][Px23528][Tx60074][GpuOptionWin32.cpp][L188][MaaNS::perfer_gpu] [adapter_index=2] [adapter_desc=NVIDIA GeForce RTX 4070 Ti] 
[2026-05-13 14:39:45.929][TRC][Px23528][Tx60074][GpuOptionWin32.cpp][L21][MaaNS::adapter_instance_path] 
[2026-05-13 14:39:45.929][DBG][Px23528][Tx60074][GpuOptionWin32.cpp][L48][MaaNS::adapter_instance_path] [result=ROOT\DISPLAY\0001] 
[2026-05-13 14:39:45.929][TRC][Px23528][Tx60074][GpuOptionWin32.cpp][L54][MaaNS::gpu_driver_date] 
[2026-05-13 14:39:45.929][DBG][Px23528][Tx60074][GpuOptionWin32.cpp][L83][MaaNS::gpu_driver_date] [system_time.wYear=2026] [system_time.wMonth=2] [system_time.wDay=28] 
[2026-05-13 14:39:45.929][TRC][Px23528][Tx60074][GpuOptionWin32.cpp][L89][MaaNS::is_indirect_display_adapter] 
[2026-05-13 14:39:45.929][DBG][Px23528][Tx60074][GpuOptionWin32.cpp][L131][MaaNS::is_indirect_display_adapter] [value=IndirectKmd ] [sub_key=SYSTEM\CurrentControlSet\Enum\ROOT\DISPLAY\0001] [indirect=true] 
[2026-05-13 14:39:45.929][WRN][Px23528][Tx60074][GpuOptionWin32.cpp][L223][MaaNS::perfer_gpu] virtual adapters (streaming/RDP), skip [adapter_index=2] [adapter_desc=NVIDIA GeForce RTX 4070 Ti] [instance_path=ROOT\DISPLAY\0001] 
[2026-05-13 14:39:45.929][INF][Px23528][Tx60074][GpuOptionWin32.cpp][L188][MaaNS::perfer_gpu] [adapter_index=3] [adapter_desc=NVIDIA GeForce RTX 4070 Ti] 
[2026-05-13 14:39:45.981][TRC][Px23528][Tx60074][GpuOptionWin32.cpp][L21][MaaNS::adapter_instance_path] 
[2026-05-13 14:39:45.981][DBG][Px23528][Tx60074][GpuOptionWin32.cpp][L48][MaaNS::adapter_instance_path] [result=ROOT\DISPLAY\0000] 
[2026-05-13 14:39:45.981][TRC][Px23528][Tx60074][GpuOptionWin32.cpp][L54][MaaNS::gpu_driver_date] 
[2026-05-13 14:39:45.981][DBG][Px23528][Tx60074][GpuOptionWin32.cpp][L83][MaaNS::gpu_driver_date] [system_time.wYear=2023] [system_time.wMonth=4] [system_time.wDay=24] 
[2026-05-13 14:39:45.981][TRC][Px23528][Tx60074][GpuOptionWin32.cpp][L89][MaaNS::is_indirect_display_adapter] 
[2026-05-13 14:39:45.981][DBG][Px23528][Tx60074][GpuOptionWin32.cpp][L131][MaaNS::is_indirect_display_adapter] [value=IndirectKmd ] [sub_key=SYSTEM\CurrentControlSet\Enum\ROOT\DISPLAY\0000] [indirect=true] 
[2026-05-13 14:39:45.981][WRN][Px23528][Tx60074][GpuOptionWin32.cpp][L223][MaaNS::perfer_gpu] virtual adapters (streaming/RDP), skip [adapter_index=3] [adapter_desc=NVIDIA GeForce RTX 4070 Ti] [instance_path=ROOT\DISPLAY\0000] 
[2026-05-13 14:39:45.981][INF][Px23528][Tx60074][GpuOptionWin32.cpp][L188][MaaNS::perfer_gpu] [adapter_index=4] [adapter_desc=Microsoft Basic Render Driver] 
[2026-05-13 14:39:45.981][WRN][Px23528][Tx60074][GpuOptionWin32.cpp][L191][MaaNS::perfer_gpu] software adapter, skip [adapter_index=4] [adapter_desc=Microsoft Basic Render Driver] 
[2026-05-13 14:39:45.981][DBG][Px23528][Tx60074][GpuOptionWin32.cpp][L173][MaaNS::perfer_gpu] EnumAdapters1 DXGI_ERROR_NOT_FOUND [adapter_index=5] 
[2026-05-13 14:39:45.981][INF][Px23528][Tx60074][GpuOptionWin32.cpp][L251][MaaNS::perfer_gpu] Best gpu selected [best_gpu.adapter_index=0] [best_gpu.description=NVIDIA GeForce RTX 4070 Ti] [best_gpu.dedicated_video_memory=12578717696] 
[2026-05-13 14:39:45.981][INF][Px23528][Tx60074][ONNXResMgr.cpp][L69][MaaNS::ResourceNS::ONNXResMgr::use_directml] [device_id=0] 
[2026-05-13 14:39:46.167][INF][Px23528][Tx60074][ONNXResMgr.cpp][L82][MaaNS::ResourceNS::ONNXResMgr::use_directml] Using DML execution provider with device_id 0 
[2026-05-13 14:39:46.167][INF][Px23528][Tx60074][OCRResMgr.cpp][L42][MaaNS::ResourceNS::OCRResMgr::use_directml] [device_id=0] 
[2026-05-13 14:39:46.167][DBG][Px23528][Tx60074][ResourceMgr.cpp][L702][MaaNS::ResourceNS::ResourceMgr::load_pipeline] [path=E:/subject/one/resource/pipeline] | enter 
[2026-05-13 14:39:46.168][DBG][Px23528][Tx60074][PipelineResMgr.cpp][L15][MaaNS::ResourceNS::PipelineResMgr::load] [path=E:/subject/one/resource/pipeline] | enter 
[2026-05-13 14:39:46.168][DBG][Px23528][Tx60074][PipelineResMgr.cpp][L110][MaaNS::ResourceNS::PipelineResMgr::open_and_parse_file] [path=E:/subject/one/resource/pipeline/Startup.json] | enter 
[2026-05-13 14:39:46.169][DBG][Px23528][Tx60074][PipelineParser.cpp][L188][MaaNS::ResourceNS::PipelineParser::parse_node] [name=Startup] 
[2026-05-13 14:39:46.170][TRC][Px23528][Tx60074][PipelineResMgr.cpp][L110][MaaNS::ResourceNS::PipelineResMgr::open_and_parse_file] | leave, 1ms 
[2026-05-13 14:39:46.170][TRC][Px23528][Tx60074][PipelineResMgr.cpp][L15][MaaNS::ResourceNS::PipelineResMgr::load] | leave, 2ms 
[2026-05-13 14:39:46.170][TRC][Px23528][Tx60074][ResourceMgr.cpp][L702][MaaNS::ResourceNS::ResourceMgr::load_pipeline] | leave, 3ms 
[2026-05-13 14:39:46.171][INF][Px23528][Tx60074][ResourceMgr.cpp][L217][MaaNS::ResourceNS::ResourceMgr::calc_hash] [hash_cache_=6ff9a750b672c22] 
[2026-05-13 14:39:46.171][INF][Px23528][Tx60074][Utils/EventDispatcher.hpp][L65][MaaNS::EventDispatcher::notify] !!!OnEventNotify!!! [handle=true] [msg=Resource.Loading.Succeeded] [details={"hash":"6ff9a750b672c22","path":"E:/subject/one/resource/pipeline","res_id":100000001,"type":"Pipeline"}] 
[2026-05-13 14:39:46.171][TRC][Px23528][Tx60074][ResourceMgr.cpp][L595][MaaNS::ResourceNS::ResourceMgr::run_load] | leave, 487ms 
[2026-05-13 14:39:46.171][DBG][Px23528][Tx44331][MaaTasker.cpp][L94][MaaTaskerBindResource] [tasker=true] [res=true] | enter 
[2026-05-13 14:39:46.171][INF][Px23528][Tx44331][Tasker.cpp][L44][MaaNS::Tasker::bind_resource] [this=true] [resource=true] [derived=true] [resource_=false] 
[2026-05-13 14:39:46.171][TRC][Px23528][Tx44331][MaaTasker.cpp][L94][MaaTaskerBindResource] | leave, 0ms 
[2026-05-13 14:39:46.171][DBG][Px23528][Tx44331][MaaTasker.cpp][L128][MaaTaskerPostTask] [tasker=true] [entry=Startup] [pipeline_override={}] | enter 
[2026-05-13 14:39:46.171][INF][Px23528][Tx44331][Tasker.cpp][L87][MaaNS::Tasker::post_task] [entry=Startup] [pipeline_override={}] 
[2026-05-13 14:39:46.171][DBG][Px23528][Tx44331][Context.cpp][L20][MaaNS::TaskNS::Context::create] [id=200000001] [tasker=true] 
[2026-05-13 14:39:46.171][DBG][Px23528][Tx44331][Context.cpp][L46][MaaNS::TaskNS::Context::Context] [id=200000001] [tasker=true] 
[2026-05-13 14:39:46.171][TRC][Px23528][Tx44331][Context.cpp][L195][MaaNS::TaskNS::Context::override_pipeline] [getptr()=0000018767679110] [pipeline_override={}] 
[2026-05-13 14:39:46.171][TRC][Px23528][Tx44331][MaaTasker.cpp][L128][MaaTaskerPostTask] | leave, 0ms 
[2026-05-13 14:39:46.172][DBG][Px23528][Tx19941][Tasker.cpp][L323][MaaNS::Tasker::run_task] [runner_id=100000001] [task_ptr=0000018767662FC0] | enter 
[2026-05-13 14:39:46.172][INF][Px23528][Tx19941][Tasker.cpp][L343][MaaNS::Tasker::run_task] task start: [cb_detail={"entry":"Startup","hash":"6ff9a750b672c22","task_id":200000001,"uuid":"000000000059009E"}] 
[2026-05-13 14:39:46.172][INF][Px23528][Tx19941][Utils/EventDispatcher.hpp][L65][MaaNS::EventDispatcher::notify] !!!OnEventNotify!!! [handle=true] [msg=Tasker.Task.Starting] [details={"entry":"Startup","hash":"6ff9a750b672c22","task_id":200000001,"uuid":"000000000059009E"}] 
[2026-05-13 14:39:46.172][DBG][Px23528][Tx19941][PipelineTask.cpp][L26][MaaNS::TaskNS::PipelineTask::run] [entry_=Startup] [task_id_=200000001] | enter 
[2026-05-13 14:39:46.172][INF][Px23528][Tx19941][Utils/EventDispatcher.hpp][L65][MaaNS::EventDispatcher::notify] !!!OnEventNotify!!! [handle=true] [msg=Node.PipelineNode.Starting] [details={"focus":null,"name":"Startup","node_id":300000001,"task_id":200000001}] 
[2026-05-13 14:39:46.181][INF][Px23528][Tx10360][ControllerAgent.cpp][L1070][MaaNS::ControllerNS::ControllerAgent::postproc_screenshot] Resolution changed [raw.cols=1280] [raw.rows=720] [image_raw_width_=0] [image_raw_height_=0] 
[2026-05-13 14:39:46.182][DBG][Px23528][Tx10360][ControllerAgent.cpp][L1105][MaaNS::ControllerNS::ControllerAgent::calc_target_image_size] Re-calc image target size: [image_target_long_side_=0] [image_target_short_side_=720] [image_raw_width_=1280] [image_raw_height_=720] 
[2026-05-13 14:39:46.182][INF][Px23528][Tx10360][ControllerAgent.cpp][L1131][MaaNS::ControllerNS::ControllerAgent::calc_target_image_size] [image_target_width_=1280] [image_target_height_=720] 
[2026-05-13 14:39:46.183][DBG][Px23528][Tx19941][PipelineTask.cpp][L250][MaaNS::TaskNS::PipelineTask::recognize_list] [cur_node_=Startup] [list=[{"anchor":false,"jump_back":false,"name":"Startup"}]] | enter 
[2026-05-13 14:39:46.183][INF][Px23528][Tx19941][Utils/EventDispatcher.hpp][L65][MaaNS::EventDispatcher::notify] !!!OnEventNotify!!! [handle=true] [msg=Node.NextList.Starting] [details={"focus":null,"list":[{"anchor":false,"jump_back":false,"name":"Startup"}],"name":"Startup","task_id":200000001}] 
[2026-05-13 14:39:46.184][DBG][Px23528][Tx19941][PipelineTask.cpp][L362][MaaNS::TaskNS::PipelineTask::prepare_batch_ocr] batch OCR not needed, eligible OCR nodes < 2 [ctx.plan.entries.size()=0] 
[2026-05-13 14:39:46.184][DBG][Px23528][Tx19941][TaskBase.cpp][L61][MaaNS::TaskNS::TaskBase::run_recognition] [cur_node_=Startup] [data.name=Startup] | enter 
[2026-05-13 14:39:46.184][INF][Px23528][Tx19941][Utils/EventDispatcher.hpp][L65][MaaNS::EventDispatcher::notify] !!!OnEventNotify!!! [handle=true] [msg=Node.Recognition.Starting] [details={"focus":null,"name":"Startup","reco_id":400000001,"task_id":200000001}] 
[2026-05-13 14:39:46.184][DBG][Px23528][Tx19941][Recognizer.cpp][L136][MaaNS::TaskNS::Recognizer::direct_hit] Startup 
[2026-05-13 14:39:46.208][INF][Px23528][Tx19941][Recognizer.cpp][L103][MaaNS::TaskNS::Recognizer::recognize] reco [result={"algorithm":"DirectHit","box":[0,0,1280,720],"detail":null,"name":"Startup","reco_id":400000001}] 
[2026-05-13 14:39:46.209][INF][Px23528][Tx19941][Utils/EventDispatcher.hpp][L65][MaaNS::EventDispatcher::notify] !!!OnEventNotify!!! [handle=true] [msg=Node.Recognition.Succeeded] [details={"focus":null,"name":"Startup","reco_details":{"algorithm":"DirectHit","box":[0,0,1280,720],"detail":null,"name":"Startup","reco_id":400000001},"reco_id":400000001,"task_id":200000001}] 
[2026-05-13 14:39:46.209][TRC][Px23528][Tx19941][TaskBase.cpp][L61][MaaNS::TaskNS::TaskBase::run_recognition] | leave, 25ms 
[2026-05-13 14:39:46.209][INF][Px23528][Tx19941][PipelineTask.cpp][L311][MaaNS::TaskNS::PipelineTask::recognize_list] reco hit [result.name=Startup] [result.box=[0,0,1280,720]] 
[2026-05-13 14:39:46.209][INF][Px23528][Tx19941][Utils/EventDispatcher.hpp][L65][MaaNS::EventDispatcher::notify] !!!OnEventNotify!!! [handle=true] [msg=Node.NextList.Succeeded] [details={"focus":null,"list":[{"anchor":false,"jump_back":false,"name":"Startup"}],"name":"Startup","task_id":200000001}] 
[2026-05-13 14:39:46.209][TRC][Px23528][Tx19941][PipelineTask.cpp][L250][MaaNS::TaskNS::PipelineTask::recognize_list] | leave, 26ms 
[2026-05-13 14:39:46.209][DBG][Px23528][Tx19941][TaskBase.cpp][L215][MaaNS::TaskNS::TaskBase::sleep] 200ms 
[2026-05-13 14:39:46.425][INF][Px23528][Tx19941][Utils/EventDispatcher.hpp][L65][MaaNS::EventDispatcher::notify] !!!OnEventNotify!!! [handle=true] [msg=Node.Action.Starting] [details={"action_id":500000001,"focus":null,"name":"Startup","task_id":200000001}] 
[2026-05-13 14:39:46.425][TRC][Px23528][Tx19941][Actuator.cpp][L27][MaaNS::TaskNS::Actuator::run] [pipeline_data.name=Startup] 
[2026-05-13 14:39:46.425][INF][Px23528][Tx10360][MessageInput.cpp][L1102][MaaNS::CtrlUnitNs::MessageInput::key_down] [config_.mode=PostMessageA] [key=27] 
[2026-05-13 14:39:46.502][INF][Px23528][Tx10360][MessageInput.cpp][L1117][MaaNS::CtrlUnitNs::MessageInput::key_up] [config_.mode=PostMessageA] [key=27] 
[2026-05-13 14:39:46.518][INF][Px23528][Tx19941][TaskBase.cpp][L137][MaaNS::TaskNS::TaskBase::run_action] action [i=0] [data.repeat=1] [result={"action":"ClickKey","action_id":500000001,"box":[0,0,0,0],"detail":{"keycode":[27]},"name":"Startup","success":true}] 
[2026-05-13 14:39:46.518][INF][Px23528][Tx19941][Utils/EventDispatcher.hpp][L65][MaaNS::EventDispatcher::notify] !!!OnEventNotify!!! [handle=true] [msg=Node.Action.Succeeded] [details={"action_details":{"action":"ClickKey","action_id":500000001,"box":[0,0,0,0],"detail":{"keycode":[27]},"name":"Startup","success":true},"action_id":500000001,"focus":null,"name":"Startup","task_id":200000001}] 
[2026-05-13 14:39:46.519][DBG][Px23528][Tx19941][TaskBase.cpp][L215][MaaNS::TaskNS::TaskBase::sleep] 200ms 
[2026-05-13 14:39:46.719][INF][Px23528][Tx19941][PipelineTask.cpp][L224][MaaNS::TaskNS::PipelineTask::run_next] PipelineTask node done [result={"action_id":500000001,"completed":true,"name":"Startup","node_id":300000001,"reco_id":400000001}] [task_id_=200000001] 
[2026-05-13 14:39:46.721][INF][Px23528][Tx19941][Utils/EventDispatcher.hpp][L65][MaaNS::EventDispatcher::notify] !!!OnEventNotify!!! [handle=true] [msg=Node.PipelineNode.Succeeded] [details={"action_details":{"action":"ClickKey","action_id":500000001,"box":[0,0,0,0],"detail":{"keycode":[27]},"name":"Startup","success":true},"focus":null,"name":"Startup","node_details":{"action_id":500000001,"completed":true,"name":"Startup","node_id":300000001,"reco_id":400000001},"node_id":300000001,"reco_details":{"algorithm":"DirectHit","box":[0,0,1280,720],"detail":null,"name":"Startup","reco_id":400000001},"task_id":200000001}] 
[2026-05-13 14:39:46.722][TRC][Px23528][Tx19941][PipelineTask.cpp][L26][MaaNS::TaskNS::PipelineTask::run] | leave, 550ms 
[2026-05-13 14:39:46.722][INF][Px23528][Tx19941][Tasker.cpp][L355][MaaNS::Tasker::run_task] task end: [cb_detail={"entry":"Startup","hash":"6ff9a750b672c22","task_id":200000001,"uuid":"000000000059009E"}] [ret=true] 
[2026-05-13 14:39:46.722][INF][Px23528][Tx19941][Utils/EventDispatcher.hpp][L65][MaaNS::EventDispatcher::notify] !!!OnEventNotify!!! [handle=true] [msg=Tasker.Task.Succeeded] [details={"entry":"Startup","hash":"6ff9a750b672c22","task_id":200000001,"uuid":"000000000059009E"}] 
[2026-05-13 14:39:46.722][DBG][Px23528][Tx10360][Win32ControlUnitMgr.cpp][L464][MaaNS::CtrlUnitNs::Win32ControlUnitMgr::inactive] | enter 
[2026-05-13 14:39:46.722][DBG][Px23528][Tx10360][MessageInput.cpp][L824][MaaNS::CtrlUnitNs::MessageInput::inactive] | enter 
[2026-05-13 14:39:46.722][TRC][Px23528][Tx10360][MessageInput.cpp][L824][MaaNS::CtrlUnitNs::MessageInput::inactive] | leave, 0ms 
[2026-05-13 14:39:46.722][TRC][Px23528][Tx10360][Win32ControlUnitMgr.cpp][L464][MaaNS::CtrlUnitNs::Win32ControlUnitMgr::inactive] | leave, 0ms 
[2026-05-13 14:39:46.722][TRC][Px23528][Tx19941][Tasker.cpp][L323][MaaNS::Tasker::run_task] | leave, 550ms 
[2026-05-13 14:39:46.722][DBG][Px23528][Tx44331][MaaFramework.cpp][L307][MaaResourceDestroy] [res=true] | enter 
[2026-05-13 14:39:46.722][DBG][Px23528][Tx44331][ResourceMgr.cpp][L33][MaaNS::ResourceNS::ResourceMgr::~ResourceMgr] | enter 
[2026-05-13 14:39:46.722][TRC][Px23528][Tx44331][ResourceMgr.cpp][L33][MaaNS::ResourceNS::ResourceMgr::~ResourceMgr] | leave, 0ms 
[2026-05-13 14:39:46.722][DBG][Px23528][Tx44331][Base/AsyncRunner.hpp][L88][MaaNS::AsyncRunner<struct MaaNS::ResourceNS::PostPathItem>::~AsyncRunner] | enter 
[2026-05-13 14:39:46.722][DBG][Px23528][Tx44331][Base/AsyncRunner.hpp][L96][MaaNS::AsyncRunner<struct MaaNS::ResourceNS::PostPathItem>::release] | enter 
[2026-05-13 14:39:46.723][TRC][Px23528][Tx44331][Base/AsyncRunner.hpp][L96][MaaNS::AsyncRunner<struct MaaNS::ResourceNS::PostPathItem>::release] | leave, 0ms 
[2026-05-13 14:39:46.723][TRC][Px23528][Tx44331][Base/AsyncRunner.hpp][L88][MaaNS::AsyncRunner<struct MaaNS::ResourceNS::PostPathItem>::~AsyncRunner] | leave, 0ms 
[2026-05-13 14:39:46.744][TRC][Px23528][Tx44331][MaaFramework.cpp][L307][MaaResourceDestroy] | leave, 21ms 
[2026-05-13 14:39:46.744][DBG][Px23528][Tx44331][MaaFramework.cpp][L288][MaaControllerDestroy] [ctrl=true] | enter 
[2026-05-13 14:39:46.744][DBG][Px23528][Tx44331][ControllerAgent.cpp][L30][MaaNS::ControllerNS::ControllerAgent::~ControllerAgent] | enter 
[2026-05-13 14:39:46.744][TRC][Px23528][Tx44331][ControllerAgent.cpp][L30][MaaNS::ControllerNS::ControllerAgent::~ControllerAgent] | leave, 0ms 
[2026-05-13 14:39:46.744][DBG][Px23528][Tx44331][Base/AsyncRunner.hpp][L88][MaaNS::AsyncRunner<struct MaaNS::ControllerNS::Action>::~AsyncRunner] | enter 
[2026-05-13 14:39:46.744][DBG][Px23528][Tx44331][Base/AsyncRunner.hpp][L96][MaaNS::AsyncRunner<struct MaaNS::ControllerNS::Action>::release] | enter 
[2026-05-13 14:39:46.744][TRC][Px23528][Tx44331][Base/AsyncRunner.hpp][L96][MaaNS::AsyncRunner<struct MaaNS::ControllerNS::Action>::release] | leave, 0ms 
[2026-05-13 14:39:46.744][TRC][Px23528][Tx44331][Base/AsyncRunner.hpp][L88][MaaNS::AsyncRunner<struct MaaNS::ControllerNS::Action>::~AsyncRunner] | leave, 0ms 
[2026-05-13 14:39:46.745][DBG][Px23528][Tx44331][Win32ControlUnitAPI.cpp][L33][MaaWin32ControlUnitDestroy] [handle=true] | enter 
[2026-05-13 14:39:46.781][TRC][Px23528][Tx54614][PseudoMinimizeHelper.cpp][L89][MaaNS::CtrlUnitNs::PseudoMinimizeHelper::monitor_thread_func] | leave, 1185ms 
[2026-05-13 14:39:46.782][INF][Px23528][Tx44331][PseudoMinimizeHelper.cpp][L73][MaaNS::CtrlUnitNs::PseudoMinimizeHelper::stop] PseudoMinimizeHelper stopped [hwnd_=true] 
[2026-05-13 14:39:46.782][TRC][Px23528][Tx44331][Win32ControlUnitAPI.cpp][L33][MaaWin32ControlUnitDestroy] | leave, 37ms 
[2026-05-13 14:39:46.782][TRC][Px23528][Tx44331][MaaFramework.cpp][L288][MaaControllerDestroy] | leave, 37ms 
[2026-05-13 14:39:46.782][DBG][Px23528][Tx44331][MaaFramework.cpp][L326][MaaTaskerDestroy] [tasker=true] | enter 
[2026-05-13 14:39:46.782][DBG][Px23528][Tx44331][Tasker.cpp][L37][MaaNS::Tasker::~Tasker] | enter 
[2026-05-13 14:39:46.782][TRC][Px23528][Tx44331][Tasker.cpp][L37][MaaNS::Tasker::~Tasker] | leave, 0ms 
[2026-05-13 14:39:46.782][DBG][Px23528][Tx44331][Base/AsyncRunner.hpp][L88][MaaNS::AsyncRunner<class std::shared_ptr<class MaaNS::TaskNS::TaskBase> >::~AsyncRunner] | enter 
[2026-05-13 14:39:46.782][DBG][Px23528][Tx44331][Base/AsyncRunner.hpp][L96][MaaNS::AsyncRunner<class std::shared_ptr<class MaaNS::TaskNS::TaskBase> >::release] | enter 
[2026-05-13 14:39:46.782][TRC][Px23528][Tx44331][Base/AsyncRunner.hpp][L96][MaaNS::AsyncRunner<class std::shared_ptr<class MaaNS::TaskNS::TaskBase> >::release] | leave, 0ms 
[2026-05-13 14:39:46.782][TRC][Px23528][Tx44331][Base/AsyncRunner.hpp][L88][MaaNS::AsyncRunner<class std::shared_ptr<class MaaNS::TaskNS::TaskBase> >::~AsyncRunner] | leave, 0ms 
[2026-05-13 14:39:46.782][TRC][Px23528][Tx44331][MaaFramework.cpp][L326][MaaTaskerDestroy] | leave, 0ms 
[2026-05-13 14:39:46.845][DBG][Px23528][Tx44331][Logger] ----------------------------- 
[2026-05-13 14:39:46.845][DBG][Px23528][Tx44331][Logger] Close log 
[2026-05-13 14:39:46.845][DBG][Px23528][Tx44331][Logger] ----------------------------- 
[2026-05-13 14:42:10.367][DBG][Px14360][Tx60567][Logger] ----------------------------- 
[2026-05-13 14:42:10.367][DBG][Px14360][Tx60567][Logger] MAA Process Start 
[2026-05-13 14:42:10.367][DBG][Px14360][Tx60567][Logger] Version v5.10.4 
[2026-05-13 14:42:10.367][DBG][Px14360][Tx60567][Logger] Built at May  3 2026 04:23:41 
[2026-05-13 14:42:10.367][DBG][Px14360][Tx60567][Logger] Windows x64 
[2026-05-13 14:42:10.367][DBG][Px14360][Tx60567][Logger] Working E:/subject/one 
[2026-05-13 14:42:10.367][DBG][Px14360][Tx60567][Logger] Logging E:/subject/one/debug/maafw.log 
[2026-05-13 14:42:10.367][DBG][Px14360][Tx60567][Logger] ----------------------------- 
[2026-05-13 14:42:10.367][TRC][Px14360][Tx60567][OptionMgr.cpp][L35][MaaNS::GlobalNS::OptionMgr::set_log_dir] | leave, 0ms 
[2026-05-13 14:42:10.367][TRC][Px14360][Tx60567][OptionMgr.cpp][L10][MaaNS::GlobalNS::OptionMgr::set_option] | leave, 0ms 
[2026-05-13 14:42:10.367][TRC][Px14360][Tx60567][MaaFramework.cpp][L338][MaaGlobalSetOption] | leave, 0ms 
[2026-05-13 14:42:10.367][DBG][Px14360][Tx60567][MaaFramework.cpp][L338][MaaGlobalSetOption] [key=2] [value=true] [val_size=1] | enter 
[2026-05-13 14:42:10.367][DBG][Px14360][Tx60567][OptionMgr.cpp][L10][MaaNS::GlobalNS::OptionMgr::set_option] [key=2] [value=true] [val_size=1] | enter 
[2026-05-13 14:42:10.367][DBG][Px14360][Tx60567][OptionMgr.cpp][L49][MaaNS::GlobalNS::OptionMgr::set_save_draw] | enter 
[2026-05-13 14:42:10.367][INF][Px14360][Tx60567][OptionMgr.cpp][L58][MaaNS::GlobalNS::OptionMgr::set_save_draw] Set save draw [save_draw_=false] 
[2026-05-13 14:42:10.367][TRC][Px14360][Tx60567][OptionMgr.cpp][L49][MaaNS::GlobalNS::OptionMgr::set_save_draw] | leave, 0ms 
[2026-05-13 14:42:10.367][TRC][Px14360][Tx60567][OptionMgr.cpp][L10][MaaNS::GlobalNS::OptionMgr::set_option] | leave, 0ms 
[2026-05-13 14:42:10.367][TRC][Px14360][Tx60567][MaaFramework.cpp][L338][MaaGlobalSetOption] | leave, 0ms 
[2026-05-13 14:42:10.367][DBG][Px14360][Tx60567][MaaFramework.cpp][L338][MaaGlobalSetOption] [key=7] [value=true] [val_size=1] | enter 
[2026-05-13 14:42:10.367][DBG][Px14360][Tx60567][OptionMgr.cpp][L10][MaaNS::GlobalNS::OptionMgr::set_option] [key=7] [value=true] [val_size=1] | enter 
[2026-05-13 14:42:10.367][DBG][Px14360][Tx60567][OptionMgr.cpp][L99][MaaNS::GlobalNS::OptionMgr::set_save_on_error] | enter 
[2026-05-13 14:42:10.367][INF][Px14360][Tx60567][OptionMgr.cpp][L108][MaaNS::GlobalNS::OptionMgr::set_save_on_error] Set save on error [save_on_error_=true] 
[2026-05-13 14:42:10.367][TRC][Px14360][Tx60567][OptionMgr.cpp][L99][MaaNS::GlobalNS::OptionMgr::set_save_on_error] | leave, 0ms 
[2026-05-13 14:42:10.367][TRC][Px14360][Tx60567][OptionMgr.cpp][L10][MaaNS::GlobalNS::OptionMgr::set_option] | leave, 0ms 
[2026-05-13 14:42:10.367][TRC][Px14360][Tx60567][MaaFramework.cpp][L338][MaaGlobalSetOption] | leave, 0ms 
[2026-05-13 14:42:10.367][DBG][Px14360][Tx60567][MaaFramework.cpp][L338][MaaGlobalSetOption] [key=4] [value=true] [val_size=4] | enter 
[2026-05-13 14:42:10.367][DBG][Px14360][Tx60567][OptionMgr.cpp][L10][MaaNS::GlobalNS::OptionMgr::set_option] [key=4] [value=true] [val_size=4] | enter 
[2026-05-13 14:42:10.367][DBG][Px14360][Tx60567][OptionMgr.cpp][L65][MaaNS::GlobalNS::OptionMgr::set_stdout_level] | enter 
[2026-05-13 14:42:10.367][INF][Px14360][Tx60567][OptionMgr.cpp][L74][MaaNS::GlobalNS::OptionMgr::set_stdout_level] Set log stdout level [level=2] 
[2026-05-13 14:42:10.367][TRC][Px14360][Tx60567][OptionMgr.cpp][L65][MaaNS::GlobalNS::OptionMgr::set_stdout_level] | leave, 0ms 
[2026-05-13 14:42:10.367][TRC][Px14360][Tx60567][OptionMgr.cpp][L10][MaaNS::GlobalNS::OptionMgr::set_option] | leave, 0ms 
[2026-05-13 14:42:10.367][TRC][Px14360][Tx60567][MaaFramework.cpp][L338][MaaGlobalSetOption] | leave, 0ms 
[2026-05-13 14:42:10.367][DBG][Px14360][Tx60567][MaaFramework.cpp][L338][MaaGlobalSetOption] [key=8] [value=true] [val_size=4] | enter 
[2026-05-13 14:42:10.367][DBG][Px14360][Tx60567][OptionMgr.cpp][L10][MaaNS::GlobalNS::OptionMgr::set_option] [key=8] [value=true] [val_size=4] | enter 
[2026-05-13 14:42:10.367][DBG][Px14360][Tx60567][OptionMgr.cpp][L115][MaaNS::GlobalNS::OptionMgr::set_draw_quality] | enter 
[2026-05-13 14:42:10.367][INF][Px14360][Tx60567][OptionMgr.cpp][L130][MaaNS::GlobalNS::OptionMgr::set_draw_quality] Set draw quality [draw_quality_=85] 
[2026-05-13 14:42:10.367][TRC][Px14360][Tx60567][OptionMgr.cpp][L115][MaaNS::GlobalNS::OptionMgr::set_draw_quality] | leave, 0ms 
[2026-05-13 14:42:10.367][TRC][Px14360][Tx60567][OptionMgr.cpp][L10][MaaNS::GlobalNS::OptionMgr::set_option] | leave, 0ms 
[2026-05-13 14:42:10.367][TRC][Px14360][Tx60567][MaaFramework.cpp][L338][MaaGlobalSetOption] | leave, 0ms 
[2026-05-13 14:42:10.367][DBG][Px14360][Tx60567][GlobalOptionConfig.cpp][L83][MaaNS::ToolkitNS::GlobalOptionConfig::apply_option] [bret=true] 
[2026-05-13 14:42:10.367][TRC][Px14360][Tx60567][GlobalOptionConfig.cpp][L67][MaaNS::ToolkitNS::GlobalOptionConfig::apply_option] | leave, 0ms 
[2026-05-13 14:42:10.367][TRC][Px14360][Tx60567][GlobalOptionConfig.cpp][L17][MaaNS::ToolkitNS::GlobalOptionConfig::init] | leave, 0ms 
[2026-05-13 14:42:10.367][DBG][Px14360][Tx60567][DesktopWindowWin32Finder.cpp][L13][MaaNS::ToolkitNS::DesktopWindowWin32Finder::find_all] | enter 
[2026-05-13 14:42:10.367][TRC][Px14360][Tx60567][DesktopWindowWin32Finder.cpp][L13][MaaNS::ToolkitNS::DesktopWindowWin32Finder::find_all] | leave, 0ms 
[2026-05-13 14:42:10.368][DBG][Px14360][Tx60567][MaaFramework.cpp][L319][MaaTaskerCreate] | enter 
[2026-05-13 14:42:10.368][DBG][Px14360][Tx60567][Tasker.cpp][L20][MaaNS::Tasker::Tasker] | enter 
[2026-05-13 14:42:10.368][INF][Px14360][Tx60567][Tasker.cpp][L23][MaaNS::Tasker::Tasker] [plugin_mgr.get_names()=["E:/subject/one/MaaFramework/bin/plugins/MaaPluginDemo.dll"]] 
[2026-05-13 14:42:10.368][INF][Px14360][Tx60567][Utils/EventDispatcher.hpp][L37][MaaNS::EventDispatcher::add_sink] [callback=true] [trans_arg=true] 
[2026-05-13 14:42:10.368][TRC][Px14360][Tx60567][Tasker.cpp][L20][MaaNS::Tasker::Tasker] | leave, 0ms 
[2026-05-13 14:42:10.368][TRC][Px14360][Tx60567][MaaFramework.cpp][L319][MaaTaskerCreate] | leave, 0ms 
[2026-05-13 14:42:10.368][DBG][Px14360][Tx60567][MaaFramework.cpp][L54][MaaWin32ControllerCreate] [hWnd=true] [screencap_method=16] [mouse_method=1] [keyboard_method=1] | enter 
[2026-05-13 14:42:10.368][DBG][Px14360][Tx60567][MaaUtils/LibraryHolder.h][L49][MaaNS::LibraryHolder<class MaaNS::Win32ControlUnitLibraryHolder>::load_library] [libname=E:/subject/one/MaaFramework/bin/MaaWin32ControlUnit] | enter 
[2026-05-13 14:42:10.368][INF][Px14360][Tx60567][MaaUtils/LibraryHolder.h][L65][MaaNS::LibraryHolder<class MaaNS::Win32ControlUnitLibraryHolder>::load_library] Loading library [libname=E:/subject/one/MaaFramework/bin/MaaWin32ControlUnit] 
[2026-05-13 14:42:10.369][TRC][Px14360][Tx60567][MaaUtils/LibraryHolder.h][L49][MaaNS::LibraryHolder<class MaaNS::Win32ControlUnitLibraryHolder>::load_library] | leave, 1ms 
[2026-05-13 14:42:10.369][DBG][Px14360][Tx60567][MaaUtils/LibraryHolder.h][L113][MaaNS::LibraryHolder<class MaaNS::Win32ControlUnitLibraryHolder>::get_function] [func_name=MaaWin32ControlUnitGetVersion] | enter 
[2026-05-13 14:42:10.369][TRC][Px14360][Tx60567][MaaUtils/LibraryHolder.h][L113][MaaNS::LibraryHolder<class MaaNS::Win32ControlUnitLibraryHolder>::get_function] | leave, 0ms 
[2026-05-13 14:42:10.369][INF][Px14360][Tx60567][ControlUnit.cpp][L30][MaaNS::check_version] class MaaNS::Win32ControlUnitLibraryHolder Library version: v5.10.4 
[2026-05-13 14:42:10.369][DBG][Px14360][Tx60567][MaaUtils/LibraryHolder.h][L113][MaaNS::LibraryHolder<class MaaNS::Win32ControlUnitLibraryHolder>::get_function] [func_name=MaaWin32ControlUnitCreate] | enter 
[2026-05-13 14:42:10.369][TRC][Px14360][Tx60567][MaaUtils/LibraryHolder.h][L113][MaaNS::LibraryHolder<class MaaNS::Win32ControlUnitLibraryHolder>::get_function] | leave, 0ms 
[2026-05-13 14:42:10.369][DBG][Px14360][Tx60567][MaaUtils/LibraryHolder.h][L113][MaaNS::LibraryHolder<class MaaNS::Win32ControlUnitLibraryHolder>::get_function] [func_name=MaaWin32ControlUnitDestroy] | enter 
[2026-05-13 14:42:10.369][TRC][Px14360][Tx60567][MaaUtils/LibraryHolder.h][L113][MaaNS::LibraryHolder<class MaaNS::Win32ControlUnitLibraryHolder>::get_function] | leave, 0ms 
[2026-05-13 14:42:10.369][DBG][Px14360][Tx60567][Win32ControlUnitAPI.cpp][L23][MaaWin32ControlUnitCreate] [hWnd=true] [screencap_method=16] [mouse_method=1] [keyboard_method=1] | enter 
[2026-05-13 14:42:10.369][TRC][Px14360][Tx60567][Win32ControlUnitAPI.cpp][L23][MaaWin32ControlUnitCreate] | leave, 0ms 
[2026-05-13 14:42:10.369][DBG][Px14360][Tx60567][ControllerAgent.cpp][L15][MaaNS::ControllerNS::ControllerAgent::ControllerAgent] [control_unit_=000002210AC50CD0] | enter 
[2026-05-13 14:42:10.369][INF][Px14360][Tx60567][ControllerAgent.cpp][L18][MaaNS::ControllerNS::ControllerAgent::ControllerAgent] [plugin_mgr.get_names()=["E:/subject/one/MaaFramework/bin/plugins/MaaPluginDemo.dll"]] 
[2026-05-13 14:42:10.369][INF][Px14360][Tx60567][Utils/EventDispatcher.hpp][L37][MaaNS::EventDispatcher::add_sink] [callback=true] [trans_arg=true] 
[2026-05-13 14:42:10.369][TRC][Px14360][Tx60567][ControllerAgent.cpp][L15][MaaNS::ControllerNS::ControllerAgent::ControllerAgent] | leave, 0ms 
[2026-05-13 14:42:10.369][TRC][Px14360][Tx60567][MaaFramework.cpp][L54][MaaWin32ControllerCreate] | leave, 1ms 
[2026-05-13 14:42:10.369][DBG][Px14360][Tx60567][MaaController.cpp][L59][MaaControllerPostConnection] [ctrl=true] | enter 
[2026-05-13 14:42:10.369][TRC][Px14360][Tx60567][MaaController.cpp][L59][MaaControllerPostConnection] | leave, 0ms 
[2026-05-13 14:42:10.369][INF][Px14360][Tx13412][Win32ControlUnitMgr.cpp][L48][MaaNS::CtrlUnitNs::Win32ControlUnitMgr::connect] SetThreadDpiAwarenessContext to PER_MONITOR_AWARE_V2 success [prev_ctx=true] 
[2026-05-13 14:42:10.369][INF][Px14360][Tx13412][PseudoMinimizeHelper.cpp][L49][MaaNS::CtrlUnitNs::PseudoMinimizeHelper::start] PseudoMinimizeHelper started [hwnd_=true] 
[2026-05-13 14:42:10.369][DBG][Px14360][Tx13412][Win32ControlUnitMgr.cpp][L171][MaaNS::CtrlUnitNs::Win32ControlUnitMgr::speed_test] | enter 
[2026-05-13 14:42:10.369][INF][Px14360][Tx13412][Win32ControlUnitMgr.cpp][L186][MaaNS::CtrlUnitNs::Win32ControlUnitMgr::speed_test] Warming up PrintWindow 
[2026-05-13 14:42:10.369][INF][Px14360][Tx13412][PseudoMinimizeHelper.cpp][L110][MaaNS::CtrlUnitNs::PseudoMinimizeHelper::apply_pseudo_minimize] Applying pseudo-minimize [hwnd_=true] 
[2026-05-13 14:42:10.369][DBG][Px14360][Tx5168][PseudoMinimizeHelper.cpp][L89][MaaNS::CtrlUnitNs::PseudoMinimizeHelper::monitor_thread_func] | enter 
[2026-05-13 14:42:10.737][INF][Px14360][Tx13412][Win32ControlUnitMgr.cpp][L191][MaaNS::CtrlUnitNs::Win32ControlUnitMgr::speed_test] Testing PrintWindow 
[2026-05-13 14:42:10.746][INF][Px14360][Tx13412][Win32ControlUnitMgr.cpp][L182][MaaNS::CtrlUnitNs::Win32ControlUnitMgr::speed_test::<lambda_1>::operator ()] [method=PrintWindow] [duration=9ms] 
[2026-05-13 14:42:10.746][INF][Px14360][Tx13412][Win32ControlUnitMgr.cpp][L205][MaaNS::CtrlUnitNs::Win32ControlUnitMgr::speed_test] The fastest method is PrintWindow [cost=9ms] 
[2026-05-13 14:42:10.746][TRC][Px14360][Tx13412][Win32ControlUnitMgr.cpp][L171][MaaNS::CtrlUnitNs::Win32ControlUnitMgr::speed_test] | leave, 376ms 
[2026-05-13 14:42:10.746][DBG][Px14360][Tx60567][MaaTasker.cpp][L106][MaaTaskerBindController] [tasker=true] [ctrl=true] | enter 
[2026-05-13 14:42:10.746][INF][Px14360][Tx60567][Tasker.cpp][L59][MaaNS::Tasker::bind_controller] [this=true] [controller=true] [derived=true] [controller_=false] 
[2026-05-13 14:42:10.746][TRC][Px14360][Tx60567][MaaTasker.cpp][L106][MaaTaskerBindController] | leave, 0ms 
[2026-05-13 14:42:10.746][DBG][Px14360][Tx60567][MaaFramework.cpp][L300][MaaResourceCreate] | enter 
[2026-05-13 14:42:10.746][DBG][Px14360][Tx60567][OCRResMgr.cpp][L15][MaaNS::ResourceNS::OCRResMgr::OCRResMgr] | enter 
[2026-05-13 14:42:10.746][TRC][Px14360][Tx60567][OCRResMgr.cpp][L15][MaaNS::ResourceNS::OCRResMgr::OCRResMgr] | leave, 0ms 
[2026-05-13 14:42:10.759][DBG][Px14360][Tx60567][ResourceMgr.cpp][L18][MaaNS::ResourceNS::ResourceMgr::ResourceMgr] | enter 
[2026-05-13 14:42:10.759][INF][Px14360][Tx60567][ResourceMgr.cpp][L21][MaaNS::ResourceNS::ResourceMgr::ResourceMgr] [plugin_mgr.get_names()=["E:/subject/one/MaaFramework/bin/plugins/MaaPluginDemo.dll"]] 
[2026-05-13 14:42:10.759][INF][Px14360][Tx60567][Utils/EventDispatcher.hpp][L37][MaaNS::EventDispatcher::add_sink] [callback=true] [trans_arg=true] 
[2026-05-13 14:42:10.759][TRC][Px14360][Tx60567][ResourceMgr.cpp][L18][MaaNS::ResourceNS::ResourceMgr::ResourceMgr] | leave, 0ms 
[2026-05-13 14:42:10.759][TRC][Px14360][Tx60567][MaaFramework.cpp][L300][MaaResourceCreate] | leave, 13ms 
[2026-05-13 14:42:10.759][DBG][Px14360][Tx60567][MaaResource.cpp][L158][MaaResourcePostPipeline] [res=true] [path=E:\subject\one\resource\pipeline] | enter 
[2026-05-13 14:42:10.759][INF][Px14360][Tx60567][ResourceMgr.cpp][L75][MaaNS::ResourceNS::ResourceMgr::post_path] [static_cast<int>(type)=2] [path=E:/subject/one/resource/pipeline] 
[2026-05-13 14:42:10.759][TRC][Px14360][Tx60567][MaaResource.cpp][L158][MaaResourcePostPipeline] | leave, 0ms 
[2026-05-13 14:42:10.760][DBG][Px14360][Tx28221][ResourceMgr.cpp][L595][MaaNS::ResourceNS::ResourceMgr::run_load] [id=100000001] [static_cast<int>(item.type)=2] [item.path=E:/subject/one/resource/pipeline] | enter 
[2026-05-13 14:42:10.760][INF][Px14360][Tx28221][Utils/EventDispatcher.hpp][L65][MaaNS::EventDispatcher::notify] !!!OnEventNotify!!! [handle=true] [msg=Resource.Loading.Starting] [details={"hash":"","path":"E:/subject/one/resource/pipeline","res_id":100000001,"type":"Pipeline"}] 
[2026-05-13 14:42:10.760][INF][Px14360][Tx28221][ResourceMgr.cpp][L372][MaaNS::ResourceNS::ResourceMgr::available_providers] [all_providers_vec=["DmlExecutionProvider","CPUExecutionProvider"]] 
[2026-05-13 14:42:10.760][INF][Px14360][Tx28221][ResourceMgr.cpp][L400][MaaNS::ResourceNS::ResourceMgr::available_providers] [s_provider_cache=[2,1]] 
[2026-05-13 14:42:10.760][TRC][Px14360][Tx28221][GpuOptionWin32.cpp][L137][MaaNS::perfer_gpu] 
[2026-05-13 14:42:10.763][INF][Px14360][Tx28221][GpuOptionWin32.cpp][L188][MaaNS::perfer_gpu] [adapter_index=0] [adapter_desc=NVIDIA GeForce RTX 4070 Ti] 
[2026-05-13 14:42:10.809][INF][Px14360][Tx5168][PseudoMinimizeHelper.cpp][L139][MaaNS::CtrlUnitNs::PseudoMinimizeHelper::revert_pseudo_minimize] Reverting pseudo-minimize [hwnd_=true] 
[2026-05-13 14:42:10.835][TRC][Px14360][Tx28221][GpuOptionWin32.cpp][L21][MaaNS::adapter_instance_path] 
[2026-05-13 14:42:10.837][DBG][Px14360][Tx28221][GpuOptionWin32.cpp][L48][MaaNS::adapter_instance_path] [result=PCI\VEN_10DE&DEV_2782&SUBSYS_E1301462&REV_A1\4&1bcd7285&0&0008] 
[2026-05-13 14:42:10.837][TRC][Px14360][Tx28221][GpuOptionWin32.cpp][L54][MaaNS::gpu_driver_date] 
[2026-05-13 14:42:10.837][DBG][Px14360][Tx28221][GpuOptionWin32.cpp][L83][MaaNS::gpu_driver_date] [system_time.wYear=2024] [system_time.wMonth=8] [system_time.wDay=14] 
[2026-05-13 14:42:10.837][TRC][Px14360][Tx28221][GpuOptionWin32.cpp][L89][MaaNS::is_indirect_display_adapter] 
[2026-05-13 14:42:10.838][DBG][Px14360][Tx28221][GpuOptionWin32.cpp][L114][MaaNS::is_indirect_display_adapter] RegQueryValueExW 1 failed [ret=2] [type=0] [size=0] 
[2026-05-13 14:42:10.838][INF][Px14360][Tx28221][GpuOptionWin32.cpp][L232][MaaNS::perfer_gpu] available gpu found [adapter_index=0] [adapter_desc=] [desc.DedicatedVideoMemory=12578717696] 
[2026-05-13 14:42:10.838][INF][Px14360][Tx28221][GpuOptionWin32.cpp][L188][MaaNS::perfer_gpu] [adapter_index=1] [adapter_desc=NVIDIA GeForce RTX 4070 Ti] 
[2026-05-13 14:42:10.905][TRC][Px14360][Tx28221][GpuOptionWin32.cpp][L21][MaaNS::adapter_instance_path] 
[2026-05-13 14:42:10.905][DBG][Px14360][Tx28221][GpuOptionWin32.cpp][L48][MaaNS::adapter_instance_path] [result=ROOT\DISPLAY\0002] 
[2026-05-13 14:42:10.905][TRC][Px14360][Tx28221][GpuOptionWin32.cpp][L54][MaaNS::gpu_driver_date] 
[2026-05-13 14:42:10.906][DBG][Px14360][Tx28221][GpuOptionWin32.cpp][L83][MaaNS::gpu_driver_date] [system_time.wYear=2021] [system_time.wMonth=8] [system_time.wDay=31] 
[2026-05-13 14:42:10.906][TRC][Px14360][Tx28221][GpuOptionWin32.cpp][L89][MaaNS::is_indirect_display_adapter] 
[2026-05-13 14:42:10.906][DBG][Px14360][Tx28221][GpuOptionWin32.cpp][L131][MaaNS::is_indirect_display_adapter] [value=IndirectKmd ] [sub_key=SYSTEM\CurrentControlSet\Enum\ROOT\DISPLAY\0002] [indirect=true] 
[2026-05-13 14:42:10.906][WRN][Px14360][Tx28221][GpuOptionWin32.cpp][L223][MaaNS::perfer_gpu] virtual adapters (streaming/RDP), skip [adapter_index=1] [adapter_desc=NVIDIA GeForce RTX 4070 Ti] [instance_path=ROOT\DISPLAY\0002] 
[2026-05-13 14:42:10.906][INF][Px14360][Tx28221][GpuOptionWin32.cpp][L188][MaaNS::perfer_gpu] [adapter_index=2] [adapter_desc=NVIDIA GeForce RTX 4070 Ti] 
[2026-05-13 14:42:10.954][TRC][Px14360][Tx28221][GpuOptionWin32.cpp][L21][MaaNS::adapter_instance_path] 
[2026-05-13 14:42:10.954][DBG][Px14360][Tx28221][GpuOptionWin32.cpp][L48][MaaNS::adapter_instance_path] [result=ROOT\DISPLAY\0001] 
[2026-05-13 14:42:10.954][TRC][Px14360][Tx28221][GpuOptionWin32.cpp][L54][MaaNS::gpu_driver_date] 
[2026-05-13 14:42:10.954][DBG][Px14360][Tx28221][GpuOptionWin32.cpp][L83][MaaNS::gpu_driver_date] [system_time.wYear=2026] [system_time.wMonth=2] [system_time.wDay=28] 
[2026-05-13 14:42:10.954][TRC][Px14360][Tx28221][GpuOptionWin32.cpp][L89][MaaNS::is_indirect_display_adapter] 
[2026-05-13 14:42:10.954][DBG][Px14360][Tx28221][GpuOptionWin32.cpp][L131][MaaNS::is_indirect_display_adapter] [value=IndirectKmd ] [sub_key=SYSTEM\CurrentControlSet\Enum\ROOT\DISPLAY\0001] [indirect=true] 
[2026-05-13 14:42:10.954][WRN][Px14360][Tx28221][GpuOptionWin32.cpp][L223][MaaNS::perfer_gpu] virtual adapters (streaming/RDP), skip [adapter_index=2] [adapter_desc=NVIDIA GeForce RTX 4070 Ti] [instance_path=ROOT\DISPLAY\0001] 
[2026-05-13 14:42:10.954][INF][Px14360][Tx28221][GpuOptionWin32.cpp][L188][MaaNS::perfer_gpu] [adapter_index=3] [adapter_desc=NVIDIA GeForce RTX 4070 Ti] 
[2026-05-13 14:42:11.002][TRC][Px14360][Tx28221][GpuOptionWin32.cpp][L21][MaaNS::adapter_instance_path] 
[2026-05-13 14:42:11.002][DBG][Px14360][Tx28221][GpuOptionWin32.cpp][L48][MaaNS::adapter_instance_path] [result=ROOT\DISPLAY\0000] 
[2026-05-13 14:42:11.002][TRC][Px14360][Tx28221][GpuOptionWin32.cpp][L54][MaaNS::gpu_driver_date] 
[2026-05-13 14:42:11.002][DBG][Px14360][Tx28221][GpuOptionWin32.cpp][L83][MaaNS::gpu_driver_date] [system_time.wYear=2023] [system_time.wMonth=4] [system_time.wDay=24] 
[2026-05-13 14:42:11.002][TRC][Px14360][Tx28221][GpuOptionWin32.cpp][L89][MaaNS::is_indirect_display_adapter] 
[2026-05-13 14:42:11.002][DBG][Px14360][Tx28221][GpuOptionWin32.cpp][L131][MaaNS::is_indirect_display_adapter] [value=IndirectKmd ] [sub_key=SYSTEM\CurrentControlSet\Enum\ROOT\DISPLAY\0000] [indirect=true] 
[2026-05-13 14:42:11.002][WRN][Px14360][Tx28221][GpuOptionWin32.cpp][L223][MaaNS::perfer_gpu] virtual adapters (streaming/RDP), skip [adapter_index=3] [adapter_desc=NVIDIA GeForce RTX 4070 Ti] [instance_path=ROOT\DISPLAY\0000] 
[2026-05-13 14:42:11.002][INF][Px14360][Tx28221][GpuOptionWin32.cpp][L188][MaaNS::perfer_gpu] [adapter_index=4] [adapter_desc=Microsoft Basic Render Driver] 
[2026-05-13 14:42:11.002][WRN][Px14360][Tx28221][GpuOptionWin32.cpp][L191][MaaNS::perfer_gpu] software adapter, skip [adapter_index=4] [adapter_desc=Microsoft Basic Render Driver] 
[2026-05-13 14:42:11.002][DBG][Px14360][Tx28221][GpuOptionWin32.cpp][L173][MaaNS::perfer_gpu] EnumAdapters1 DXGI_ERROR_NOT_FOUND [adapter_index=5] 
[2026-05-13 14:42:11.002][INF][Px14360][Tx28221][GpuOptionWin32.cpp][L251][MaaNS::perfer_gpu] Best gpu selected [best_gpu.adapter_index=0] [best_gpu.description=NVIDIA GeForce RTX 4070 Ti] [best_gpu.dedicated_video_memory=12578717696] 
[2026-05-13 14:42:11.002][INF][Px14360][Tx28221][ONNXResMgr.cpp][L69][MaaNS::ResourceNS::ONNXResMgr::use_directml] [device_id=0] 
[2026-05-13 14:42:11.128][INF][Px14360][Tx28221][ONNXResMgr.cpp][L82][MaaNS::ResourceNS::ONNXResMgr::use_directml] Using DML execution provider with device_id 0 
[2026-05-13 14:42:11.128][INF][Px14360][Tx28221][OCRResMgr.cpp][L42][MaaNS::ResourceNS::OCRResMgr::use_directml] [device_id=0] 
[2026-05-13 14:42:11.128][DBG][Px14360][Tx28221][ResourceMgr.cpp][L702][MaaNS::ResourceNS::ResourceMgr::load_pipeline] [path=E:/subject/one/resource/pipeline] | enter 
[2026-05-13 14:42:11.128][DBG][Px14360][Tx28221][PipelineResMgr.cpp][L15][MaaNS::ResourceNS::PipelineResMgr::load] [path=E:/subject/one/resource/pipeline] | enter 
[2026-05-13 14:42:11.129][DBG][Px14360][Tx28221][PipelineResMgr.cpp][L110][MaaNS::ResourceNS::PipelineResMgr::open_and_parse_file] [path=E:/subject/one/resource/pipeline/Startup.json] | enter 
[2026-05-13 14:42:11.129][DBG][Px14360][Tx28221][PipelineParser.cpp][L188][MaaNS::ResourceNS::PipelineParser::parse_node] [name=Startup] 
[2026-05-13 14:42:11.129][TRC][Px14360][Tx28221][PipelineResMgr.cpp][L110][MaaNS::ResourceNS::PipelineResMgr::open_and_parse_file] | leave, 0ms 
[2026-05-13 14:42:11.129][TRC][Px14360][Tx28221][PipelineResMgr.cpp][L15][MaaNS::ResourceNS::PipelineResMgr::load] | leave, 0ms 
[2026-05-13 14:42:11.129][TRC][Px14360][Tx28221][ResourceMgr.cpp][L702][MaaNS::ResourceNS::ResourceMgr::load_pipeline] | leave, 0ms 
[2026-05-13 14:42:11.129][INF][Px14360][Tx28221][ResourceMgr.cpp][L217][MaaNS::ResourceNS::ResourceMgr::calc_hash] [hash_cache_=6ff9a750b672c22] 
[2026-05-13 14:42:11.129][INF][Px14360][Tx28221][Utils/EventDispatcher.hpp][L65][MaaNS::EventDispatcher::notify] !!!OnEventNotify!!! [handle=true] [msg=Resource.Loading.Succeeded] [details={"hash":"6ff9a750b672c22","path":"E:/subject/one/resource/pipeline","res_id":100000001,"type":"Pipeline"}] 
[2026-05-13 14:42:11.129][TRC][Px14360][Tx28221][ResourceMgr.cpp][L595][MaaNS::ResourceNS::ResourceMgr::run_load] | leave, 369ms 
[2026-05-13 14:42:11.129][DBG][Px14360][Tx60157][MaaTasker.cpp][L94][MaaTaskerBindResource] [tasker=true] [res=true] | enter 
[2026-05-13 14:42:11.129][INF][Px14360][Tx60157][Tasker.cpp][L44][MaaNS::Tasker::bind_resource] [this=true] [resource=true] [derived=true] [resource_=false] 
[2026-05-13 14:42:11.129][TRC][Px14360][Tx60157][MaaTasker.cpp][L94][MaaTaskerBindResource] | leave, 0ms 
[2026-05-13 14:42:11.129][DBG][Px14360][Tx60157][MaaTasker.cpp][L128][MaaTaskerPostTask] [tasker=true] [entry=Startup] [pipeline_override={}] | enter 
[2026-05-13 14:42:11.129][INF][Px14360][Tx60157][Tasker.cpp][L87][MaaNS::Tasker::post_task] [entry=Startup] [pipeline_override={}] 
[2026-05-13 14:42:11.129][DBG][Px14360][Tx60157][Context.cpp][L20][MaaNS::TaskNS::Context::create] [id=200000001] [tasker=true] 
[2026-05-13 14:42:11.129][DBG][Px14360][Tx60157][Context.cpp][L46][MaaNS::TaskNS::Context::Context] [id=200000001] [tasker=true] 
[2026-05-13 14:42:11.129][TRC][Px14360][Tx60157][Context.cpp][L195][MaaNS::TaskNS::Context::override_pipeline] [getptr()=000002215266BD50] [pipeline_override={}] 
[2026-05-13 14:42:11.129][TRC][Px14360][Tx60157][MaaTasker.cpp][L128][MaaTaskerPostTask] | leave, 0ms 
[2026-05-13 14:42:11.129][DBG][Px14360][Tx37991][Tasker.cpp][L323][MaaNS::Tasker::run_task] [runner_id=100000001] [task_ptr=000002215246EAF0] | enter 
[2026-05-13 14:42:11.129][INF][Px14360][Tx37991][Tasker.cpp][L343][MaaNS::Tasker::run_task] task start: [cb_detail={"entry":"Startup","hash":"6ff9a750b672c22","task_id":200000001,"uuid":"000000000059009E"}] 
[2026-05-13 14:42:11.129][INF][Px14360][Tx37991][Utils/EventDispatcher.hpp][L65][MaaNS::EventDispatcher::notify] !!!OnEventNotify!!! [handle=true] [msg=Tasker.Task.Starting] [details={"entry":"Startup","hash":"6ff9a750b672c22","task_id":200000001,"uuid":"000000000059009E"}] 
[2026-05-13 14:42:11.129][DBG][Px14360][Tx37991][PipelineTask.cpp][L26][MaaNS::TaskNS::PipelineTask::run] [entry_=Startup] [task_id_=200000001] | enter 
[2026-05-13 14:42:11.129][INF][Px14360][Tx37991][Utils/EventDispatcher.hpp][L65][MaaNS::EventDispatcher::notify] !!!OnEventNotify!!! [handle=true] [msg=Node.PipelineNode.Starting] [details={"focus":null,"name":"Startup","node_id":300000001,"task_id":200000001}] 
[2026-05-13 14:42:11.141][INF][Px14360][Tx13412][ControllerAgent.cpp][L1070][MaaNS::ControllerNS::ControllerAgent::postproc_screenshot] Resolution changed [raw.cols=1280] [raw.rows=720] [image_raw_width_=0] [image_raw_height_=0] 
[2026-05-13 14:42:11.141][DBG][Px14360][Tx13412][ControllerAgent.cpp][L1105][MaaNS::ControllerNS::ControllerAgent::calc_target_image_size] Re-calc image target size: [image_target_long_side_=0] [image_target_short_side_=720] [image_raw_width_=1280] [image_raw_height_=720] 
[2026-05-13 14:42:11.141][INF][Px14360][Tx13412][ControllerAgent.cpp][L1131][MaaNS::ControllerNS::ControllerAgent::calc_target_image_size] [image_target_width_=1280] [image_target_height_=720] 
[2026-05-13 14:42:11.143][DBG][Px14360][Tx37991][PipelineTask.cpp][L250][MaaNS::TaskNS::PipelineTask::recognize_list] [cur_node_=Startup] [list=[{"anchor":false,"jump_back":false,"name":"Startup"}]] | enter 
[2026-05-13 14:42:11.143][INF][Px14360][Tx37991][Utils/EventDispatcher.hpp][L65][MaaNS::EventDispatcher::notify] !!!OnEventNotify!!! [handle=true] [msg=Node.NextList.Starting] [details={"focus":null,"list":[{"anchor":false,"jump_back":false,"name":"Startup"}],"name":"Startup","task_id":200000001}] 
[2026-05-13 14:42:11.143][DBG][Px14360][Tx37991][PipelineTask.cpp][L362][MaaNS::TaskNS::PipelineTask::prepare_batch_ocr] batch OCR not needed, eligible OCR nodes < 2 [ctx.plan.entries.size()=0] 
[2026-05-13 14:42:11.143][DBG][Px14360][Tx37991][TaskBase.cpp][L61][MaaNS::TaskNS::TaskBase::run_recognition] [cur_node_=Startup] [data.name=Startup] | enter 
[2026-05-13 14:42:11.143][INF][Px14360][Tx37991][Utils/EventDispatcher.hpp][L65][MaaNS::EventDispatcher::notify] !!!OnEventNotify!!! [handle=true] [msg=Node.Recognition.Starting] [details={"focus":null,"name":"Startup","reco_id":400000001,"task_id":200000001}] 
[2026-05-13 14:42:11.148][DBG][Px14360][Tx37991][Recognizer.cpp][L136][MaaNS::TaskNS::Recognizer::direct_hit] Startup 
[2026-05-13 14:42:11.212][INF][Px14360][Tx37991][Recognizer.cpp][L103][MaaNS::TaskNS::Recognizer::recognize] reco [result={"algorithm":"DirectHit","box":[0,0,1280,720],"detail":null,"name":"Startup","reco_id":400000001}] 
[2026-05-13 14:42:11.213][INF][Px14360][Tx37991][Utils/EventDispatcher.hpp][L65][MaaNS::EventDispatcher::notify] !!!OnEventNotify!!! [handle=true] [msg=Node.Recognition.Succeeded] [details={"focus":null,"name":"Startup","reco_details":{"algorithm":"DirectHit","box":[0,0,1280,720],"detail":null,"name":"Startup","reco_id":400000001},"reco_id":400000001,"task_id":200000001}] 
[2026-05-13 14:42:11.213][TRC][Px14360][Tx37991][TaskBase.cpp][L61][MaaNS::TaskNS::TaskBase::run_recognition] | leave, 70ms 
[2026-05-13 14:42:11.213][INF][Px14360][Tx37991][PipelineTask.cpp][L311][MaaNS::TaskNS::PipelineTask::recognize_list] reco hit [result.name=Startup] [result.box=[0,0,1280,720]] 
[2026-05-13 14:42:11.213][INF][Px14360][Tx37991][Utils/EventDispatcher.hpp][L65][MaaNS::EventDispatcher::notify] !!!OnEventNotify!!! [handle=true] [msg=Node.NextList.Succeeded] [details={"focus":null,"list":[{"anchor":false,"jump_back":false,"name":"Startup"}],"name":"Startup","task_id":200000001}] 
[2026-05-13 14:42:11.213][TRC][Px14360][Tx37991][PipelineTask.cpp][L250][MaaNS::TaskNS::PipelineTask::recognize_list] | leave, 70ms 
[2026-05-13 14:42:11.213][DBG][Px14360][Tx37991][TaskBase.cpp][L215][MaaNS::TaskNS::TaskBase::sleep] 200ms 
[2026-05-13 14:42:11.414][INF][Px14360][Tx37991][Utils/EventDispatcher.hpp][L65][MaaNS::EventDispatcher::notify] !!!OnEventNotify!!! [handle=true] [msg=Node.Action.Starting] [details={"action_id":500000001,"focus":null,"name":"Startup","task_id":200000001}] 
[2026-05-13 14:42:11.414][TRC][Px14360][Tx37991][Actuator.cpp][L27][MaaNS::TaskNS::Actuator::run] [pipeline_data.name=Startup] 
[2026-05-13 14:42:11.414][INF][Px14360][Tx13412][SeizeInput.cpp][L232][MaaNS::CtrlUnitNs::SeizeInput::key_down] [key=27] [hwnd_=true] 
[2026-05-13 14:42:11.476][INF][Px14360][Tx13412][SeizeInput.cpp][L251][MaaNS::CtrlUnitNs::SeizeInput::key_up] [key=27] [hwnd_=true] 
[2026-05-13 14:42:11.476][INF][Px14360][Tx37991][TaskBase.cpp][L137][MaaNS::TaskNS::TaskBase::run_action] action [i=0] [data.repeat=1] [result={"action":"ClickKey","action_id":500000001,"box":[0,0,0,0],"detail":{"keycode":[27]},"name":"Startup","success":true}] 
[2026-05-13 14:42:11.476][INF][Px14360][Tx37991][Utils/EventDispatcher.hpp][L65][MaaNS::EventDispatcher::notify] !!!OnEventNotify!!! [handle=true] [msg=Node.Action.Succeeded] [details={"action_details":{"action":"ClickKey","action_id":500000001,"box":[0,0,0,0],"detail":{"keycode":[27]},"name":"Startup","success":true},"action_id":500000001,"focus":null,"name":"Startup","task_id":200000001}] 
[2026-05-13 14:42:11.476][DBG][Px14360][Tx37991][TaskBase.cpp][L215][MaaNS::TaskNS::TaskBase::sleep] 200ms 
[2026-05-13 14:42:11.677][INF][Px14360][Tx37991][PipelineTask.cpp][L224][MaaNS::TaskNS::PipelineTask::run_next] PipelineTask node done [result={"action_id":500000001,"completed":true,"name":"Startup","node_id":300000001,"reco_id":400000001}] [task_id_=200000001] 
[2026-05-13 14:42:11.677][INF][Px14360][Tx37991][Utils/EventDispatcher.hpp][L65][MaaNS::EventDispatcher::notify] !!!OnEventNotify!!! [handle=true] [msg=Node.PipelineNode.Succeeded] [details={"action_details":{"action":"ClickKey","action_id":500000001,"box":[0,0,0,0],"detail":{"keycode":[27]},"name":"Startup","success":true},"focus":null,"name":"Startup","node_details":{"action_id":500000001,"completed":true,"name":"Startup","node_id":300000001,"reco_id":400000001},"node_id":300000001,"reco_details":{"algorithm":"DirectHit","box":[0,0,1280,720],"detail":null,"name":"Startup","reco_id":400000001},"task_id":200000001}] 
[2026-05-13 14:42:11.677][TRC][Px14360][Tx37991][PipelineTask.cpp][L26][MaaNS::TaskNS::PipelineTask::run] | leave, 548ms 
[2026-05-13 14:42:11.677][INF][Px14360][Tx37991][Tasker.cpp][L355][MaaNS::Tasker::run_task] task end: [cb_detail={"entry":"Startup","hash":"6ff9a750b672c22","task_id":200000001,"uuid":"000000000059009E"}] [ret=true] 
[2026-05-13 14:42:11.677][INF][Px14360][Tx37991][Utils/EventDispatcher.hpp][L65][MaaNS::EventDispatcher::notify] !!!OnEventNotify!!! [handle=true] [msg=Tasker.Task.Succeeded] [details={"entry":"Startup","hash":"6ff9a750b672c22","task_id":200000001,"uuid":"000000000059009E"}] 
[2026-05-13 14:42:11.677][DBG][Px14360][Tx13412][Win32ControlUnitMgr.cpp][L464][MaaNS::CtrlUnitNs::Win32ControlUnitMgr::inactive] | enter 
[2026-05-13 14:42:11.678][DBG][Px14360][Tx13412][SeizeInput.cpp][L322][MaaNS::CtrlUnitNs::SeizeInput::inactive] | enter 
[2026-05-13 14:42:11.703][TRC][Px14360][Tx13412][SeizeInput.cpp][L322][MaaNS::CtrlUnitNs::SeizeInput::inactive] | leave, 25ms 
[2026-05-13 14:42:11.703][TRC][Px14360][Tx13412][Win32ControlUnitMgr.cpp][L464][MaaNS::CtrlUnitNs::Win32ControlUnitMgr::inactive] | leave, 25ms 
[2026-05-13 14:42:11.703][TRC][Px14360][Tx37991][Tasker.cpp][L323][MaaNS::Tasker::run_task] | leave, 574ms 
[2026-05-13 14:42:11.704][DBG][Px14360][Tx60567][MaaFramework.cpp][L307][MaaResourceDestroy] [res=true] | enter 
[2026-05-13 14:42:11.704][DBG][Px14360][Tx60567][ResourceMgr.cpp][L33][MaaNS::ResourceNS::ResourceMgr::~ResourceMgr] | enter 
[2026-05-13 14:42:11.704][TRC][Px14360][Tx60567][ResourceMgr.cpp][L33][MaaNS::ResourceNS::ResourceMgr::~ResourceMgr] | leave, 0ms 
[2026-05-13 14:42:11.704][DBG][Px14360][Tx60567][Base/AsyncRunner.hpp][L88][MaaNS::AsyncRunner<struct MaaNS::ResourceNS::PostPathItem>::~AsyncRunner] | enter 
[2026-05-13 14:42:11.704][DBG][Px14360][Tx60567][Base/AsyncRunner.hpp][L96][MaaNS::AsyncRunner<struct MaaNS::ResourceNS::PostPathItem>::release] | enter 
[2026-05-13 14:42:11.704][TRC][Px14360][Tx60567][Base/AsyncRunner.hpp][L96][MaaNS::AsyncRunner<struct MaaNS::ResourceNS::PostPathItem>::release] | leave, 0ms 
[2026-05-13 14:42:11.704][TRC][Px14360][Tx60567][Base/AsyncRunner.hpp][L88][MaaNS::AsyncRunner<struct MaaNS::ResourceNS::PostPathItem>::~AsyncRunner] | leave, 0ms 
[2026-05-13 14:42:11.718][TRC][Px14360][Tx60567][MaaFramework.cpp][L307][MaaResourceDestroy] | leave, 14ms 
[2026-05-13 14:42:11.718][DBG][Px14360][Tx60567][MaaFramework.cpp][L288][MaaControllerDestroy] [ctrl=true] | enter 
[2026-05-13 14:42:11.718][DBG][Px14360][Tx60567][ControllerAgent.cpp][L30][MaaNS::ControllerNS::ControllerAgent::~ControllerAgent] | enter 
[2026-05-13 14:42:11.718][TRC][Px14360][Tx60567][ControllerAgent.cpp][L30][MaaNS::ControllerNS::ControllerAgent::~ControllerAgent] | leave, 0ms 
[2026-05-13 14:42:11.718][DBG][Px14360][Tx60567][Base/AsyncRunner.hpp][L88][MaaNS::AsyncRunner<struct MaaNS::ControllerNS::Action>::~AsyncRunner] | enter 
[2026-05-13 14:42:11.718][DBG][Px14360][Tx60567][Base/AsyncRunner.hpp][L96][MaaNS::AsyncRunner<struct MaaNS::ControllerNS::Action>::release] | enter 
[2026-05-13 14:42:11.718][TRC][Px14360][Tx60567][Base/AsyncRunner.hpp][L96][MaaNS::AsyncRunner<struct MaaNS::ControllerNS::Action>::release] | leave, 0ms 
[2026-05-13 14:42:11.718][TRC][Px14360][Tx60567][Base/AsyncRunner.hpp][L88][MaaNS::AsyncRunner<struct MaaNS::ControllerNS::Action>::~AsyncRunner] | leave, 0ms 
[2026-05-13 14:42:11.719][DBG][Px14360][Tx60567][Win32ControlUnitAPI.cpp][L33][MaaWin32ControlUnitDestroy] [handle=true] | enter 
[2026-05-13 14:42:11.801][TRC][Px14360][Tx5168][PseudoMinimizeHelper.cpp][L89][MaaNS::CtrlUnitNs::PseudoMinimizeHelper::monitor_thread_func] | leave, 1431ms 
[2026-05-13 14:42:11.801][INF][Px14360][Tx60567][PseudoMinimizeHelper.cpp][L73][MaaNS::CtrlUnitNs::PseudoMinimizeHelper::stop] PseudoMinimizeHelper stopped [hwnd_=true] 
[2026-05-13 14:42:11.801][TRC][Px14360][Tx60567][Win32ControlUnitAPI.cpp][L33][MaaWin32ControlUnitDestroy] | leave, 82ms 
[2026-05-13 14:42:11.801][TRC][Px14360][Tx60567][MaaFramework.cpp][L288][MaaControllerDestroy] | leave, 83ms 
[2026-05-13 14:42:11.801][DBG][Px14360][Tx60157][MaaFramework.cpp][L326][MaaTaskerDestroy] [tasker=true] | enter 
[2026-05-13 14:42:11.801][DBG][Px14360][Tx60157][Tasker.cpp][L37][MaaNS::Tasker::~Tasker] | enter 
[2026-05-13 14:42:11.801][TRC][Px14360][Tx60157][Tasker.cpp][L37][MaaNS::Tasker::~Tasker] | leave, 0ms 
[2026-05-13 14:42:11.801][DBG][Px14360][Tx60157][Base/AsyncRunner.hpp][L88][MaaNS::AsyncRunner<class std::shared_ptr<class MaaNS::TaskNS::TaskBase> >::~AsyncRunner] | enter 
[2026-05-13 14:42:11.801][DBG][Px14360][Tx60157][Base/AsyncRunner.hpp][L96][MaaNS::AsyncRunner<class std::shared_ptr<class MaaNS::TaskNS::TaskBase> >::release] | enter 
[2026-05-13 14:42:11.802][TRC][Px14360][Tx60157][Base/AsyncRunner.hpp][L96][MaaNS::AsyncRunner<class std::shared_ptr<class MaaNS::TaskNS::TaskBase> >::release] | leave, 0ms 
[2026-05-13 14:42:11.802][TRC][Px14360][Tx60157][Base/AsyncRunner.hpp][L88][MaaNS::AsyncRunner<class std::shared_ptr<class MaaNS::TaskNS::TaskBase> >::~AsyncRunner] | leave, 0ms 
[2026-05-13 14:42:11.802][TRC][Px14360][Tx60157][MaaFramework.cpp][L326][MaaTaskerDestroy] | leave, 0ms 
[2026-05-13 14:42:11.805][DBG][Px14360][Tx60157][Logger] ----------------------------- 
[2026-05-13 14:42:11.805][DBG][Px14360][Tx60157][Logger] Close log 
[2026-05-13 14:42:11.805][DBG][Px14360][Tx60157][Logger] ----------------------------- 
[2026-05-13 14:43:19.755][DBG][Px4236][Tx2053][Logger] ----------------------------- 
[2026-05-13 14:43:19.755][DBG][Px4236][Tx2053][Logger] MAA Process Start 
[2026-05-13 14:43:19.755][DBG][Px4236][Tx2053][Logger] Version v5.10.4 
[2026-05-13 14:43:19.755][DBG][Px4236][Tx2053][Logger] Built at May  3 2026 04:23:41 
[2026-05-13 14:43:19.755][DBG][Px4236][Tx2053][Logger] Windows x64 
[2026-05-13 14:43:19.755][DBG][Px4236][Tx2053][Logger] Working E:/subject/one 
[2026-05-13 14:43:19.755][DBG][Px4236][Tx2053][Logger] Logging E:/subject/one/debug/maafw.log 
[2026-05-13 14:43:19.755][DBG][Px4236][Tx2053][Logger] ----------------------------- 
[2026-05-13 14:43:19.755][TRC][Px4236][Tx2053][OptionMgr.cpp][L35][MaaNS::GlobalNS::OptionMgr::set_log_dir] | leave, 0ms 
[2026-05-13 14:43:19.755][TRC][Px4236][Tx2053][OptionMgr.cpp][L10][MaaNS::GlobalNS::OptionMgr::set_option] | leave, 0ms 
[2026-05-13 14:43:19.755][TRC][Px4236][Tx2053][MaaFramework.cpp][L338][MaaGlobalSetOption] | leave, 0ms 
[2026-05-13 14:43:19.755][DBG][Px4236][Tx2053][MaaFramework.cpp][L338][MaaGlobalSetOption] [key=2] [value=true] [val_size=1] | enter 
[2026-05-13 14:43:19.755][DBG][Px4236][Tx2053][OptionMgr.cpp][L10][MaaNS::GlobalNS::OptionMgr::set_option] [key=2] [value=true] [val_size=1] | enter 
[2026-05-13 14:43:19.755][DBG][Px4236][Tx2053][OptionMgr.cpp][L49][MaaNS::GlobalNS::OptionMgr::set_save_draw] | enter 
[2026-05-13 14:43:19.755][INF][Px4236][Tx2053][OptionMgr.cpp][L58][MaaNS::GlobalNS::OptionMgr::set_save_draw] Set save draw [save_draw_=false] 
[2026-05-13 14:43:19.755][TRC][Px4236][Tx2053][OptionMgr.cpp][L49][MaaNS::GlobalNS::OptionMgr::set_save_draw] | leave, 0ms 
[2026-05-13 14:43:19.755][TRC][Px4236][Tx2053][OptionMgr.cpp][L10][MaaNS::GlobalNS::OptionMgr::set_option] | leave, 0ms 
[2026-05-13 14:43:19.755][TRC][Px4236][Tx2053][MaaFramework.cpp][L338][MaaGlobalSetOption] | leave, 0ms 
[2026-05-13 14:43:19.755][DBG][Px4236][Tx2053][MaaFramework.cpp][L338][MaaGlobalSetOption] [key=7] [value=true] [val_size=1] | enter 
[2026-05-13 14:43:19.755][DBG][Px4236][Tx2053][OptionMgr.cpp][L10][MaaNS::GlobalNS::OptionMgr::set_option] [key=7] [value=true] [val_size=1] | enter 
[2026-05-13 14:43:19.755][DBG][Px4236][Tx2053][OptionMgr.cpp][L99][MaaNS::GlobalNS::OptionMgr::set_save_on_error] | enter 
[2026-05-13 14:43:19.755][INF][Px4236][Tx2053][OptionMgr.cpp][L108][MaaNS::GlobalNS::OptionMgr::set_save_on_error] Set save on error [save_on_error_=true] 
[2026-05-13 14:43:19.755][TRC][Px4236][Tx2053][OptionMgr.cpp][L99][MaaNS::GlobalNS::OptionMgr::set_save_on_error] | leave, 0ms 
[2026-05-13 14:43:19.755][TRC][Px4236][Tx2053][OptionMgr.cpp][L10][MaaNS::GlobalNS::OptionMgr::set_option] | leave, 0ms 
[2026-05-13 14:43:19.755][TRC][Px4236][Tx2053][MaaFramework.cpp][L338][MaaGlobalSetOption] | leave, 0ms 
[2026-05-13 14:43:19.755][DBG][Px4236][Tx2053][MaaFramework.cpp][L338][MaaGlobalSetOption] [key=4] [value=true] [val_size=4] | enter 
[2026-05-13 14:43:19.755][DBG][Px4236][Tx2053][OptionMgr.cpp][L10][MaaNS::GlobalNS::OptionMgr::set_option] [key=4] [value=true] [val_size=4] | enter 
[2026-05-13 14:43:19.755][DBG][Px4236][Tx2053][OptionMgr.cpp][L65][MaaNS::GlobalNS::OptionMgr::set_stdout_level] | enter 
[2026-05-13 14:43:19.755][INF][Px4236][Tx2053][OptionMgr.cpp][L74][MaaNS::GlobalNS::OptionMgr::set_stdout_level] Set log stdout level [level=2] 
[2026-05-13 14:43:19.755][TRC][Px4236][Tx2053][OptionMgr.cpp][L65][MaaNS::GlobalNS::OptionMgr::set_stdout_level] | leave, 0ms 
[2026-05-13 14:43:19.755][TRC][Px4236][Tx2053][OptionMgr.cpp][L10][MaaNS::GlobalNS::OptionMgr::set_option] | leave, 0ms 
[2026-05-13 14:43:19.755][TRC][Px4236][Tx2053][MaaFramework.cpp][L338][MaaGlobalSetOption] | leave, 0ms 
[2026-05-13 14:43:19.755][DBG][Px4236][Tx2053][MaaFramework.cpp][L338][MaaGlobalSetOption] [key=8] [value=true] [val_size=4] | enter 
[2026-05-13 14:43:19.755][DBG][Px4236][Tx2053][OptionMgr.cpp][L10][MaaNS::GlobalNS::OptionMgr::set_option] [key=8] [value=true] [val_size=4] | enter 
[2026-05-13 14:43:19.755][DBG][Px4236][Tx2053][OptionMgr.cpp][L115][MaaNS::GlobalNS::OptionMgr::set_draw_quality] | enter 
[2026-05-13 14:43:19.755][INF][Px4236][Tx2053][OptionMgr.cpp][L130][MaaNS::GlobalNS::OptionMgr::set_draw_quality] Set draw quality [draw_quality_=85] 
[2026-05-13 14:43:19.755][TRC][Px4236][Tx2053][OptionMgr.cpp][L115][MaaNS::GlobalNS::OptionMgr::set_draw_quality] | leave, 0ms 
[2026-05-13 14:43:19.755][TRC][Px4236][Tx2053][OptionMgr.cpp][L10][MaaNS::GlobalNS::OptionMgr::set_option] | leave, 0ms 
[2026-05-13 14:43:19.755][TRC][Px4236][Tx2053][MaaFramework.cpp][L338][MaaGlobalSetOption] | leave, 0ms 
[2026-05-13 14:43:19.755][DBG][Px4236][Tx2053][GlobalOptionConfig.cpp][L83][MaaNS::ToolkitNS::GlobalOptionConfig::apply_option] [bret=true] 
[2026-05-13 14:43:19.755][TRC][Px4236][Tx2053][GlobalOptionConfig.cpp][L67][MaaNS::ToolkitNS::GlobalOptionConfig::apply_option] | leave, 0ms 
[2026-05-13 14:43:19.755][TRC][Px4236][Tx2053][GlobalOptionConfig.cpp][L17][MaaNS::ToolkitNS::GlobalOptionConfig::init] | leave, 0ms 
[2026-05-13 14:43:19.755][DBG][Px4236][Tx2053][DesktopWindowWin32Finder.cpp][L13][MaaNS::ToolkitNS::DesktopWindowWin32Finder::find_all] | enter 
[2026-05-13 14:43:19.755][TRC][Px4236][Tx2053][DesktopWindowWin32Finder.cpp][L13][MaaNS::ToolkitNS::DesktopWindowWin32Finder::find_all] | leave, 0ms 
[2026-05-13 14:43:19.755][DBG][Px4236][Tx2053][MaaFramework.cpp][L319][MaaTaskerCreate] | enter 
[2026-05-13 14:43:19.755][DBG][Px4236][Tx2053][Tasker.cpp][L20][MaaNS::Tasker::Tasker] | enter 
[2026-05-13 14:43:19.755][INF][Px4236][Tx2053][Tasker.cpp][L23][MaaNS::Tasker::Tasker] [plugin_mgr.get_names()=["E:/subject/one/MaaFramework/bin/plugins/MaaPluginDemo.dll"]] 
[2026-05-13 14:43:19.755][INF][Px4236][Tx2053][Utils/EventDispatcher.hpp][L37][MaaNS::EventDispatcher::add_sink] [callback=true] [trans_arg=true] 
[2026-05-13 14:43:19.755][TRC][Px4236][Tx2053][Tasker.cpp][L20][MaaNS::Tasker::Tasker] | leave, 0ms 
[2026-05-13 14:43:19.755][TRC][Px4236][Tx2053][MaaFramework.cpp][L319][MaaTaskerCreate] | leave, 0ms 
[2026-05-13 14:43:19.755][DBG][Px4236][Tx2053][MaaFramework.cpp][L54][MaaWin32ControllerCreate] [hWnd=true] [screencap_method=16] [mouse_method=8] [keyboard_method=8] | enter 
[2026-05-13 14:43:19.755][DBG][Px4236][Tx2053][MaaUtils/LibraryHolder.h][L49][MaaNS::LibraryHolder<class MaaNS::Win32ControlUnitLibraryHolder>::load_library] [libname=E:/subject/one/MaaFramework/bin/MaaWin32ControlUnit] | enter 
[2026-05-13 14:43:19.755][INF][Px4236][Tx2053][MaaUtils/LibraryHolder.h][L65][MaaNS::LibraryHolder<class MaaNS::Win32ControlUnitLibraryHolder>::load_library] Loading library [libname=E:/subject/one/MaaFramework/bin/MaaWin32ControlUnit] 
[2026-05-13 14:43:19.757][TRC][Px4236][Tx2053][MaaUtils/LibraryHolder.h][L49][MaaNS::LibraryHolder<class MaaNS::Win32ControlUnitLibraryHolder>::load_library] | leave, 1ms 
[2026-05-13 14:43:19.757][DBG][Px4236][Tx2053][MaaUtils/LibraryHolder.h][L113][MaaNS::LibraryHolder<class MaaNS::Win32ControlUnitLibraryHolder>::get_function] [func_name=MaaWin32ControlUnitGetVersion] | enter 
[2026-05-13 14:43:19.757][TRC][Px4236][Tx2053][MaaUtils/LibraryHolder.h][L113][MaaNS::LibraryHolder<class MaaNS::Win32ControlUnitLibraryHolder>::get_function] | leave, 0ms 
[2026-05-13 14:43:19.757][INF][Px4236][Tx2053][ControlUnit.cpp][L30][MaaNS::check_version] class MaaNS::Win32ControlUnitLibraryHolder Library version: v5.10.4 
[2026-05-13 14:43:19.757][DBG][Px4236][Tx2053][MaaUtils/LibraryHolder.h][L113][MaaNS::LibraryHolder<class MaaNS::Win32ControlUnitLibraryHolder>::get_function] [func_name=MaaWin32ControlUnitCreate] | enter 
[2026-05-13 14:43:19.757][TRC][Px4236][Tx2053][MaaUtils/LibraryHolder.h][L113][MaaNS::LibraryHolder<class MaaNS::Win32ControlUnitLibraryHolder>::get_function] | leave, 0ms 
[2026-05-13 14:43:19.757][DBG][Px4236][Tx2053][MaaUtils/LibraryHolder.h][L113][MaaNS::LibraryHolder<class MaaNS::Win32ControlUnitLibraryHolder>::get_function] [func_name=MaaWin32ControlUnitDestroy] | enter 
[2026-05-13 14:43:19.757][TRC][Px4236][Tx2053][MaaUtils/LibraryHolder.h][L113][MaaNS::LibraryHolder<class MaaNS::Win32ControlUnitLibraryHolder>::get_function] | leave, 0ms 
[2026-05-13 14:43:19.757][DBG][Px4236][Tx2053][Win32ControlUnitAPI.cpp][L23][MaaWin32ControlUnitCreate] [hWnd=true] [screencap_method=16] [mouse_method=8] [keyboard_method=8] | enter 
[2026-05-13 14:43:19.757][TRC][Px4236][Tx2053][Win32ControlUnitAPI.cpp][L23][MaaWin32ControlUnitCreate] | leave, 0ms 
[2026-05-13 14:43:19.757][DBG][Px4236][Tx2053][ControllerAgent.cpp][L15][MaaNS::ControllerNS::ControllerAgent::ControllerAgent] [control_unit_=0000025D6F81F580] | enter 
[2026-05-13 14:43:19.757][INF][Px4236][Tx2053][ControllerAgent.cpp][L18][MaaNS::ControllerNS::ControllerAgent::ControllerAgent] [plugin_mgr.get_names()=["E:/subject/one/MaaFramework/bin/plugins/MaaPluginDemo.dll"]] 
[2026-05-13 14:43:19.757][INF][Px4236][Tx2053][Utils/EventDispatcher.hpp][L37][MaaNS::EventDispatcher::add_sink] [callback=true] [trans_arg=true] 
[2026-05-13 14:43:19.757][TRC][Px4236][Tx2053][ControllerAgent.cpp][L15][MaaNS::ControllerNS::ControllerAgent::ControllerAgent] | leave, 0ms 
[2026-05-13 14:43:19.757][TRC][Px4236][Tx2053][MaaFramework.cpp][L54][MaaWin32ControllerCreate] | leave, 1ms 
[2026-05-13 14:43:19.757][DBG][Px4236][Tx2053][MaaController.cpp][L59][MaaControllerPostConnection] [ctrl=true] | enter 
[2026-05-13 14:43:19.757][TRC][Px4236][Tx2053][MaaController.cpp][L59][MaaControllerPostConnection] | leave, 0ms 
[2026-05-13 14:43:19.757][INF][Px4236][Tx52277][Win32ControlUnitMgr.cpp][L48][MaaNS::CtrlUnitNs::Win32ControlUnitMgr::connect] SetThreadDpiAwarenessContext to PER_MONITOR_AWARE_V2 success [prev_ctx=true] 
[2026-05-13 14:43:19.757][INF][Px4236][Tx52277][PseudoMinimizeHelper.cpp][L49][MaaNS::CtrlUnitNs::PseudoMinimizeHelper::start] PseudoMinimizeHelper started [hwnd_=true] 
[2026-05-13 14:43:19.757][DBG][Px4236][Tx52277][Win32ControlUnitMgr.cpp][L171][MaaNS::CtrlUnitNs::Win32ControlUnitMgr::speed_test] | enter 
[2026-05-13 14:43:19.757][INF][Px4236][Tx52277][Win32ControlUnitMgr.cpp][L186][MaaNS::CtrlUnitNs::Win32ControlUnitMgr::speed_test] Warming up PrintWindow 
[2026-05-13 14:43:19.757][DBG][Px4236][Tx56240][PseudoMinimizeHelper.cpp][L89][MaaNS::CtrlUnitNs::PseudoMinimizeHelper::monitor_thread_func] | enter 
[2026-05-13 14:43:19.769][INF][Px4236][Tx52277][Win32ControlUnitMgr.cpp][L191][MaaNS::CtrlUnitNs::Win32ControlUnitMgr::speed_test] Testing PrintWindow 
[2026-05-13 14:43:19.781][INF][Px4236][Tx52277][Win32ControlUnitMgr.cpp][L182][MaaNS::CtrlUnitNs::Win32ControlUnitMgr::speed_test::<lambda_1>::operator ()] [method=PrintWindow] [duration=12ms] 
[2026-05-13 14:43:19.782][INF][Px4236][Tx52277][Win32ControlUnitMgr.cpp][L205][MaaNS::CtrlUnitNs::Win32ControlUnitMgr::speed_test] The fastest method is PrintWindow [cost=12ms] 
[2026-05-13 14:43:19.782][TRC][Px4236][Tx52277][Win32ControlUnitMgr.cpp][L171][MaaNS::CtrlUnitNs::Win32ControlUnitMgr::speed_test] | leave, 24ms 
[2026-05-13 14:43:19.782][DBG][Px4236][Tx2053][MaaTasker.cpp][L106][MaaTaskerBindController] [tasker=true] [ctrl=true] | enter 
[2026-05-13 14:43:19.782][INF][Px4236][Tx2053][Tasker.cpp][L59][MaaNS::Tasker::bind_controller] [this=true] [controller=true] [derived=true] [controller_=false] 
[2026-05-13 14:43:19.782][TRC][Px4236][Tx2053][MaaTasker.cpp][L106][MaaTaskerBindController] | leave, 0ms 
[2026-05-13 14:43:19.782][DBG][Px4236][Tx2053][MaaFramework.cpp][L300][MaaResourceCreate] | enter 
[2026-05-13 14:43:19.782][DBG][Px4236][Tx2053][OCRResMgr.cpp][L15][MaaNS::ResourceNS::OCRResMgr::OCRResMgr] | enter 
[2026-05-13 14:43:19.782][TRC][Px4236][Tx2053][OCRResMgr.cpp][L15][MaaNS::ResourceNS::OCRResMgr::OCRResMgr] | leave, 0ms 
[2026-05-13 14:43:19.793][DBG][Px4236][Tx2053][ResourceMgr.cpp][L18][MaaNS::ResourceNS::ResourceMgr::ResourceMgr] | enter 
[2026-05-13 14:43:19.793][INF][Px4236][Tx2053][ResourceMgr.cpp][L21][MaaNS::ResourceNS::ResourceMgr::ResourceMgr] [plugin_mgr.get_names()=["E:/subject/one/MaaFramework/bin/plugins/MaaPluginDemo.dll"]] 
[2026-05-13 14:43:19.793][INF][Px4236][Tx2053][Utils/EventDispatcher.hpp][L37][MaaNS::EventDispatcher::add_sink] [callback=true] [trans_arg=true] 
[2026-05-13 14:43:19.793][TRC][Px4236][Tx2053][ResourceMgr.cpp][L18][MaaNS::ResourceNS::ResourceMgr::ResourceMgr] | leave, 0ms 
[2026-05-13 14:43:19.793][TRC][Px4236][Tx2053][MaaFramework.cpp][L300][MaaResourceCreate] | leave, 11ms 
[2026-05-13 14:43:19.794][DBG][Px4236][Tx2053][MaaResource.cpp][L158][MaaResourcePostPipeline] [res=true] [path=E:\subject\one\resource\pipeline] | enter 
[2026-05-13 14:43:19.794][INF][Px4236][Tx2053][ResourceMgr.cpp][L75][MaaNS::ResourceNS::ResourceMgr::post_path] [static_cast<int>(type)=2] [path=E:/subject/one/resource/pipeline] 
[2026-05-13 14:43:19.794][TRC][Px4236][Tx2053][MaaResource.cpp][L158][MaaResourcePostPipeline] | leave, 0ms 
[2026-05-13 14:43:19.794][DBG][Px4236][Tx4827][ResourceMgr.cpp][L595][MaaNS::ResourceNS::ResourceMgr::run_load] [id=100000001] [static_cast<int>(item.type)=2] [item.path=E:/subject/one/resource/pipeline] | enter 
[2026-05-13 14:43:19.794][INF][Px4236][Tx4827][Utils/EventDispatcher.hpp][L65][MaaNS::EventDispatcher::notify] !!!OnEventNotify!!! [handle=true] [msg=Resource.Loading.Starting] [details={"hash":"","path":"E:/subject/one/resource/pipeline","res_id":100000001,"type":"Pipeline"}] 
[2026-05-13 14:43:19.794][INF][Px4236][Tx4827][ResourceMgr.cpp][L372][MaaNS::ResourceNS::ResourceMgr::available_providers] [all_providers_vec=["DmlExecutionProvider","CPUExecutionProvider"]] 
[2026-05-13 14:43:19.794][INF][Px4236][Tx4827][ResourceMgr.cpp][L400][MaaNS::ResourceNS::ResourceMgr::available_providers] [s_provider_cache=[2,1]] 
[2026-05-13 14:43:19.794][TRC][Px4236][Tx4827][GpuOptionWin32.cpp][L137][MaaNS::perfer_gpu] 
[2026-05-13 14:43:19.797][INF][Px4236][Tx4827][GpuOptionWin32.cpp][L188][MaaNS::perfer_gpu] [adapter_index=0] [adapter_desc=NVIDIA GeForce RTX 4070 Ti] 
[2026-05-13 14:43:19.862][TRC][Px4236][Tx4827][GpuOptionWin32.cpp][L21][MaaNS::adapter_instance_path] 
[2026-05-13 14:43:19.862][DBG][Px4236][Tx4827][GpuOptionWin32.cpp][L48][MaaNS::adapter_instance_path] [result=PCI\VEN_10DE&DEV_2782&SUBSYS_E1301462&REV_A1\4&1bcd7285&0&0008] 
[2026-05-13 14:43:19.862][TRC][Px4236][Tx4827][GpuOptionWin32.cpp][L54][MaaNS::gpu_driver_date] 
[2026-05-13 14:43:19.862][DBG][Px4236][Tx4827][GpuOptionWin32.cpp][L83][MaaNS::gpu_driver_date] [system_time.wYear=2024] [system_time.wMonth=8] [system_time.wDay=14] 
[2026-05-13 14:43:19.862][TRC][Px4236][Tx4827][GpuOptionWin32.cpp][L89][MaaNS::is_indirect_display_adapter] 
[2026-05-13 14:43:19.862][DBG][Px4236][Tx4827][GpuOptionWin32.cpp][L114][MaaNS::is_indirect_display_adapter] RegQueryValueExW 1 failed [ret=2] [type=0] [size=0] 
[2026-05-13 14:43:19.862][INF][Px4236][Tx4827][GpuOptionWin32.cpp][L232][MaaNS::perfer_gpu] available gpu found [adapter_index=0] [adapter_desc=] [desc.DedicatedVideoMemory=12578717696] 
[2026-05-13 14:43:19.862][INF][Px4236][Tx4827][GpuOptionWin32.cpp][L188][MaaNS::perfer_gpu] [adapter_index=1] [adapter_desc=NVIDIA GeForce RTX 4070 Ti] 
[2026-05-13 14:43:19.909][TRC][Px4236][Tx4827][GpuOptionWin32.cpp][L21][MaaNS::adapter_instance_path] 
[2026-05-13 14:43:19.909][DBG][Px4236][Tx4827][GpuOptionWin32.cpp][L48][MaaNS::adapter_instance_path] [result=ROOT\DISPLAY\0002] 
[2026-05-13 14:43:19.909][TRC][Px4236][Tx4827][GpuOptionWin32.cpp][L54][MaaNS::gpu_driver_date] 
[2026-05-13 14:43:19.909][DBG][Px4236][Tx4827][GpuOptionWin32.cpp][L83][MaaNS::gpu_driver_date] [system_time.wYear=2021] [system_time.wMonth=8] [system_time.wDay=31] 
[2026-05-13 14:43:19.909][TRC][Px4236][Tx4827][GpuOptionWin32.cpp][L89][MaaNS::is_indirect_display_adapter] 
[2026-05-13 14:43:19.910][DBG][Px4236][Tx4827][GpuOptionWin32.cpp][L131][MaaNS::is_indirect_display_adapter] [value=IndirectKmd ] [sub_key=SYSTEM\CurrentControlSet\Enum\ROOT\DISPLAY\0002] [indirect=true] 
[2026-05-13 14:43:19.910][WRN][Px4236][Tx4827][GpuOptionWin32.cpp][L223][MaaNS::perfer_gpu] virtual adapters (streaming/RDP), skip [adapter_index=1] [adapter_desc=NVIDIA GeForce RTX 4070 Ti] [instance_path=ROOT\DISPLAY\0002] 
[2026-05-13 14:43:19.910][INF][Px4236][Tx4827][GpuOptionWin32.cpp][L188][MaaNS::perfer_gpu] [adapter_index=2] [adapter_desc=NVIDIA GeForce RTX 4070 Ti] 
[2026-05-13 14:43:19.958][TRC][Px4236][Tx4827][GpuOptionWin32.cpp][L21][MaaNS::adapter_instance_path] 
[2026-05-13 14:43:19.958][DBG][Px4236][Tx4827][GpuOptionWin32.cpp][L48][MaaNS::adapter_instance_path] [result=ROOT\DISPLAY\0001] 
[2026-05-13 14:43:19.958][TRC][Px4236][Tx4827][GpuOptionWin32.cpp][L54][MaaNS::gpu_driver_date] 
[2026-05-13 14:43:19.958][DBG][Px4236][Tx4827][GpuOptionWin32.cpp][L83][MaaNS::gpu_driver_date] [system_time.wYear=2026] [system_time.wMonth=2] [system_time.wDay=28] 
[2026-05-13 14:43:19.958][TRC][Px4236][Tx4827][GpuOptionWin32.cpp][L89][MaaNS::is_indirect_display_adapter] 
[2026-05-13 14:43:19.958][DBG][Px4236][Tx4827][GpuOptionWin32.cpp][L131][MaaNS::is_indirect_display_adapter] [value=IndirectKmd ] [sub_key=SYSTEM\CurrentControlSet\Enum\ROOT\DISPLAY\0001] [indirect=true] 
[2026-05-13 14:43:19.959][WRN][Px4236][Tx4827][GpuOptionWin32.cpp][L223][MaaNS::perfer_gpu] virtual adapters (streaming/RDP), skip [adapter_index=2] [adapter_desc=NVIDIA GeForce RTX 4070 Ti] [instance_path=ROOT\DISPLAY\0001] 
[2026-05-13 14:43:19.959][INF][Px4236][Tx4827][GpuOptionWin32.cpp][L188][MaaNS::perfer_gpu] [adapter_index=3] [adapter_desc=NVIDIA GeForce RTX 4070 Ti] 
[2026-05-13 14:43:20.008][TRC][Px4236][Tx4827][GpuOptionWin32.cpp][L21][MaaNS::adapter_instance_path] 
[2026-05-13 14:43:20.008][DBG][Px4236][Tx4827][GpuOptionWin32.cpp][L48][MaaNS::adapter_instance_path] [result=ROOT\DISPLAY\0000] 
[2026-05-13 14:43:20.008][TRC][Px4236][Tx4827][GpuOptionWin32.cpp][L54][MaaNS::gpu_driver_date] 
[2026-05-13 14:43:20.008][DBG][Px4236][Tx4827][GpuOptionWin32.cpp][L83][MaaNS::gpu_driver_date] [system_time.wYear=2023] [system_time.wMonth=4] [system_time.wDay=24] 
[2026-05-13 14:43:20.008][TRC][Px4236][Tx4827][GpuOptionWin32.cpp][L89][MaaNS::is_indirect_display_adapter] 
[2026-05-13 14:43:20.008][DBG][Px4236][Tx4827][GpuOptionWin32.cpp][L131][MaaNS::is_indirect_display_adapter] [value=IndirectKmd ] [sub_key=SYSTEM\CurrentControlSet\Enum\ROOT\DISPLAY\0000] [indirect=true] 
[2026-05-13 14:43:20.008][WRN][Px4236][Tx4827][GpuOptionWin32.cpp][L223][MaaNS::perfer_gpu] virtual adapters (streaming/RDP), skip [adapter_index=3] [adapter_desc=NVIDIA GeForce RTX 4070 Ti] [instance_path=ROOT\DISPLAY\0000] 
[2026-05-13 14:43:20.008][INF][Px4236][Tx4827][GpuOptionWin32.cpp][L188][MaaNS::perfer_gpu] [adapter_index=4] [adapter_desc=Microsoft Basic Render Driver] 
[2026-05-13 14:43:20.008][WRN][Px4236][Tx4827][GpuOptionWin32.cpp][L191][MaaNS::perfer_gpu] software adapter, skip [adapter_index=4] [adapter_desc=Microsoft Basic Render Driver] 
[2026-05-13 14:43:20.008][DBG][Px4236][Tx4827][GpuOptionWin32.cpp][L173][MaaNS::perfer_gpu] EnumAdapters1 DXGI_ERROR_NOT_FOUND [adapter_index=5] 
[2026-05-13 14:43:20.008][INF][Px4236][Tx4827][GpuOptionWin32.cpp][L251][MaaNS::perfer_gpu] Best gpu selected [best_gpu.adapter_index=0] [best_gpu.description=NVIDIA GeForce RTX 4070 Ti] [best_gpu.dedicated_video_memory=12578717696] 
[2026-05-13 14:43:20.008][INF][Px4236][Tx4827][ONNXResMgr.cpp][L69][MaaNS::ResourceNS::ONNXResMgr::use_directml] [device_id=0] 
[2026-05-13 14:43:20.138][INF][Px4236][Tx4827][ONNXResMgr.cpp][L82][MaaNS::ResourceNS::ONNXResMgr::use_directml] Using DML execution provider with device_id 0 
[2026-05-13 14:43:20.138][INF][Px4236][Tx4827][OCRResMgr.cpp][L42][MaaNS::ResourceNS::OCRResMgr::use_directml] [device_id=0] 
[2026-05-13 14:43:20.138][DBG][Px4236][Tx4827][ResourceMgr.cpp][L702][MaaNS::ResourceNS::ResourceMgr::load_pipeline] [path=E:/subject/one/resource/pipeline] | enter 
[2026-05-13 14:43:20.138][DBG][Px4236][Tx4827][PipelineResMgr.cpp][L15][MaaNS::ResourceNS::PipelineResMgr::load] [path=E:/subject/one/resource/pipeline] | enter 
[2026-05-13 14:43:20.138][DBG][Px4236][Tx4827][PipelineResMgr.cpp][L110][MaaNS::ResourceNS::PipelineResMgr::open_and_parse_file] [path=E:/subject/one/resource/pipeline/Startup.json] | enter 
[2026-05-13 14:43:20.138][DBG][Px4236][Tx4827][PipelineParser.cpp][L188][MaaNS::ResourceNS::PipelineParser::parse_node] [name=PressEsc] 
[2026-05-13 14:43:20.138][DBG][Px4236][Tx4827][PipelineParser.cpp][L188][MaaNS::ResourceNS::PipelineParser::parse_node] [name=Startup] 
[2026-05-13 14:43:20.138][TRC][Px4236][Tx4827][PipelineResMgr.cpp][L110][MaaNS::ResourceNS::PipelineResMgr::open_and_parse_file] | leave, 0ms 
[2026-05-13 14:43:20.138][TRC][Px4236][Tx4827][PipelineResMgr.cpp][L15][MaaNS::ResourceNS::PipelineResMgr::load] | leave, 0ms 
[2026-05-13 14:43:20.138][TRC][Px4236][Tx4827][ResourceMgr.cpp][L702][MaaNS::ResourceNS::ResourceMgr::load_pipeline] | leave, 0ms 
[2026-05-13 14:43:20.138][INF][Px4236][Tx4827][ResourceMgr.cpp][L217][MaaNS::ResourceNS::ResourceMgr::calc_hash] [hash_cache_=fdba161507ae236] 
[2026-05-13 14:43:20.138][INF][Px4236][Tx4827][Utils/EventDispatcher.hpp][L65][MaaNS::EventDispatcher::notify] !!!OnEventNotify!!! [handle=true] [msg=Resource.Loading.Succeeded] [details={"hash":"fdba161507ae236","path":"E:/subject/one/resource/pipeline","res_id":100000001,"type":"Pipeline"}] 
[2026-05-13 14:43:20.138][TRC][Px4236][Tx4827][ResourceMgr.cpp][L595][MaaNS::ResourceNS::ResourceMgr::run_load] | leave, 344ms 
[2026-05-13 14:43:20.139][DBG][Px4236][Tx51419][MaaTasker.cpp][L94][MaaTaskerBindResource] [tasker=true] [res=true] | enter 
[2026-05-13 14:43:20.139][INF][Px4236][Tx51419][Tasker.cpp][L44][MaaNS::Tasker::bind_resource] [this=true] [resource=true] [derived=true] [resource_=false] 
[2026-05-13 14:43:20.139][TRC][Px4236][Tx51419][MaaTasker.cpp][L94][MaaTaskerBindResource] | leave, 0ms 
[2026-05-13 14:43:20.139][DBG][Px4236][Tx51419][MaaTasker.cpp][L128][MaaTaskerPostTask] [tasker=true] [entry=Startup] [pipeline_override={}] | enter 
[2026-05-13 14:43:20.139][INF][Px4236][Tx51419][Tasker.cpp][L87][MaaNS::Tasker::post_task] [entry=Startup] [pipeline_override={}] 
[2026-05-13 14:43:20.139][DBG][Px4236][Tx51419][Context.cpp][L20][MaaNS::TaskNS::Context::create] [id=200000001] [tasker=true] 
[2026-05-13 14:43:20.139][DBG][Px4236][Tx51419][Context.cpp][L46][MaaNS::TaskNS::Context::Context] [id=200000001] [tasker=true] 
[2026-05-13 14:43:20.139][TRC][Px4236][Tx51419][Context.cpp][L195][MaaNS::TaskNS::Context::override_pipeline] [getptr()=0000025D773526D0] [pipeline_override={}] 
[2026-05-13 14:43:20.139][TRC][Px4236][Tx51419][MaaTasker.cpp][L128][MaaTaskerPostTask] | leave, 0ms 
[2026-05-13 14:43:20.139][DBG][Px4236][Tx27486][Tasker.cpp][L323][MaaNS::Tasker::run_task] [runner_id=100000001] [task_ptr=0000025D7708B110] | enter 
[2026-05-13 14:43:20.139][INF][Px4236][Tx27486][Tasker.cpp][L343][MaaNS::Tasker::run_task] task start: [cb_detail={"entry":"Startup","hash":"fdba161507ae236","task_id":200000001,"uuid":"000000000059009E"}] 
[2026-05-13 14:43:20.139][INF][Px4236][Tx27486][Utils/EventDispatcher.hpp][L65][MaaNS::EventDispatcher::notify] !!!OnEventNotify!!! [handle=true] [msg=Tasker.Task.Starting] [details={"entry":"Startup","hash":"fdba161507ae236","task_id":200000001,"uuid":"000000000059009E"}] 
[2026-05-13 14:43:20.139][DBG][Px4236][Tx27486][PipelineTask.cpp][L26][MaaNS::TaskNS::PipelineTask::run] [entry_=Startup] [task_id_=200000001] | enter 
[2026-05-13 14:43:20.139][INF][Px4236][Tx27486][Utils/EventDispatcher.hpp][L65][MaaNS::EventDispatcher::notify] !!!OnEventNotify!!! [handle=true] [msg=Node.PipelineNode.Starting] [details={"focus":null,"name":"Startup","node_id":300000001,"task_id":200000001}] 
[2026-05-13 14:43:20.150][INF][Px4236][Tx52277][ControllerAgent.cpp][L1070][MaaNS::ControllerNS::ControllerAgent::postproc_screenshot] Resolution changed [raw.cols=1280] [raw.rows=720] [image_raw_width_=0] [image_raw_height_=0] 
[2026-05-13 14:43:20.150][DBG][Px4236][Tx52277][ControllerAgent.cpp][L1105][MaaNS::ControllerNS::ControllerAgent::calc_target_image_size] Re-calc image target size: [image_target_long_side_=0] [image_target_short_side_=720] [image_raw_width_=1280] [image_raw_height_=720] 
[2026-05-13 14:43:20.150][INF][Px4236][Tx52277][ControllerAgent.cpp][L1131][MaaNS::ControllerNS::ControllerAgent::calc_target_image_size] [image_target_width_=1280] [image_target_height_=720] 
[2026-05-13 14:43:20.151][DBG][Px4236][Tx27486][PipelineTask.cpp][L250][MaaNS::TaskNS::PipelineTask::recognize_list] [cur_node_=Startup] [list=[{"anchor":false,"jump_back":false,"name":"Startup"}]] | enter 
[2026-05-13 14:43:20.151][INF][Px4236][Tx27486][Utils/EventDispatcher.hpp][L65][MaaNS::EventDispatcher::notify] !!!OnEventNotify!!! [handle=true] [msg=Node.NextList.Starting] [details={"focus":null,"list":[{"anchor":false,"jump_back":false,"name":"Startup"}],"name":"Startup","task_id":200000001}] 
[2026-05-13 14:43:20.151][DBG][Px4236][Tx27486][PipelineTask.cpp][L362][MaaNS::TaskNS::PipelineTask::prepare_batch_ocr] batch OCR not needed, eligible OCR nodes < 2 [ctx.plan.entries.size()=0] 
[2026-05-13 14:43:20.151][DBG][Px4236][Tx27486][TaskBase.cpp][L61][MaaNS::TaskNS::TaskBase::run_recognition] [cur_node_=Startup] [data.name=Startup] | enter 
[2026-05-13 14:43:20.151][INF][Px4236][Tx27486][Utils/EventDispatcher.hpp][L65][MaaNS::EventDispatcher::notify] !!!OnEventNotify!!! [handle=true] [msg=Node.Recognition.Starting] [details={"focus":null,"name":"Startup","reco_id":400000001,"task_id":200000001}] 
[2026-05-13 14:43:20.151][DBG][Px4236][Tx27486][Recognizer.cpp][L136][MaaNS::TaskNS::Recognizer::direct_hit] Startup 
[2026-05-13 14:43:20.177][INF][Px4236][Tx27486][Recognizer.cpp][L103][MaaNS::TaskNS::Recognizer::recognize] reco [result={"algorithm":"DirectHit","box":[0,0,1280,720],"detail":null,"name":"Startup","reco_id":400000001}] 
[2026-05-13 14:43:20.178][INF][Px4236][Tx27486][Utils/EventDispatcher.hpp][L65][MaaNS::EventDispatcher::notify] !!!OnEventNotify!!! [handle=true] [msg=Node.Recognition.Succeeded] [details={"focus":null,"name":"Startup","reco_details":{"algorithm":"DirectHit","box":[0,0,1280,720],"detail":null,"name":"Startup","reco_id":400000001},"reco_id":400000001,"task_id":200000001}] 
[2026-05-13 14:43:20.178][TRC][Px4236][Tx27486][TaskBase.cpp][L61][MaaNS::TaskNS::TaskBase::run_recognition] | leave, 26ms 
[2026-05-13 14:43:20.178][INF][Px4236][Tx27486][PipelineTask.cpp][L311][MaaNS::TaskNS::PipelineTask::recognize_list] reco hit [result.name=Startup] [result.box=[0,0,1280,720]] 
[2026-05-13 14:43:20.178][INF][Px4236][Tx27486][Utils/EventDispatcher.hpp][L65][MaaNS::EventDispatcher::notify] !!!OnEventNotify!!! [handle=true] [msg=Node.NextList.Succeeded] [details={"focus":null,"list":[{"anchor":false,"jump_back":false,"name":"Startup"}],"name":"Startup","task_id":200000001}] 
[2026-05-13 14:43:20.178][TRC][Px4236][Tx27486][PipelineTask.cpp][L250][MaaNS::TaskNS::PipelineTask::recognize_list] | leave, 26ms 
[2026-05-13 14:43:20.178][DBG][Px4236][Tx27486][TaskBase.cpp][L215][MaaNS::TaskNS::TaskBase::sleep] 200ms 
[2026-05-13 14:43:20.382][INF][Px4236][Tx27486][Utils/EventDispatcher.hpp][L65][MaaNS::EventDispatcher::notify] !!!OnEventNotify!!! [handle=true] [msg=Node.Action.Starting] [details={"action_id":500000001,"focus":null,"name":"Startup","task_id":200000001}] 
[2026-05-13 14:43:20.382][TRC][Px4236][Tx27486][Actuator.cpp][L27][MaaNS::TaskNS::Actuator::run] [pipeline_data.name=Startup] 
[2026-05-13 14:43:20.429][INF][Px4236][Tx52277][LegacyEventInput.cpp][L160][MaaNS::CtrlUnitNs::LegacyEventInput::key_down] [key=27] [hwnd_=true] 
[2026-05-13 14:43:20.491][INF][Px4236][Tx52277][LegacyEventInput.cpp][L174][MaaNS::CtrlUnitNs::LegacyEventInput::key_up] [key=27] [hwnd_=true] 
[2026-05-13 14:43:20.491][INF][Px4236][Tx27486][TaskBase.cpp][L137][MaaNS::TaskNS::TaskBase::run_action] action [i=0] [data.repeat=1] [result={"action":"ClickKey","action_id":500000001,"box":[0,0,0,0],"detail":{"keycode":[27]},"name":"Startup","success":true}] 
[2026-05-13 14:43:20.491][INF][Px4236][Tx27486][Utils/EventDispatcher.hpp][L65][MaaNS::EventDispatcher::notify] !!!OnEventNotify!!! [handle=true] [msg=Node.Action.Succeeded] [details={"action_details":{"action":"ClickKey","action_id":500000001,"box":[0,0,0,0],"detail":{"keycode":[27]},"name":"Startup","success":true},"action_id":500000001,"focus":null,"name":"Startup","task_id":200000001}] 
[2026-05-13 14:43:20.491][DBG][Px4236][Tx27486][TaskBase.cpp][L215][MaaNS::TaskNS::TaskBase::sleep] 200ms 
[2026-05-13 14:43:20.692][INF][Px4236][Tx27486][PipelineTask.cpp][L224][MaaNS::TaskNS::PipelineTask::run_next] PipelineTask node done [result={"action_id":500000001,"completed":true,"name":"Startup","node_id":300000001,"reco_id":400000001}] [task_id_=200000001] 
[2026-05-13 14:43:20.692][INF][Px4236][Tx27486][Utils/EventDispatcher.hpp][L65][MaaNS::EventDispatcher::notify] !!!OnEventNotify!!! [handle=true] [msg=Node.PipelineNode.Succeeded] [details={"action_details":{"action":"ClickKey","action_id":500000001,"box":[0,0,0,0],"detail":{"keycode":[27]},"name":"Startup","success":true},"focus":null,"name":"Startup","node_details":{"action_id":500000001,"completed":true,"name":"Startup","node_id":300000001,"reco_id":400000001},"node_id":300000001,"reco_details":{"algorithm":"DirectHit","box":[0,0,1280,720],"detail":null,"name":"Startup","reco_id":400000001},"task_id":200000001}] 
[2026-05-13 14:43:20.692][INF][Px4236][Tx27486][Utils/EventDispatcher.hpp][L65][MaaNS::EventDispatcher::notify] !!!OnEventNotify!!! [handle=true] [msg=Node.PipelineNode.Starting] [details={"focus":null,"name":"Startup","node_id":300000002,"task_id":200000001}] 
[2026-05-13 14:43:20.702][DBG][Px4236][Tx27486][PipelineTask.cpp][L250][MaaNS::TaskNS::PipelineTask::recognize_list] [cur_node_=Startup] [list=[{"anchor":false,"jump_back":false,"name":"PressEsc"}]] | enter 
[2026-05-13 14:43:20.702][INF][Px4236][Tx27486][Utils/EventDispatcher.hpp][L65][MaaNS::EventDispatcher::notify] !!!OnEventNotify!!! [handle=true] [msg=Node.NextList.Starting] [details={"focus":null,"list":[{"anchor":false,"jump_back":false,"name":"PressEsc"}],"name":"Startup","task_id":200000001}] 
[2026-05-13 14:43:20.702][DBG][Px4236][Tx27486][PipelineTask.cpp][L362][MaaNS::TaskNS::PipelineTask::prepare_batch_ocr] batch OCR not needed, eligible OCR nodes < 2 [ctx.plan.entries.size()=0] 
[2026-05-13 14:43:20.702][DBG][Px4236][Tx27486][TaskBase.cpp][L61][MaaNS::TaskNS::TaskBase::run_recognition] [cur_node_=Startup] [data.name=PressEsc] | enter 
[2026-05-13 14:43:20.702][INF][Px4236][Tx27486][Utils/EventDispatcher.hpp][L65][MaaNS::EventDispatcher::notify] !!!OnEventNotify!!! [handle=true] [msg=Node.Recognition.Starting] [details={"focus":null,"name":"PressEsc","reco_id":400000002,"task_id":200000001}] 
[2026-05-13 14:43:20.702][DBG][Px4236][Tx27486][Recognizer.cpp][L136][MaaNS::TaskNS::Recognizer::direct_hit] PressEsc 
[2026-05-13 14:43:20.727][INF][Px4236][Tx27486][Recognizer.cpp][L103][MaaNS::TaskNS::Recognizer::recognize] reco [result={"algorithm":"DirectHit","box":[0,0,1280,720],"detail":null,"name":"PressEsc","reco_id":400000002}] 
[2026-05-13 14:43:20.727][INF][Px4236][Tx27486][Utils/EventDispatcher.hpp][L65][MaaNS::EventDispatcher::notify] !!!OnEventNotify!!! [handle=true] [msg=Node.Recognition.Succeeded] [details={"focus":null,"name":"PressEsc","reco_details":{"algorithm":"DirectHit","box":[0,0,1280,720],"detail":null,"name":"PressEsc","reco_id":400000002},"reco_id":400000002,"task_id":200000001}] 
[2026-05-13 14:43:20.727][TRC][Px4236][Tx27486][TaskBase.cpp][L61][MaaNS::TaskNS::TaskBase::run_recognition] | leave, 25ms 
[2026-05-13 14:43:20.727][INF][Px4236][Tx27486][PipelineTask.cpp][L311][MaaNS::TaskNS::PipelineTask::recognize_list] reco hit [result.name=PressEsc] [result.box=[0,0,1280,720]] 
[2026-05-13 14:43:20.727][INF][Px4236][Tx27486][Utils/EventDispatcher.hpp][L65][MaaNS::EventDispatcher::notify] !!!OnEventNotify!!! [handle=true] [msg=Node.NextList.Succeeded] [details={"focus":null,"list":[{"anchor":false,"jump_back":false,"name":"PressEsc"}],"name":"Startup","task_id":200000001}] 
[2026-05-13 14:43:20.727][TRC][Px4236][Tx27486][PipelineTask.cpp][L250][MaaNS::TaskNS::PipelineTask::recognize_list] | leave, 25ms 
[2026-05-13 14:43:20.727][DBG][Px4236][Tx27486][TaskBase.cpp][L215][MaaNS::TaskNS::TaskBase::sleep] 200ms 
[2026-05-13 14:43:20.940][INF][Px4236][Tx27486][Utils/EventDispatcher.hpp][L65][MaaNS::EventDispatcher::notify] !!!OnEventNotify!!! [handle=true] [msg=Node.Action.Starting] [details={"action_id":500000002,"focus":null,"name":"PressEsc","task_id":200000001}] 
[2026-05-13 14:43:20.940][TRC][Px4236][Tx27486][Actuator.cpp][L27][MaaNS::TaskNS::Actuator::run] [pipeline_data.name=PressEsc] 
[2026-05-13 14:43:20.940][INF][Px4236][Tx52277][LegacyEventInput.cpp][L160][MaaNS::CtrlUnitNs::LegacyEventInput::key_down] [key=27] [hwnd_=true] 
[2026-05-13 14:43:21.002][INF][Px4236][Tx52277][LegacyEventInput.cpp][L174][MaaNS::CtrlUnitNs::LegacyEventInput::key_up] [key=27] [hwnd_=true] 
[2026-05-13 14:43:21.002][INF][Px4236][Tx27486][TaskBase.cpp][L137][MaaNS::TaskNS::TaskBase::run_action] action [i=0] [data.repeat=1] [result={"action":"ClickKey","action_id":500000002,"box":[0,0,0,0],"detail":{"keycode":[27]},"name":"PressEsc","success":true}] 
[2026-05-13 14:43:21.002][INF][Px4236][Tx27486][Utils/EventDispatcher.hpp][L65][MaaNS::EventDispatcher::notify] !!!OnEventNotify!!! [handle=true] [msg=Node.Action.Succeeded] [details={"action_details":{"action":"ClickKey","action_id":500000002,"box":[0,0,0,0],"detail":{"keycode":[27]},"name":"PressEsc","success":true},"action_id":500000002,"focus":null,"name":"PressEsc","task_id":200000001}] 
[2026-05-13 14:43:21.002][DBG][Px4236][Tx27486][TaskBase.cpp][L215][MaaNS::TaskNS::TaskBase::sleep] 200ms 
[2026-05-13 14:43:21.204][INF][Px4236][Tx27486][PipelineTask.cpp][L224][MaaNS::TaskNS::PipelineTask::run_next] PipelineTask node done [result={"action_id":500000002,"completed":true,"name":"PressEsc","node_id":300000002,"reco_id":400000002}] [task_id_=200000001] 
[2026-05-13 14:43:21.204][INF][Px4236][Tx27486][Utils/EventDispatcher.hpp][L65][MaaNS::EventDispatcher::notify] !!!OnEventNotify!!! [handle=true] [msg=Node.PipelineNode.Succeeded] [details={"action_details":{"action":"ClickKey","action_id":500000002,"box":[0,0,0,0],"detail":{"keycode":[27]},"name":"PressEsc","success":true},"focus":null,"name":"Startup","node_details":{"action_id":500000002,"completed":true,"name":"PressEsc","node_id":300000002,"reco_id":400000002},"node_id":300000002,"reco_details":{"algorithm":"DirectHit","box":[0,0,1280,720],"detail":null,"name":"PressEsc","reco_id":400000002},"task_id":200000001}] 
[2026-05-13 14:43:21.204][TRC][Px4236][Tx27486][PipelineTask.cpp][L26][MaaNS::TaskNS::PipelineTask::run] | leave, 1064ms 
[2026-05-13 14:43:21.204][INF][Px4236][Tx27486][Tasker.cpp][L355][MaaNS::Tasker::run_task] task end: [cb_detail={"entry":"Startup","hash":"fdba161507ae236","task_id":200000001,"uuid":"000000000059009E"}] [ret=true] 
[2026-05-13 14:43:21.204][INF][Px4236][Tx27486][Utils/EventDispatcher.hpp][L65][MaaNS::EventDispatcher::notify] !!!OnEventNotify!!! [handle=true] [msg=Tasker.Task.Succeeded] [details={"entry":"Startup","hash":"fdba161507ae236","task_id":200000001,"uuid":"000000000059009E"}] 
[2026-05-13 14:43:21.204][DBG][Px4236][Tx52277][Win32ControlUnitMgr.cpp][L464][MaaNS::CtrlUnitNs::Win32ControlUnitMgr::inactive] | enter 
[2026-05-13 14:43:21.204][DBG][Px4236][Tx52277][LegacyEventInput.cpp][L224][MaaNS::CtrlUnitNs::LegacyEventInput::inactive] | enter 
[2026-05-13 14:43:21.225][TRC][Px4236][Tx52277][LegacyEventInput.cpp][L224][MaaNS::CtrlUnitNs::LegacyEventInput::inactive] | leave, 20ms 
[2026-05-13 14:43:21.225][TRC][Px4236][Tx52277][Win32ControlUnitMgr.cpp][L464][MaaNS::CtrlUnitNs::Win32ControlUnitMgr::inactive] | leave, 20ms 
[2026-05-13 14:43:21.225][TRC][Px4236][Tx27486][Tasker.cpp][L323][MaaNS::Tasker::run_task] | leave, 1085ms 
[2026-05-13 14:43:21.225][DBG][Px4236][Tx2053][MaaFramework.cpp][L307][MaaResourceDestroy] [res=true] | enter 
[2026-05-13 14:43:21.225][DBG][Px4236][Tx2053][ResourceMgr.cpp][L33][MaaNS::ResourceNS::ResourceMgr::~ResourceMgr] | enter 
[2026-05-13 14:43:21.225][TRC][Px4236][Tx2053][ResourceMgr.cpp][L33][MaaNS::ResourceNS::ResourceMgr::~ResourceMgr] | leave, 0ms 
[2026-05-13 14:43:21.225][DBG][Px4236][Tx2053][Base/AsyncRunner.hpp][L88][MaaNS::AsyncRunner<struct MaaNS::ResourceNS::PostPathItem>::~AsyncRunner] | enter 
[2026-05-13 14:43:21.225][DBG][Px4236][Tx2053][Base/AsyncRunner.hpp][L96][MaaNS::AsyncRunner<struct MaaNS::ResourceNS::PostPathItem>::release] | enter 
[2026-05-13 14:43:21.225][TRC][Px4236][Tx2053][Base/AsyncRunner.hpp][L96][MaaNS::AsyncRunner<struct MaaNS::ResourceNS::PostPathItem>::release] | leave, 0ms 
[2026-05-13 14:43:21.225][TRC][Px4236][Tx2053][Base/AsyncRunner.hpp][L88][MaaNS::AsyncRunner<struct MaaNS::ResourceNS::PostPathItem>::~AsyncRunner] | leave, 0ms 
[2026-05-13 14:43:21.239][TRC][Px4236][Tx2053][MaaFramework.cpp][L307][MaaResourceDestroy] | leave, 14ms 
[2026-05-13 14:43:21.240][DBG][Px4236][Tx2053][MaaFramework.cpp][L288][MaaControllerDestroy] [ctrl=true] | enter 
[2026-05-13 14:43:21.240][DBG][Px4236][Tx2053][ControllerAgent.cpp][L30][MaaNS::ControllerNS::ControllerAgent::~ControllerAgent] | enter 
[2026-05-13 14:43:21.240][TRC][Px4236][Tx2053][ControllerAgent.cpp][L30][MaaNS::ControllerNS::ControllerAgent::~ControllerAgent] | leave, 0ms 
[2026-05-13 14:43:21.240][DBG][Px4236][Tx2053][Base/AsyncRunner.hpp][L88][MaaNS::AsyncRunner<struct MaaNS::ControllerNS::Action>::~AsyncRunner] | enter 
[2026-05-13 14:43:21.240][DBG][Px4236][Tx2053][Base/AsyncRunner.hpp][L96][MaaNS::AsyncRunner<struct MaaNS::ControllerNS::Action>::release] | enter 
[2026-05-13 14:43:21.240][TRC][Px4236][Tx2053][Base/AsyncRunner.hpp][L96][MaaNS::AsyncRunner<struct MaaNS::ControllerNS::Action>::release] | leave, 0ms 
[2026-05-13 14:43:21.240][TRC][Px4236][Tx2053][Base/AsyncRunner.hpp][L88][MaaNS::AsyncRunner<struct MaaNS::ControllerNS::Action>::~AsyncRunner] | leave, 0ms 
[2026-05-13 14:43:21.240][DBG][Px4236][Tx2053][Win32ControlUnitAPI.cpp][L33][MaaWin32ControlUnitDestroy] [handle=true] | enter 
[2026-05-13 14:43:21.281][TRC][Px4236][Tx56240][PseudoMinimizeHelper.cpp][L89][MaaNS::CtrlUnitNs::PseudoMinimizeHelper::monitor_thread_func] | leave, 1524ms 
[2026-05-13 14:43:21.281][INF][Px4236][Tx2053][PseudoMinimizeHelper.cpp][L73][MaaNS::CtrlUnitNs::PseudoMinimizeHelper::stop] PseudoMinimizeHelper stopped [hwnd_=true] 
[2026-05-13 14:43:21.281][TRC][Px4236][Tx2053][Win32ControlUnitAPI.cpp][L33][MaaWin32ControlUnitDestroy] | leave, 41ms 
[2026-05-13 14:43:21.281][TRC][Px4236][Tx2053][MaaFramework.cpp][L288][MaaControllerDestroy] | leave, 41ms 
[2026-05-13 14:43:21.281][DBG][Px4236][Tx51419][MaaFramework.cpp][L326][MaaTaskerDestroy] [tasker=true] | enter 
[2026-05-13 14:43:21.281][DBG][Px4236][Tx51419][Tasker.cpp][L37][MaaNS::Tasker::~Tasker] | enter 
[2026-05-13 14:43:21.281][TRC][Px4236][Tx51419][Tasker.cpp][L37][MaaNS::Tasker::~Tasker] | leave, 0ms 
[2026-05-13 14:43:21.282][DBG][Px4236][Tx51419][Base/AsyncRunner.hpp][L88][MaaNS::AsyncRunner<class std::shared_ptr<class MaaNS::TaskNS::TaskBase> >::~AsyncRunner] | enter 
[2026-05-13 14:43:21.282][DBG][Px4236][Tx51419][Base/AsyncRunner.hpp][L96][MaaNS::AsyncRunner<class std::shared_ptr<class MaaNS::TaskNS::TaskBase> >::release] | enter 
[2026-05-13 14:43:21.282][TRC][Px4236][Tx51419][Base/AsyncRunner.hpp][L96][MaaNS::AsyncRunner<class std::shared_ptr<class MaaNS::TaskNS::TaskBase> >::release] | leave, 0ms 
[2026-05-13 14:43:21.282][TRC][Px4236][Tx51419][Base/AsyncRunner.hpp][L88][MaaNS::AsyncRunner<class std::shared_ptr<class MaaNS::TaskNS::TaskBase> >::~AsyncRunner] | leave, 0ms 
[2026-05-13 14:43:21.282][TRC][Px4236][Tx51419][MaaFramework.cpp][L326][MaaTaskerDestroy] | leave, 0ms 
[2026-05-13 14:43:21.285][DBG][Px4236][Tx51419][Logger] ----------------------------- 
[2026-05-13 14:43:21.285][DBG][Px4236][Tx51419][Logger] Close log 
[2026-05-13 14:43:21.285][DBG][Px4236][Tx51419][Logger] ----------------------------- 
[2026-05-13 14:43:57.309][DBG][Px19672][Tx63202][Logger] ----------------------------- 
[2026-05-13 14:43:57.309][DBG][Px19672][Tx63202][Logger] MAA Process Start 
[2026-05-13 14:43:57.309][DBG][Px19672][Tx63202][Logger] Version v5.10.4 
[2026-05-13 14:43:57.309][DBG][Px19672][Tx63202][Logger] Built at May  3 2026 04:23:41 
[2026-05-13 14:43:57.309][DBG][Px19672][Tx63202][Logger] Windows x64 
[2026-05-13 14:43:57.309][DBG][Px19672][Tx63202][Logger] Working E:/subject/one 
[2026-05-13 14:43:57.310][DBG][Px19672][Tx63202][Logger] Logging E:/subject/one/debug/maafw.log 
[2026-05-13 14:43:57.310][DBG][Px19672][Tx63202][Logger] ----------------------------- 
[2026-05-13 14:43:57.310][TRC][Px19672][Tx63202][OptionMgr.cpp][L35][MaaNS::GlobalNS::OptionMgr::set_log_dir] | leave, 0ms 
[2026-05-13 14:43:57.310][TRC][Px19672][Tx63202][OptionMgr.cpp][L10][MaaNS::GlobalNS::OptionMgr::set_option] | leave, 0ms 
[2026-05-13 14:43:57.310][TRC][Px19672][Tx63202][MaaFramework.cpp][L338][MaaGlobalSetOption] | leave, 0ms 
[2026-05-13 14:43:57.310][DBG][Px19672][Tx63202][MaaFramework.cpp][L338][MaaGlobalSetOption] [key=2] [value=true] [val_size=1] | enter 
[2026-05-13 14:43:57.310][DBG][Px19672][Tx63202][OptionMgr.cpp][L10][MaaNS::GlobalNS::OptionMgr::set_option] [key=2] [value=true] [val_size=1] | enter 
[2026-05-13 14:43:57.310][DBG][Px19672][Tx63202][OptionMgr.cpp][L49][MaaNS::GlobalNS::OptionMgr::set_save_draw] | enter 
[2026-05-13 14:43:57.310][INF][Px19672][Tx63202][OptionMgr.cpp][L58][MaaNS::GlobalNS::OptionMgr::set_save_draw] Set save draw [save_draw_=false] 
[2026-05-13 14:43:57.310][TRC][Px19672][Tx63202][OptionMgr.cpp][L49][MaaNS::GlobalNS::OptionMgr::set_save_draw] | leave, 0ms 
[2026-05-13 14:43:57.310][TRC][Px19672][Tx63202][OptionMgr.cpp][L10][MaaNS::GlobalNS::OptionMgr::set_option] | leave, 0ms 
[2026-05-13 14:43:57.310][TRC][Px19672][Tx63202][MaaFramework.cpp][L338][MaaGlobalSetOption] | leave, 0ms 
[2026-05-13 14:43:57.310][DBG][Px19672][Tx63202][MaaFramework.cpp][L338][MaaGlobalSetOption] [key=7] [value=true] [val_size=1] | enter 
[2026-05-13 14:43:57.310][DBG][Px19672][Tx63202][OptionMgr.cpp][L10][MaaNS::GlobalNS::OptionMgr::set_option] [key=7] [value=true] [val_size=1] | enter 
[2026-05-13 14:43:57.310][DBG][Px19672][Tx63202][OptionMgr.cpp][L99][MaaNS::GlobalNS::OptionMgr::set_save_on_error] | enter 
[2026-05-13 14:43:57.310][INF][Px19672][Tx63202][OptionMgr.cpp][L108][MaaNS::GlobalNS::OptionMgr::set_save_on_error] Set save on error [save_on_error_=true] 
[2026-05-13 14:43:57.310][TRC][Px19672][Tx63202][OptionMgr.cpp][L99][MaaNS::GlobalNS::OptionMgr::set_save_on_error] | leave, 0ms 
[2026-05-13 14:43:57.310][TRC][Px19672][Tx63202][OptionMgr.cpp][L10][MaaNS::GlobalNS::OptionMgr::set_option] | leave, 0ms 
[2026-05-13 14:43:57.310][TRC][Px19672][Tx63202][MaaFramework.cpp][L338][MaaGlobalSetOption] | leave, 0ms 
[2026-05-13 14:43:57.310][DBG][Px19672][Tx63202][MaaFramework.cpp][L338][MaaGlobalSetOption] [key=4] [value=true] [val_size=4] | enter 
[2026-05-13 14:43:57.310][DBG][Px19672][Tx63202][OptionMgr.cpp][L10][MaaNS::GlobalNS::OptionMgr::set_option] [key=4] [value=true] [val_size=4] | enter 
[2026-05-13 14:43:57.310][DBG][Px19672][Tx63202][OptionMgr.cpp][L65][MaaNS::GlobalNS::OptionMgr::set_stdout_level] | enter 
[2026-05-13 14:43:57.310][INF][Px19672][Tx63202][OptionMgr.cpp][L74][MaaNS::GlobalNS::OptionMgr::set_stdout_level] Set log stdout level [level=2] 
[2026-05-13 14:43:57.310][TRC][Px19672][Tx63202][OptionMgr.cpp][L65][MaaNS::GlobalNS::OptionMgr::set_stdout_level] | leave, 0ms 
[2026-05-13 14:43:57.310][TRC][Px19672][Tx63202][OptionMgr.cpp][L10][MaaNS::GlobalNS::OptionMgr::set_option] | leave, 0ms 
[2026-05-13 14:43:57.310][TRC][Px19672][Tx63202][MaaFramework.cpp][L338][MaaGlobalSetOption] | leave, 0ms 
[2026-05-13 14:43:57.310][DBG][Px19672][Tx63202][MaaFramework.cpp][L338][MaaGlobalSetOption] [key=8] [value=true] [val_size=4] | enter 
[2026-05-13 14:43:57.310][DBG][Px19672][Tx63202][OptionMgr.cpp][L10][MaaNS::GlobalNS::OptionMgr::set_option] [key=8] [value=true] [val_size=4] | enter 
[2026-05-13 14:43:57.310][DBG][Px19672][Tx63202][OptionMgr.cpp][L115][MaaNS::GlobalNS::OptionMgr::set_draw_quality] | enter 
[2026-05-13 14:43:57.310][INF][Px19672][Tx63202][OptionMgr.cpp][L130][MaaNS::GlobalNS::OptionMgr::set_draw_quality] Set draw quality [draw_quality_=85] 
[2026-05-13 14:43:57.310][TRC][Px19672][Tx63202][OptionMgr.cpp][L115][MaaNS::GlobalNS::OptionMgr::set_draw_quality] | leave, 0ms 
[2026-05-13 14:43:57.310][TRC][Px19672][Tx63202][OptionMgr.cpp][L10][MaaNS::GlobalNS::OptionMgr::set_option] | leave, 0ms 
[2026-05-13 14:43:57.310][TRC][Px19672][Tx63202][MaaFramework.cpp][L338][MaaGlobalSetOption] | leave, 0ms 
[2026-05-13 14:43:57.310][DBG][Px19672][Tx63202][GlobalOptionConfig.cpp][L83][MaaNS::ToolkitNS::GlobalOptionConfig::apply_option] [bret=true] 
[2026-05-13 14:43:57.310][TRC][Px19672][Tx63202][GlobalOptionConfig.cpp][L67][MaaNS::ToolkitNS::GlobalOptionConfig::apply_option] | leave, 0ms 
[2026-05-13 14:43:57.310][TRC][Px19672][Tx63202][GlobalOptionConfig.cpp][L17][MaaNS::ToolkitNS::GlobalOptionConfig::init] | leave, 0ms 
[2026-05-13 14:43:57.310][DBG][Px19672][Tx63202][DesktopWindowWin32Finder.cpp][L13][MaaNS::ToolkitNS::DesktopWindowWin32Finder::find_all] | enter 
[2026-05-13 14:43:57.310][TRC][Px19672][Tx63202][DesktopWindowWin32Finder.cpp][L13][MaaNS::ToolkitNS::DesktopWindowWin32Finder::find_all] | leave, 0ms 
[2026-05-13 14:43:57.310][DBG][Px19672][Tx63202][MaaFramework.cpp][L319][MaaTaskerCreate] | enter 
[2026-05-13 14:43:57.310][DBG][Px19672][Tx63202][Tasker.cpp][L20][MaaNS::Tasker::Tasker] | enter 
[2026-05-13 14:43:57.310][INF][Px19672][Tx63202][Tasker.cpp][L23][MaaNS::Tasker::Tasker] [plugin_mgr.get_names()=["E:/subject/one/MaaFramework/bin/plugins/MaaPluginDemo.dll"]] 
[2026-05-13 14:43:57.310][INF][Px19672][Tx63202][Utils/EventDispatcher.hpp][L37][MaaNS::EventDispatcher::add_sink] [callback=true] [trans_arg=true] 
[2026-05-13 14:43:57.310][TRC][Px19672][Tx63202][Tasker.cpp][L20][MaaNS::Tasker::Tasker] | leave, 0ms 
[2026-05-13 14:43:57.310][TRC][Px19672][Tx63202][MaaFramework.cpp][L319][MaaTaskerCreate] | leave, 0ms 
[2026-05-13 14:43:57.310][DBG][Px19672][Tx63202][MaaFramework.cpp][L54][MaaWin32ControllerCreate] [hWnd=true] [screencap_method=16] [mouse_method=8] [keyboard_method=8] | enter 
[2026-05-13 14:43:57.310][DBG][Px19672][Tx63202][MaaUtils/LibraryHolder.h][L49][MaaNS::LibraryHolder<class MaaNS::Win32ControlUnitLibraryHolder>::load_library] [libname=E:/subject/one/MaaFramework/bin/MaaWin32ControlUnit] | enter 
[2026-05-13 14:43:57.310][INF][Px19672][Tx63202][MaaUtils/LibraryHolder.h][L65][MaaNS::LibraryHolder<class MaaNS::Win32ControlUnitLibraryHolder>::load_library] Loading library [libname=E:/subject/one/MaaFramework/bin/MaaWin32ControlUnit] 
[2026-05-13 14:43:57.311][TRC][Px19672][Tx63202][MaaUtils/LibraryHolder.h][L49][MaaNS::LibraryHolder<class MaaNS::Win32ControlUnitLibraryHolder>::load_library] | leave, 1ms 
[2026-05-13 14:43:57.311][DBG][Px19672][Tx63202][MaaUtils/LibraryHolder.h][L113][MaaNS::LibraryHolder<class MaaNS::Win32ControlUnitLibraryHolder>::get_function] [func_name=MaaWin32ControlUnitGetVersion] | enter 
[2026-05-13 14:43:57.311][TRC][Px19672][Tx63202][MaaUtils/LibraryHolder.h][L113][MaaNS::LibraryHolder<class MaaNS::Win32ControlUnitLibraryHolder>::get_function] | leave, 0ms 
[2026-05-13 14:43:57.311][INF][Px19672][Tx63202][ControlUnit.cpp][L30][MaaNS::check_version] class MaaNS::Win32ControlUnitLibraryHolder Library version: v5.10.4 
[2026-05-13 14:43:57.311][DBG][Px19672][Tx63202][MaaUtils/LibraryHolder.h][L113][MaaNS::LibraryHolder<class MaaNS::Win32ControlUnitLibraryHolder>::get_function] [func_name=MaaWin32ControlUnitCreate] | enter 
[2026-05-13 14:43:57.311][TRC][Px19672][Tx63202][MaaUtils/LibraryHolder.h][L113][MaaNS::LibraryHolder<class MaaNS::Win32ControlUnitLibraryHolder>::get_function] | leave, 0ms 
[2026-05-13 14:43:57.311][DBG][Px19672][Tx63202][MaaUtils/LibraryHolder.h][L113][MaaNS::LibraryHolder<class MaaNS::Win32ControlUnitLibraryHolder>::get_function] [func_name=MaaWin32ControlUnitDestroy] | enter 
[2026-05-13 14:43:57.311][TRC][Px19672][Tx63202][MaaUtils/LibraryHolder.h][L113][MaaNS::LibraryHolder<class MaaNS::Win32ControlUnitLibraryHolder>::get_function] | leave, 0ms 
[2026-05-13 14:43:57.311][DBG][Px19672][Tx63202][Win32ControlUnitAPI.cpp][L23][MaaWin32ControlUnitCreate] [hWnd=true] [screencap_method=16] [mouse_method=8] [keyboard_method=8] | enter 
[2026-05-13 14:43:57.311][TRC][Px19672][Tx63202][Win32ControlUnitAPI.cpp][L23][MaaWin32ControlUnitCreate] | leave, 0ms 
[2026-05-13 14:43:57.311][DBG][Px19672][Tx63202][ControllerAgent.cpp][L15][MaaNS::ControllerNS::ControllerAgent::ControllerAgent] [control_unit_=00000267FB84B4B0] | enter 
[2026-05-13 14:43:57.311][INF][Px19672][Tx63202][ControllerAgent.cpp][L18][MaaNS::ControllerNS::ControllerAgent::ControllerAgent] [plugin_mgr.get_names()=["E:/subject/one/MaaFramework/bin/plugins/MaaPluginDemo.dll"]] 
[2026-05-13 14:43:57.311][INF][Px19672][Tx63202][Utils/EventDispatcher.hpp][L37][MaaNS::EventDispatcher::add_sink] [callback=true] [trans_arg=true] 
[2026-05-13 14:43:57.311][TRC][Px19672][Tx63202][ControllerAgent.cpp][L15][MaaNS::ControllerNS::ControllerAgent::ControllerAgent] | leave, 0ms 
[2026-05-13 14:43:57.311][TRC][Px19672][Tx63202][MaaFramework.cpp][L54][MaaWin32ControllerCreate] | leave, 1ms 
[2026-05-13 14:43:57.311][DBG][Px19672][Tx63202][MaaController.cpp][L59][MaaControllerPostConnection] [ctrl=true] | enter 
[2026-05-13 14:43:57.311][TRC][Px19672][Tx63202][MaaController.cpp][L59][MaaControllerPostConnection] | leave, 0ms 
[2026-05-13 14:43:57.312][INF][Px19672][Tx63636][Win32ControlUnitMgr.cpp][L48][MaaNS::CtrlUnitNs::Win32ControlUnitMgr::connect] SetThreadDpiAwarenessContext to PER_MONITOR_AWARE_V2 success [prev_ctx=true] 
[2026-05-13 14:43:57.312][INF][Px19672][Tx63636][PseudoMinimizeHelper.cpp][L49][MaaNS::CtrlUnitNs::PseudoMinimizeHelper::start] PseudoMinimizeHelper started [hwnd_=true] 
[2026-05-13 14:43:57.312][DBG][Px19672][Tx63636][Win32ControlUnitMgr.cpp][L171][MaaNS::CtrlUnitNs::Win32ControlUnitMgr::speed_test] | enter 
[2026-05-13 14:43:57.312][INF][Px19672][Tx63636][Win32ControlUnitMgr.cpp][L186][MaaNS::CtrlUnitNs::Win32ControlUnitMgr::speed_test] Warming up PrintWindow 
[2026-05-13 14:43:57.312][DBG][Px19672][Tx48350][PseudoMinimizeHelper.cpp][L89][MaaNS::CtrlUnitNs::PseudoMinimizeHelper::monitor_thread_func] | enter 
[2026-05-13 14:43:57.320][INF][Px19672][Tx63636][Win32ControlUnitMgr.cpp][L191][MaaNS::CtrlUnitNs::Win32ControlUnitMgr::speed_test] Testing PrintWindow 
[2026-05-13 14:43:57.332][INF][Px19672][Tx63636][Win32ControlUnitMgr.cpp][L182][MaaNS::CtrlUnitNs::Win32ControlUnitMgr::speed_test::<lambda_1>::operator ()] [method=PrintWindow] [duration=11ms] 
[2026-05-13 14:43:57.332][INF][Px19672][Tx63636][Win32ControlUnitMgr.cpp][L205][MaaNS::CtrlUnitNs::Win32ControlUnitMgr::speed_test] The fastest method is PrintWindow [cost=11ms] 
[2026-05-13 14:43:57.332][TRC][Px19672][Tx63636][Win32ControlUnitMgr.cpp][L171][MaaNS::CtrlUnitNs::Win32ControlUnitMgr::speed_test] | leave, 20ms 
[2026-05-13 14:43:57.332][DBG][Px19672][Tx62405][MaaTasker.cpp][L106][MaaTaskerBindController] [tasker=true] [ctrl=true] | enter 
[2026-05-13 14:43:57.332][INF][Px19672][Tx62405][Tasker.cpp][L59][MaaNS::Tasker::bind_controller] [this=true] [controller=true] [derived=true] [controller_=false] 
[2026-05-13 14:43:57.332][TRC][Px19672][Tx62405][MaaTasker.cpp][L106][MaaTaskerBindController] | leave, 0ms 
[2026-05-13 14:43:57.332][DBG][Px19672][Tx62405][MaaFramework.cpp][L300][MaaResourceCreate] | enter 
[2026-05-13 14:43:57.332][DBG][Px19672][Tx62405][OCRResMgr.cpp][L15][MaaNS::ResourceNS::OCRResMgr::OCRResMgr] | enter 
[2026-05-13 14:43:57.332][TRC][Px19672][Tx62405][OCRResMgr.cpp][L15][MaaNS::ResourceNS::OCRResMgr::OCRResMgr] | leave, 0ms 
[2026-05-13 14:43:57.346][DBG][Px19672][Tx62405][ResourceMgr.cpp][L18][MaaNS::ResourceNS::ResourceMgr::ResourceMgr] | enter 
[2026-05-13 14:43:57.346][INF][Px19672][Tx62405][ResourceMgr.cpp][L21][MaaNS::ResourceNS::ResourceMgr::ResourceMgr] [plugin_mgr.get_names()=["E:/subject/one/MaaFramework/bin/plugins/MaaPluginDemo.dll"]] 
[2026-05-13 14:43:57.346][INF][Px19672][Tx62405][Utils/EventDispatcher.hpp][L37][MaaNS::EventDispatcher::add_sink] [callback=true] [trans_arg=true] 
[2026-05-13 14:43:57.346][TRC][Px19672][Tx62405][ResourceMgr.cpp][L18][MaaNS::ResourceNS::ResourceMgr::ResourceMgr] | leave, 0ms 
[2026-05-13 14:43:57.346][TRC][Px19672][Tx62405][MaaFramework.cpp][L300][MaaResourceCreate] | leave, 13ms 
[2026-05-13 14:43:57.346][DBG][Px19672][Tx62405][MaaResource.cpp][L158][MaaResourcePostPipeline] [res=true] [path=E:\subject\one\resource\pipeline] | enter 
[2026-05-13 14:43:57.346][INF][Px19672][Tx62405][ResourceMgr.cpp][L75][MaaNS::ResourceNS::ResourceMgr::post_path] [static_cast<int>(type)=2] [path=E:/subject/one/resource/pipeline] 
[2026-05-13 14:43:57.346][TRC][Px19672][Tx62405][MaaResource.cpp][L158][MaaResourcePostPipeline] | leave, 0ms 
[2026-05-13 14:43:57.346][DBG][Px19672][Tx26029][ResourceMgr.cpp][L595][MaaNS::ResourceNS::ResourceMgr::run_load] [id=100000001] [static_cast<int>(item.type)=2] [item.path=E:/subject/one/resource/pipeline] | enter 
[2026-05-13 14:43:57.346][INF][Px19672][Tx26029][Utils/EventDispatcher.hpp][L65][MaaNS::EventDispatcher::notify] !!!OnEventNotify!!! [handle=true] [msg=Resource.Loading.Starting] [details={"hash":"","path":"E:/subject/one/resource/pipeline","res_id":100000001,"type":"Pipeline"}] 
[2026-05-13 14:43:57.346][INF][Px19672][Tx26029][ResourceMgr.cpp][L372][MaaNS::ResourceNS::ResourceMgr::available_providers] [all_providers_vec=["DmlExecutionProvider","CPUExecutionProvider"]] 
[2026-05-13 14:43:57.346][INF][Px19672][Tx26029][ResourceMgr.cpp][L400][MaaNS::ResourceNS::ResourceMgr::available_providers] [s_provider_cache=[2,1]] 
[2026-05-13 14:43:57.346][TRC][Px19672][Tx26029][GpuOptionWin32.cpp][L137][MaaNS::perfer_gpu] 
[2026-05-13 14:43:57.348][INF][Px19672][Tx26029][GpuOptionWin32.cpp][L188][MaaNS::perfer_gpu] [adapter_index=0] [adapter_desc=NVIDIA GeForce RTX 4070 Ti] 
[2026-05-13 14:43:57.414][TRC][Px19672][Tx26029][GpuOptionWin32.cpp][L21][MaaNS::adapter_instance_path] 
[2026-05-13 14:43:57.414][DBG][Px19672][Tx26029][GpuOptionWin32.cpp][L48][MaaNS::adapter_instance_path] [result=PCI\VEN_10DE&DEV_2782&SUBSYS_E1301462&REV_A1\4&1bcd7285&0&0008] 
[2026-05-13 14:43:57.414][TRC][Px19672][Tx26029][GpuOptionWin32.cpp][L54][MaaNS::gpu_driver_date] 
[2026-05-13 14:43:57.414][DBG][Px19672][Tx26029][GpuOptionWin32.cpp][L83][MaaNS::gpu_driver_date] [system_time.wYear=2024] [system_time.wMonth=8] [system_time.wDay=14] 
[2026-05-13 14:43:57.414][TRC][Px19672][Tx26029][GpuOptionWin32.cpp][L89][MaaNS::is_indirect_display_adapter] 
[2026-05-13 14:43:57.415][DBG][Px19672][Tx26029][GpuOptionWin32.cpp][L114][MaaNS::is_indirect_display_adapter] RegQueryValueExW 1 failed [ret=2] [type=0] [size=0] 
[2026-05-13 14:43:57.415][INF][Px19672][Tx26029][GpuOptionWin32.cpp][L232][MaaNS::perfer_gpu] available gpu found [adapter_index=0] [adapter_desc=] [desc.DedicatedVideoMemory=12578717696] 
[2026-05-13 14:43:57.415][INF][Px19672][Tx26029][GpuOptionWin32.cpp][L188][MaaNS::perfer_gpu] [adapter_index=1] [adapter_desc=NVIDIA GeForce RTX 4070 Ti] 
[2026-05-13 14:43:57.463][TRC][Px19672][Tx26029][GpuOptionWin32.cpp][L21][MaaNS::adapter_instance_path] 
[2026-05-13 14:43:57.463][DBG][Px19672][Tx26029][GpuOptionWin32.cpp][L48][MaaNS::adapter_instance_path] [result=ROOT\DISPLAY\0002] 
[2026-05-13 14:43:57.463][TRC][Px19672][Tx26029][GpuOptionWin32.cpp][L54][MaaNS::gpu_driver_date] 
[2026-05-13 14:43:57.463][DBG][Px19672][Tx26029][GpuOptionWin32.cpp][L83][MaaNS::gpu_driver_date] [system_time.wYear=2021] [system_time.wMonth=8] [system_time.wDay=31] 
[2026-05-13 14:43:57.463][TRC][Px19672][Tx26029][GpuOptionWin32.cpp][L89][MaaNS::is_indirect_display_adapter] 
[2026-05-13 14:43:57.463][DBG][Px19672][Tx26029][GpuOptionWin32.cpp][L131][MaaNS::is_indirect_display_adapter] [value=IndirectKmd ] [sub_key=SYSTEM\CurrentControlSet\Enum\ROOT\DISPLAY\0002] [indirect=true] 
[2026-05-13 14:43:57.463][WRN][Px19672][Tx26029][GpuOptionWin32.cpp][L223][MaaNS::perfer_gpu] virtual adapters (streaming/RDP), skip [adapter_index=1] [adapter_desc=NVIDIA GeForce RTX 4070 Ti] [instance_path=ROOT\DISPLAY\0002] 
[2026-05-13 14:43:57.463][INF][Px19672][Tx26029][GpuOptionWin32.cpp][L188][MaaNS::perfer_gpu] [adapter_index=2] [adapter_desc=NVIDIA GeForce RTX 4070 Ti] 
[2026-05-13 14:43:57.510][TRC][Px19672][Tx26029][GpuOptionWin32.cpp][L21][MaaNS::adapter_instance_path] 
[2026-05-13 14:43:57.510][DBG][Px19672][Tx26029][GpuOptionWin32.cpp][L48][MaaNS::adapter_instance_path] [result=ROOT\DISPLAY\0001] 
[2026-05-13 14:43:57.510][TRC][Px19672][Tx26029][GpuOptionWin32.cpp][L54][MaaNS::gpu_driver_date] 
[2026-05-13 14:43:57.510][DBG][Px19672][Tx26029][GpuOptionWin32.cpp][L83][MaaNS::gpu_driver_date] [system_time.wYear=2026] [system_time.wMonth=2] [system_time.wDay=28] 
[2026-05-13 14:43:57.510][TRC][Px19672][Tx26029][GpuOptionWin32.cpp][L89][MaaNS::is_indirect_display_adapter] 
[2026-05-13 14:43:57.510][DBG][Px19672][Tx26029][GpuOptionWin32.cpp][L131][MaaNS::is_indirect_display_adapter] [value=IndirectKmd ] [sub_key=SYSTEM\CurrentControlSet\Enum\ROOT\DISPLAY\0001] [indirect=true] 
[2026-05-13 14:43:57.510][WRN][Px19672][Tx26029][GpuOptionWin32.cpp][L223][MaaNS::perfer_gpu] virtual adapters (streaming/RDP), skip [adapter_index=2] [adapter_desc=NVIDIA GeForce RTX 4070 Ti] [instance_path=ROOT\DISPLAY\0001] 
[2026-05-13 14:43:57.510][INF][Px19672][Tx26029][GpuOptionWin32.cpp][L188][MaaNS::perfer_gpu] [adapter_index=3] [adapter_desc=NVIDIA GeForce RTX 4070 Ti] 
[2026-05-13 14:43:57.558][TRC][Px19672][Tx26029][GpuOptionWin32.cpp][L21][MaaNS::adapter_instance_path] 
[2026-05-13 14:43:57.558][DBG][Px19672][Tx26029][GpuOptionWin32.cpp][L48][MaaNS::adapter_instance_path] [result=ROOT\DISPLAY\0000] 
[2026-05-13 14:43:57.558][TRC][Px19672][Tx26029][GpuOptionWin32.cpp][L54][MaaNS::gpu_driver_date] 
[2026-05-13 14:43:57.559][DBG][Px19672][Tx26029][GpuOptionWin32.cpp][L83][MaaNS::gpu_driver_date] [system_time.wYear=2023] [system_time.wMonth=4] [system_time.wDay=24] 
[2026-05-13 14:43:57.559][TRC][Px19672][Tx26029][GpuOptionWin32.cpp][L89][MaaNS::is_indirect_display_adapter] 
[2026-05-13 14:43:57.559][DBG][Px19672][Tx26029][GpuOptionWin32.cpp][L131][MaaNS::is_indirect_display_adapter] [value=IndirectKmd ] [sub_key=SYSTEM\CurrentControlSet\Enum\ROOT\DISPLAY\0000] [indirect=true] 
[2026-05-13 14:43:57.559][WRN][Px19672][Tx26029][GpuOptionWin32.cpp][L223][MaaNS::perfer_gpu] virtual adapters (streaming/RDP), skip [adapter_index=3] [adapter_desc=NVIDIA GeForce RTX 4070 Ti] [instance_path=ROOT\DISPLAY\0000] 
[2026-05-13 14:43:57.559][INF][Px19672][Tx26029][GpuOptionWin32.cpp][L188][MaaNS::perfer_gpu] [adapter_index=4] [adapter_desc=Microsoft Basic Render Driver] 
[2026-05-13 14:43:57.559][WRN][Px19672][Tx26029][GpuOptionWin32.cpp][L191][MaaNS::perfer_gpu] software adapter, skip [adapter_index=4] [adapter_desc=Microsoft Basic Render Driver] 
[2026-05-13 14:43:57.559][DBG][Px19672][Tx26029][GpuOptionWin32.cpp][L173][MaaNS::perfer_gpu] EnumAdapters1 DXGI_ERROR_NOT_FOUND [adapter_index=5] 
[2026-05-13 14:43:57.559][INF][Px19672][Tx26029][GpuOptionWin32.cpp][L251][MaaNS::perfer_gpu] Best gpu selected [best_gpu.adapter_index=0] [best_gpu.description=NVIDIA GeForce RTX 4070 Ti] [best_gpu.dedicated_video_memory=12578717696] 
[2026-05-13 14:43:57.559][INF][Px19672][Tx26029][ONNXResMgr.cpp][L69][MaaNS::ResourceNS::ONNXResMgr::use_directml] [device_id=0] 
[2026-05-13 14:43:57.678][INF][Px19672][Tx26029][ONNXResMgr.cpp][L82][MaaNS::ResourceNS::ONNXResMgr::use_directml] Using DML execution provider with device_id 0 
[2026-05-13 14:43:57.678][INF][Px19672][Tx26029][OCRResMgr.cpp][L42][MaaNS::ResourceNS::OCRResMgr::use_directml] [device_id=0] 
[2026-05-13 14:43:57.678][DBG][Px19672][Tx26029][ResourceMgr.cpp][L702][MaaNS::ResourceNS::ResourceMgr::load_pipeline] [path=E:/subject/one/resource/pipeline] | enter 
[2026-05-13 14:43:57.678][DBG][Px19672][Tx26029][PipelineResMgr.cpp][L15][MaaNS::ResourceNS::PipelineResMgr::load] [path=E:/subject/one/resource/pipeline] | enter 
[2026-05-13 14:43:57.678][DBG][Px19672][Tx26029][PipelineResMgr.cpp][L110][MaaNS::ResourceNS::PipelineResMgr::open_and_parse_file] [path=E:/subject/one/resource/pipeline/Startup.json] | enter 
[2026-05-13 14:43:57.678][DBG][Px19672][Tx26029][PipelineParser.cpp][L188][MaaNS::ResourceNS::PipelineParser::parse_node] [name=PressEsc] 
[2026-05-13 14:43:57.678][DBG][Px19672][Tx26029][PipelineParser.cpp][L188][MaaNS::ResourceNS::PipelineParser::parse_node] [name=Startup] 
[2026-05-13 14:43:57.678][TRC][Px19672][Tx26029][PipelineResMgr.cpp][L110][MaaNS::ResourceNS::PipelineResMgr::open_and_parse_file] | leave, 0ms 
[2026-05-13 14:43:57.678][TRC][Px19672][Tx26029][PipelineResMgr.cpp][L15][MaaNS::ResourceNS::PipelineResMgr::load] | leave, 0ms 
[2026-05-13 14:43:57.678][TRC][Px19672][Tx26029][ResourceMgr.cpp][L702][MaaNS::ResourceNS::ResourceMgr::load_pipeline] | leave, 0ms 
[2026-05-13 14:43:57.678][INF][Px19672][Tx26029][ResourceMgr.cpp][L217][MaaNS::ResourceNS::ResourceMgr::calc_hash] [hash_cache_=10740f7b8dd6c696] 
[2026-05-13 14:43:57.678][INF][Px19672][Tx26029][Utils/EventDispatcher.hpp][L65][MaaNS::EventDispatcher::notify] !!!OnEventNotify!!! [handle=true] [msg=Resource.Loading.Succeeded] [details={"hash":"10740f7b8dd6c696","path":"E:/subject/one/resource/pipeline","res_id":100000001,"type":"Pipeline"}] 
[2026-05-13 14:43:57.678][TRC][Px19672][Tx26029][ResourceMgr.cpp][L595][MaaNS::ResourceNS::ResourceMgr::run_load] | leave, 332ms 
[2026-05-13 14:43:57.679][DBG][Px19672][Tx62405][MaaTasker.cpp][L94][MaaTaskerBindResource] [tasker=true] [res=true] | enter 
[2026-05-13 14:43:57.679][INF][Px19672][Tx62405][Tasker.cpp][L44][MaaNS::Tasker::bind_resource] [this=true] [resource=true] [derived=true] [resource_=false] 
[2026-05-13 14:43:57.679][TRC][Px19672][Tx62405][MaaTasker.cpp][L94][MaaTaskerBindResource] | leave, 0ms 
[2026-05-13 14:43:57.679][DBG][Px19672][Tx62405][MaaTasker.cpp][L128][MaaTaskerPostTask] [tasker=true] [entry=Startup] [pipeline_override={}] | enter 
[2026-05-13 14:43:57.679][INF][Px19672][Tx62405][Tasker.cpp][L87][MaaNS::Tasker::post_task] [entry=Startup] [pipeline_override={}] 
[2026-05-13 14:43:57.679][DBG][Px19672][Tx62405][Context.cpp][L20][MaaNS::TaskNS::Context::create] [id=200000001] [tasker=true] 
[2026-05-13 14:43:57.679][DBG][Px19672][Tx62405][Context.cpp][L46][MaaNS::TaskNS::Context::Context] [id=200000001] [tasker=true] 
[2026-05-13 14:43:57.679][TRC][Px19672][Tx62405][Context.cpp][L195][MaaNS::TaskNS::Context::override_pipeline] [getptr()=00000267FF335A50] [pipeline_override={}] 
[2026-05-13 14:43:57.679][TRC][Px19672][Tx62405][MaaTasker.cpp][L128][MaaTaskerPostTask] | leave, 0ms 
[2026-05-13 14:43:57.679][DBG][Px19672][Tx56234][Tasker.cpp][L323][MaaNS::Tasker::run_task] [runner_id=100000001] [task_ptr=00000267FF197240] | enter 
[2026-05-13 14:43:57.679][INF][Px19672][Tx56234][Tasker.cpp][L343][MaaNS::Tasker::run_task] task start: [cb_detail={"entry":"Startup","hash":"10740f7b8dd6c696","task_id":200000001,"uuid":"000000000059009E"}] 
[2026-05-13 14:43:57.679][INF][Px19672][Tx56234][Utils/EventDispatcher.hpp][L65][MaaNS::EventDispatcher::notify] !!!OnEventNotify!!! [handle=true] [msg=Tasker.Task.Starting] [details={"entry":"Startup","hash":"10740f7b8dd6c696","task_id":200000001,"uuid":"000000000059009E"}] 
[2026-05-13 14:43:57.679][DBG][Px19672][Tx56234][PipelineTask.cpp][L26][MaaNS::TaskNS::PipelineTask::run] [entry_=Startup] [task_id_=200000001] | enter 
[2026-05-13 14:43:57.679][INF][Px19672][Tx56234][Utils/EventDispatcher.hpp][L65][MaaNS::EventDispatcher::notify] !!!OnEventNotify!!! [handle=true] [msg=Node.PipelineNode.Starting] [details={"focus":null,"name":"Startup","node_id":300000001,"task_id":200000001}] 
[2026-05-13 14:43:57.690][INF][Px19672][Tx63636][ControllerAgent.cpp][L1070][MaaNS::ControllerNS::ControllerAgent::postproc_screenshot] Resolution changed [raw.cols=1280] [raw.rows=720] [image_raw_width_=0] [image_raw_height_=0] 
[2026-05-13 14:43:57.690][DBG][Px19672][Tx63636][ControllerAgent.cpp][L1105][MaaNS::ControllerNS::ControllerAgent::calc_target_image_size] Re-calc image target size: [image_target_long_side_=0] [image_target_short_side_=720] [image_raw_width_=1280] [image_raw_height_=720] 
[2026-05-13 14:43:57.690][INF][Px19672][Tx63636][ControllerAgent.cpp][L1131][MaaNS::ControllerNS::ControllerAgent::calc_target_image_size] [image_target_width_=1280] [image_target_height_=720] 
[2026-05-13 14:43:57.692][DBG][Px19672][Tx56234][PipelineTask.cpp][L250][MaaNS::TaskNS::PipelineTask::recognize_list] [cur_node_=Startup] [list=[{"anchor":false,"jump_back":false,"name":"Startup"}]] | enter 
[2026-05-13 14:43:57.692][INF][Px19672][Tx56234][Utils/EventDispatcher.hpp][L65][MaaNS::EventDispatcher::notify] !!!OnEventNotify!!! [handle=true] [msg=Node.NextList.Starting] [details={"focus":null,"list":[{"anchor":false,"jump_back":false,"name":"Startup"}],"name":"Startup","task_id":200000001}] 
[2026-05-13 14:43:57.692][DBG][Px19672][Tx56234][PipelineTask.cpp][L362][MaaNS::TaskNS::PipelineTask::prepare_batch_ocr] batch OCR not needed, eligible OCR nodes < 2 [ctx.plan.entries.size()=0] 
[2026-05-13 14:43:57.692][DBG][Px19672][Tx56234][TaskBase.cpp][L61][MaaNS::TaskNS::TaskBase::run_recognition] [cur_node_=Startup] [data.name=Startup] | enter 
[2026-05-13 14:43:57.692][INF][Px19672][Tx56234][Utils/EventDispatcher.hpp][L65][MaaNS::EventDispatcher::notify] !!!OnEventNotify!!! [handle=true] [msg=Node.Recognition.Starting] [details={"focus":null,"name":"Startup","reco_id":400000001,"task_id":200000001}] 
[2026-05-13 14:43:57.692][DBG][Px19672][Tx56234][Recognizer.cpp][L136][MaaNS::TaskNS::Recognizer::direct_hit] Startup 
[2026-05-13 14:43:57.716][INF][Px19672][Tx56234][Recognizer.cpp][L103][MaaNS::TaskNS::Recognizer::recognize] reco [result={"algorithm":"DirectHit","box":[0,0,1280,720],"detail":null,"name":"Startup","reco_id":400000001}] 
[2026-05-13 14:43:57.716][INF][Px19672][Tx56234][Utils/EventDispatcher.hpp][L65][MaaNS::EventDispatcher::notify] !!!OnEventNotify!!! [handle=true] [msg=Node.Recognition.Succeeded] [details={"focus":null,"name":"Startup","reco_details":{"algorithm":"DirectHit","box":[0,0,1280,720],"detail":null,"name":"Startup","reco_id":400000001},"reco_id":400000001,"task_id":200000001}] 
[2026-05-13 14:43:57.716][TRC][Px19672][Tx56234][TaskBase.cpp][L61][MaaNS::TaskNS::TaskBase::run_recognition] | leave, 24ms 
[2026-05-13 14:43:57.716][INF][Px19672][Tx56234][PipelineTask.cpp][L311][MaaNS::TaskNS::PipelineTask::recognize_list] reco hit [result.name=Startup] [result.box=[0,0,1280,720]] 
[2026-05-13 14:43:57.716][INF][Px19672][Tx56234][Utils/EventDispatcher.hpp][L65][MaaNS::EventDispatcher::notify] !!!OnEventNotify!!! [handle=true] [msg=Node.NextList.Succeeded] [details={"focus":null,"list":[{"anchor":false,"jump_back":false,"name":"Startup"}],"name":"Startup","task_id":200000001}] 
[2026-05-13 14:43:57.716][TRC][Px19672][Tx56234][PipelineTask.cpp][L250][MaaNS::TaskNS::PipelineTask::recognize_list] | leave, 24ms 
[2026-05-13 14:43:57.716][DBG][Px19672][Tx56234][TaskBase.cpp][L215][MaaNS::TaskNS::TaskBase::sleep] 200ms 
[2026-05-13 14:43:57.922][INF][Px19672][Tx56234][Utils/EventDispatcher.hpp][L65][MaaNS::EventDispatcher::notify] !!!OnEventNotify!!! [handle=true] [msg=Node.Action.Starting] [details={"action_id":500000001,"focus":null,"name":"Startup","task_id":200000001}] 
[2026-05-13 14:43:57.922][TRC][Px19672][Tx56234][Actuator.cpp][L27][MaaNS::TaskNS::Actuator::run] [pipeline_data.name=Startup] 
[2026-05-13 14:43:58.000][INF][Px19672][Tx63636][LegacyEventInput.cpp][L53][MaaNS::CtrlUnitNs::LegacyEventInput::touch_down] [contact=0] [x=100] [y=100] [pressure=1] [point.x=740] [point.y=435] [hwnd_=true] 
[2026-05-13 14:43:58.109][INF][Px19672][Tx63636][LegacyEventInput.cpp][L106][MaaNS::CtrlUnitNs::LegacyEventInput::touch_up] [contact=0] [hwnd_=true] 
[2026-05-13 14:43:58.109][INF][Px19672][Tx56234][TaskBase.cpp][L137][MaaNS::TaskNS::TaskBase::run_action] action [i=0] [data.repeat=1] [result={"action":"Click","action_id":500000001,"box":[0,0,1280,720],"detail":{"contact":0,"point":[100,100],"pressure":1},"name":"Startup","success":true}] 
[2026-05-13 14:43:58.109][INF][Px19672][Tx56234][Utils/EventDispatcher.hpp][L65][MaaNS::EventDispatcher::notify] !!!OnEventNotify!!! [handle=true] [msg=Node.Action.Succeeded] [details={"action_details":{"action":"Click","action_id":500000001,"box":[0,0,1280,720],"detail":{"contact":0,"point":[100,100],"pressure":1},"name":"Startup","success":true},"action_id":500000001,"focus":null,"name":"Startup","task_id":200000001}] 
[2026-05-13 14:43:58.109][DBG][Px19672][Tx56234][TaskBase.cpp][L215][MaaNS::TaskNS::TaskBase::sleep] 200ms 
[2026-05-13 14:43:58.310][INF][Px19672][Tx56234][PipelineTask.cpp][L224][MaaNS::TaskNS::PipelineTask::run_next] PipelineTask node done [result={"action_id":500000001,"completed":true,"name":"Startup","node_id":300000001,"reco_id":400000001}] [task_id_=200000001] 
[2026-05-13 14:43:58.310][INF][Px19672][Tx56234][Utils/EventDispatcher.hpp][L65][MaaNS::EventDispatcher::notify] !!!OnEventNotify!!! [handle=true] [msg=Node.PipelineNode.Succeeded] [details={"action_details":{"action":"Click","action_id":500000001,"box":[0,0,1280,720],"detail":{"contact":0,"point":[100,100],"pressure":1},"name":"Startup","success":true},"focus":null,"name":"Startup","node_details":{"action_id":500000001,"completed":true,"name":"Startup","node_id":300000001,"reco_id":400000001},"node_id":300000001,"reco_details":{"algorithm":"DirectHit","box":[0,0,1280,720],"detail":null,"name":"Startup","reco_id":400000001},"task_id":200000001}] 
[2026-05-13 14:43:58.310][INF][Px19672][Tx56234][Utils/EventDispatcher.hpp][L65][MaaNS::EventDispatcher::notify] !!!OnEventNotify!!! [handle=true] [msg=Node.PipelineNode.Starting] [details={"focus":null,"name":"Startup","node_id":300000002,"task_id":200000001}] 
[2026-05-13 14:43:58.320][DBG][Px19672][Tx56234][PipelineTask.cpp][L250][MaaNS::TaskNS::PipelineTask::recognize_list] [cur_node_=Startup] [list=[{"anchor":false,"jump_back":false,"name":"PressEsc"}]] | enter 
[2026-05-13 14:43:58.320][INF][Px19672][Tx56234][Utils/EventDispatcher.hpp][L65][MaaNS::EventDispatcher::notify] !!!OnEventNotify!!! [handle=true] [msg=Node.NextList.Starting] [details={"focus":null,"list":[{"anchor":false,"jump_back":false,"name":"PressEsc"}],"name":"Startup","task_id":200000001}] 
[2026-05-13 14:43:58.320][DBG][Px19672][Tx56234][PipelineTask.cpp][L362][MaaNS::TaskNS::PipelineTask::prepare_batch_ocr] batch OCR not needed, eligible OCR nodes < 2 [ctx.plan.entries.size()=0] 
[2026-05-13 14:43:58.320][DBG][Px19672][Tx56234][TaskBase.cpp][L61][MaaNS::TaskNS::TaskBase::run_recognition] [cur_node_=Startup] [data.name=PressEsc] | enter 
[2026-05-13 14:43:58.320][INF][Px19672][Tx56234][Utils/EventDispatcher.hpp][L65][MaaNS::EventDispatcher::notify] !!!OnEventNotify!!! [handle=true] [msg=Node.Recognition.Starting] [details={"focus":null,"name":"PressEsc","reco_id":400000002,"task_id":200000001}] 
[2026-05-13 14:43:58.320][DBG][Px19672][Tx56234][Recognizer.cpp][L136][MaaNS::TaskNS::Recognizer::direct_hit] PressEsc 
[2026-05-13 14:43:58.343][INF][Px19672][Tx56234][Recognizer.cpp][L103][MaaNS::TaskNS::Recognizer::recognize] reco [result={"algorithm":"DirectHit","box":[0,0,1280,720],"detail":null,"name":"PressEsc","reco_id":400000002}] 
[2026-05-13 14:43:58.343][INF][Px19672][Tx56234][Utils/EventDispatcher.hpp][L65][MaaNS::EventDispatcher::notify] !!!OnEventNotify!!! [handle=true] [msg=Node.Recognition.Succeeded] [details={"focus":null,"name":"PressEsc","reco_details":{"algorithm":"DirectHit","box":[0,0,1280,720],"detail":null,"name":"PressEsc","reco_id":400000002},"reco_id":400000002,"task_id":200000001}] 
[2026-05-13 14:43:58.343][TRC][Px19672][Tx56234][TaskBase.cpp][L61][MaaNS::TaskNS::TaskBase::run_recognition] | leave, 23ms 
[2026-05-13 14:43:58.343][INF][Px19672][Tx56234][PipelineTask.cpp][L311][MaaNS::TaskNS::PipelineTask::recognize_list] reco hit [result.name=PressEsc] [result.box=[0,0,1280,720]] 
[2026-05-13 14:43:58.343][INF][Px19672][Tx56234][Utils/EventDispatcher.hpp][L65][MaaNS::EventDispatcher::notify] !!!OnEventNotify!!! [handle=true] [msg=Node.NextList.Succeeded] [details={"focus":null,"list":[{"anchor":false,"jump_back":false,"name":"PressEsc"}],"name":"Startup","task_id":200000001}] 
[2026-05-13 14:43:58.343][TRC][Px19672][Tx56234][PipelineTask.cpp][L250][MaaNS::TaskNS::PipelineTask::recognize_list] | leave, 23ms 
[2026-05-13 14:43:58.343][DBG][Px19672][Tx56234][TaskBase.cpp][L215][MaaNS::TaskNS::TaskBase::sleep] 200ms 
[2026-05-13 14:43:58.558][INF][Px19672][Tx56234][Utils/EventDispatcher.hpp][L65][MaaNS::EventDispatcher::notify] !!!OnEventNotify!!! [handle=true] [msg=Node.Action.Starting] [details={"action_id":500000002,"focus":null,"name":"PressEsc","task_id":200000001}] 
[2026-05-13 14:43:58.558][TRC][Px19672][Tx56234][Actuator.cpp][L27][MaaNS::TaskNS::Actuator::run] [pipeline_data.name=PressEsc] 
[2026-05-13 14:43:58.558][INF][Px19672][Tx63636][LegacyEventInput.cpp][L160][MaaNS::CtrlUnitNs::LegacyEventInput::key_down] [key=27] [hwnd_=true] 
[2026-05-13 14:43:58.620][INF][Px19672][Tx63636][LegacyEventInput.cpp][L174][MaaNS::CtrlUnitNs::LegacyEventInput::key_up] [key=27] [hwnd_=true] 
[2026-05-13 14:43:58.620][INF][Px19672][Tx56234][TaskBase.cpp][L137][MaaNS::TaskNS::TaskBase::run_action] action [i=0] [data.repeat=1] [result={"action":"ClickKey","action_id":500000002,"box":[0,0,0,0],"detail":{"keycode":[27]},"name":"PressEsc","success":true}] 
[2026-05-13 14:43:58.620][INF][Px19672][Tx56234][Utils/EventDispatcher.hpp][L65][MaaNS::EventDispatcher::notify] !!!OnEventNotify!!! [handle=true] [msg=Node.Action.Succeeded] [details={"action_details":{"action":"ClickKey","action_id":500000002,"box":[0,0,0,0],"detail":{"keycode":[27]},"name":"PressEsc","success":true},"action_id":500000002,"focus":null,"name":"PressEsc","task_id":200000001}] 
[2026-05-13 14:43:58.620][DBG][Px19672][Tx56234][TaskBase.cpp][L215][MaaNS::TaskNS::TaskBase::sleep] 200ms 
[2026-05-13 14:43:58.821][INF][Px19672][Tx56234][PipelineTask.cpp][L224][MaaNS::TaskNS::PipelineTask::run_next] PipelineTask node done [result={"action_id":500000002,"completed":true,"name":"PressEsc","node_id":300000002,"reco_id":400000002}] [task_id_=200000001] 
[2026-05-13 14:43:58.821][INF][Px19672][Tx56234][Utils/EventDispatcher.hpp][L65][MaaNS::EventDispatcher::notify] !!!OnEventNotify!!! [handle=true] [msg=Node.PipelineNode.Succeeded] [details={"action_details":{"action":"ClickKey","action_id":500000002,"box":[0,0,0,0],"detail":{"keycode":[27]},"name":"PressEsc","success":true},"focus":null,"name":"Startup","node_details":{"action_id":500000002,"completed":true,"name":"PressEsc","node_id":300000002,"reco_id":400000002},"node_id":300000002,"reco_details":{"algorithm":"DirectHit","box":[0,0,1280,720],"detail":null,"name":"PressEsc","reco_id":400000002},"task_id":200000001}] 
[2026-05-13 14:43:58.821][TRC][Px19672][Tx56234][PipelineTask.cpp][L26][MaaNS::TaskNS::PipelineTask::run] | leave, 1142ms 
[2026-05-13 14:43:58.821][INF][Px19672][Tx56234][Tasker.cpp][L355][MaaNS::Tasker::run_task] task end: [cb_detail={"entry":"Startup","hash":"10740f7b8dd6c696","task_id":200000001,"uuid":"000000000059009E"}] [ret=true] 
[2026-05-13 14:43:58.821][INF][Px19672][Tx56234][Utils/EventDispatcher.hpp][L65][MaaNS::EventDispatcher::notify] !!!OnEventNotify!!! [handle=true] [msg=Tasker.Task.Succeeded] [details={"entry":"Startup","hash":"10740f7b8dd6c696","task_id":200000001,"uuid":"000000000059009E"}] 
[2026-05-13 14:43:58.822][DBG][Px19672][Tx63636][Win32ControlUnitMgr.cpp][L464][MaaNS::CtrlUnitNs::Win32ControlUnitMgr::inactive] | enter 
[2026-05-13 14:43:58.822][DBG][Px19672][Tx63636][LegacyEventInput.cpp][L224][MaaNS::CtrlUnitNs::LegacyEventInput::inactive] | enter 
[2026-05-13 14:43:58.851][TRC][Px19672][Tx63636][LegacyEventInput.cpp][L224][MaaNS::CtrlUnitNs::LegacyEventInput::inactive] | leave, 29ms 
[2026-05-13 14:43:58.851][TRC][Px19672][Tx63636][Win32ControlUnitMgr.cpp][L464][MaaNS::CtrlUnitNs::Win32ControlUnitMgr::inactive] | leave, 29ms 
[2026-05-13 14:43:58.851][TRC][Px19672][Tx56234][Tasker.cpp][L323][MaaNS::Tasker::run_task] | leave, 1172ms 
[2026-05-13 14:43:58.852][DBG][Px19672][Tx62405][MaaFramework.cpp][L307][MaaResourceDestroy] [res=true] | enter 
[2026-05-13 14:43:58.852][DBG][Px19672][Tx62405][ResourceMgr.cpp][L33][MaaNS::ResourceNS::ResourceMgr::~ResourceMgr] | enter 
[2026-05-13 14:43:58.852][TRC][Px19672][Tx62405][ResourceMgr.cpp][L33][MaaNS::ResourceNS::ResourceMgr::~ResourceMgr] | leave, 0ms 
[2026-05-13 14:43:58.852][DBG][Px19672][Tx62405][Base/AsyncRunner.hpp][L88][MaaNS::AsyncRunner<struct MaaNS::ResourceNS::PostPathItem>::~AsyncRunner] | enter 
[2026-05-13 14:43:58.852][DBG][Px19672][Tx62405][Base/AsyncRunner.hpp][L96][MaaNS::AsyncRunner<struct MaaNS::ResourceNS::PostPathItem>::release] | enter 
[2026-05-13 14:43:58.852][TRC][Px19672][Tx62405][Base/AsyncRunner.hpp][L96][MaaNS::AsyncRunner<struct MaaNS::ResourceNS::PostPathItem>::release] | leave, 0ms 
[2026-05-13 14:43:58.852][TRC][Px19672][Tx62405][Base/AsyncRunner.hpp][L88][MaaNS::AsyncRunner<struct MaaNS::ResourceNS::PostPathItem>::~AsyncRunner] | leave, 0ms 
[2026-05-13 14:43:58.868][TRC][Px19672][Tx62405][MaaFramework.cpp][L307][MaaResourceDestroy] | leave, 16ms 
[2026-05-13 14:43:58.868][DBG][Px19672][Tx62405][MaaFramework.cpp][L288][MaaControllerDestroy] [ctrl=true] | enter 
[2026-05-13 14:43:58.869][DBG][Px19672][Tx62405][ControllerAgent.cpp][L30][MaaNS::ControllerNS::ControllerAgent::~ControllerAgent] | enter 
[2026-05-13 14:43:58.869][TRC][Px19672][Tx62405][ControllerAgent.cpp][L30][MaaNS::ControllerNS::ControllerAgent::~ControllerAgent] | leave, 0ms 
[2026-05-13 14:43:58.869][DBG][Px19672][Tx62405][Base/AsyncRunner.hpp][L88][MaaNS::AsyncRunner<struct MaaNS::ControllerNS::Action>::~AsyncRunner] | enter 
[2026-05-13 14:43:58.869][DBG][Px19672][Tx62405][Base/AsyncRunner.hpp][L96][MaaNS::AsyncRunner<struct MaaNS::ControllerNS::Action>::release] | enter 
[2026-05-13 14:43:58.869][TRC][Px19672][Tx62405][Base/AsyncRunner.hpp][L96][MaaNS::AsyncRunner<struct MaaNS::ControllerNS::Action>::release] | leave, 0ms 
[2026-05-13 14:43:58.869][TRC][Px19672][Tx62405][Base/AsyncRunner.hpp][L88][MaaNS::AsyncRunner<struct MaaNS::ControllerNS::Action>::~AsyncRunner] | leave, 0ms 
[2026-05-13 14:43:58.869][DBG][Px19672][Tx62405][Win32ControlUnitAPI.cpp][L33][MaaWin32ControlUnitDestroy] [handle=true] | enter 
[2026-05-13 14:43:58.945][TRC][Px19672][Tx48350][PseudoMinimizeHelper.cpp][L89][MaaNS::CtrlUnitNs::PseudoMinimizeHelper::monitor_thread_func] | leave, 1633ms 
[2026-05-13 14:43:58.945][INF][Px19672][Tx62405][PseudoMinimizeHelper.cpp][L73][MaaNS::CtrlUnitNs::PseudoMinimizeHelper::stop] PseudoMinimizeHelper stopped [hwnd_=true] 
[2026-05-13 14:43:58.945][TRC][Px19672][Tx62405][Win32ControlUnitAPI.cpp][L33][MaaWin32ControlUnitDestroy] | leave, 76ms 
[2026-05-13 14:43:58.945][TRC][Px19672][Tx62405][MaaFramework.cpp][L288][MaaControllerDestroy] | leave, 77ms 
[2026-05-13 14:43:58.945][DBG][Px19672][Tx63202][MaaFramework.cpp][L326][MaaTaskerDestroy] [tasker=true] | enter 
[2026-05-13 14:43:58.946][DBG][Px19672][Tx63202][Tasker.cpp][L37][MaaNS::Tasker::~Tasker] | enter 
[2026-05-13 14:43:58.946][TRC][Px19672][Tx63202][Tasker.cpp][L37][MaaNS::Tasker::~Tasker] | leave, 0ms 
[2026-05-13 14:43:58.946][DBG][Px19672][Tx63202][Base/AsyncRunner.hpp][L88][MaaNS::AsyncRunner<class std::shared_ptr<class MaaNS::TaskNS::TaskBase> >::~AsyncRunner] | enter 
[2026-05-13 14:43:58.946][DBG][Px19672][Tx63202][Base/AsyncRunner.hpp][L96][MaaNS::AsyncRunner<class std::shared_ptr<class MaaNS::TaskNS::TaskBase> >::release] | enter 
[2026-05-13 14:43:58.946][TRC][Px19672][Tx63202][Base/AsyncRunner.hpp][L96][MaaNS::AsyncRunner<class std::shared_ptr<class MaaNS::TaskNS::TaskBase> >::release] | leave, 0ms 
[2026-05-13 14:43:58.946][TRC][Px19672][Tx63202][Base/AsyncRunner.hpp][L88][MaaNS::AsyncRunner<class std::shared_ptr<class MaaNS::TaskNS::TaskBase> >::~AsyncRunner] | leave, 0ms 
[2026-05-13 14:43:58.946][TRC][Px19672][Tx63202][MaaFramework.cpp][L326][MaaTaskerDestroy] | leave, 0ms 
[2026-05-13 14:43:58.949][DBG][Px19672][Tx63202][Logger] ----------------------------- 
[2026-05-13 14:43:58.949][DBG][Px19672][Tx63202][Logger] Close log 
[2026-05-13 14:43:58.949][DBG][Px19672][Tx63202][Logger] ----------------------------- 
[2026-05-13 14:45:29.932][DBG][Px6092][Tx63202][Logger] ----------------------------- 
[2026-05-13 14:45:29.932][DBG][Px6092][Tx63202][Logger] MAA Process Start 
[2026-05-13 14:45:29.932][DBG][Px6092][Tx63202][Logger] Version v5.10.4 
[2026-05-13 14:45:29.932][DBG][Px6092][Tx63202][Logger] Built at May  3 2026 04:23:41 
[2026-05-13 14:45:29.932][DBG][Px6092][Tx63202][Logger] Windows x64 
[2026-05-13 14:45:29.932][DBG][Px6092][Tx63202][Logger] Working E:/subject/one 
[2026-05-13 14:45:29.932][DBG][Px6092][Tx63202][Logger] Logging E:/subject/one/debug/maafw.log 
[2026-05-13 14:45:29.932][DBG][Px6092][Tx63202][Logger] ----------------------------- 
[2026-05-13 14:45:29.932][TRC][Px6092][Tx63202][OptionMgr.cpp][L35][MaaNS::GlobalNS::OptionMgr::set_log_dir] | leave, 0ms 
[2026-05-13 14:45:29.932][TRC][Px6092][Tx63202][OptionMgr.cpp][L10][MaaNS::GlobalNS::OptionMgr::set_option] | leave, 0ms 
[2026-05-13 14:45:29.932][TRC][Px6092][Tx63202][MaaFramework.cpp][L338][MaaGlobalSetOption] | leave, 0ms 
[2026-05-13 14:45:29.932][DBG][Px6092][Tx63202][MaaFramework.cpp][L338][MaaGlobalSetOption] [key=2] [value=true] [val_size=1] | enter 
[2026-05-13 14:45:29.932][DBG][Px6092][Tx63202][OptionMgr.cpp][L10][MaaNS::GlobalNS::OptionMgr::set_option] [key=2] [value=true] [val_size=1] | enter 
[2026-05-13 14:45:29.932][DBG][Px6092][Tx63202][OptionMgr.cpp][L49][MaaNS::GlobalNS::OptionMgr::set_save_draw] | enter 
[2026-05-13 14:45:29.932][INF][Px6092][Tx63202][OptionMgr.cpp][L58][MaaNS::GlobalNS::OptionMgr::set_save_draw] Set save draw [save_draw_=false] 
[2026-05-13 14:45:29.932][TRC][Px6092][Tx63202][OptionMgr.cpp][L49][MaaNS::GlobalNS::OptionMgr::set_save_draw] | leave, 0ms 
[2026-05-13 14:45:29.932][TRC][Px6092][Tx63202][OptionMgr.cpp][L10][MaaNS::GlobalNS::OptionMgr::set_option] | leave, 0ms 
[2026-05-13 14:45:29.932][TRC][Px6092][Tx63202][MaaFramework.cpp][L338][MaaGlobalSetOption] | leave, 0ms 
[2026-05-13 14:45:29.932][DBG][Px6092][Tx63202][MaaFramework.cpp][L338][MaaGlobalSetOption] [key=7] [value=true] [val_size=1] | enter 
[2026-05-13 14:45:29.932][DBG][Px6092][Tx63202][OptionMgr.cpp][L10][MaaNS::GlobalNS::OptionMgr::set_option] [key=7] [value=true] [val_size=1] | enter 
[2026-05-13 14:45:29.932][DBG][Px6092][Tx63202][OptionMgr.cpp][L99][MaaNS::GlobalNS::OptionMgr::set_save_on_error] | enter 
[2026-05-13 14:45:29.932][INF][Px6092][Tx63202][OptionMgr.cpp][L108][MaaNS::GlobalNS::OptionMgr::set_save_on_error] Set save on error [save_on_error_=true] 
[2026-05-13 14:45:29.932][TRC][Px6092][Tx63202][OptionMgr.cpp][L99][MaaNS::GlobalNS::OptionMgr::set_save_on_error] | leave, 0ms 
[2026-05-13 14:45:29.932][TRC][Px6092][Tx63202][OptionMgr.cpp][L10][MaaNS::GlobalNS::OptionMgr::set_option] | leave, 0ms 
[2026-05-13 14:45:29.932][TRC][Px6092][Tx63202][MaaFramework.cpp][L338][MaaGlobalSetOption] | leave, 0ms 
[2026-05-13 14:45:29.932][DBG][Px6092][Tx63202][MaaFramework.cpp][L338][MaaGlobalSetOption] [key=4] [value=true] [val_size=4] | enter 
[2026-05-13 14:45:29.932][DBG][Px6092][Tx63202][OptionMgr.cpp][L10][MaaNS::GlobalNS::OptionMgr::set_option] [key=4] [value=true] [val_size=4] | enter 
[2026-05-13 14:45:29.932][DBG][Px6092][Tx63202][OptionMgr.cpp][L65][MaaNS::GlobalNS::OptionMgr::set_stdout_level] | enter 
[2026-05-13 14:45:29.932][INF][Px6092][Tx63202][OptionMgr.cpp][L74][MaaNS::GlobalNS::OptionMgr::set_stdout_level] Set log stdout level [level=2] 
[2026-05-13 14:45:29.932][TRC][Px6092][Tx63202][OptionMgr.cpp][L65][MaaNS::GlobalNS::OptionMgr::set_stdout_level] | leave, 0ms 
[2026-05-13 14:45:29.932][TRC][Px6092][Tx63202][OptionMgr.cpp][L10][MaaNS::GlobalNS::OptionMgr::set_option] | leave, 0ms 
[2026-05-13 14:45:29.932][TRC][Px6092][Tx63202][MaaFramework.cpp][L338][MaaGlobalSetOption] | leave, 0ms 
[2026-05-13 14:45:29.932][DBG][Px6092][Tx63202][MaaFramework.cpp][L338][MaaGlobalSetOption] [key=8] [value=true] [val_size=4] | enter 
[2026-05-13 14:45:29.932][DBG][Px6092][Tx63202][OptionMgr.cpp][L10][MaaNS::GlobalNS::OptionMgr::set_option] [key=8] [value=true] [val_size=4] | enter 
[2026-05-13 14:45:29.932][DBG][Px6092][Tx63202][OptionMgr.cpp][L115][MaaNS::GlobalNS::OptionMgr::set_draw_quality] | enter 
[2026-05-13 14:45:29.932][INF][Px6092][Tx63202][OptionMgr.cpp][L130][MaaNS::GlobalNS::OptionMgr::set_draw_quality] Set draw quality [draw_quality_=85] 
[2026-05-13 14:45:29.932][TRC][Px6092][Tx63202][OptionMgr.cpp][L115][MaaNS::GlobalNS::OptionMgr::set_draw_quality] | leave, 0ms 
[2026-05-13 14:45:29.932][TRC][Px6092][Tx63202][OptionMgr.cpp][L10][MaaNS::GlobalNS::OptionMgr::set_option] | leave, 0ms 
[2026-05-13 14:45:29.932][TRC][Px6092][Tx63202][MaaFramework.cpp][L338][MaaGlobalSetOption] | leave, 0ms 
[2026-05-13 14:45:29.932][DBG][Px6092][Tx63202][GlobalOptionConfig.cpp][L83][MaaNS::ToolkitNS::GlobalOptionConfig::apply_option] [bret=true] 
[2026-05-13 14:45:29.932][TRC][Px6092][Tx63202][GlobalOptionConfig.cpp][L67][MaaNS::ToolkitNS::GlobalOptionConfig::apply_option] | leave, 0ms 
[2026-05-13 14:45:29.932][TRC][Px6092][Tx63202][GlobalOptionConfig.cpp][L17][MaaNS::ToolkitNS::GlobalOptionConfig::init] | leave, 0ms 
[2026-05-13 14:45:29.932][DBG][Px6092][Tx63202][DesktopWindowWin32Finder.cpp][L13][MaaNS::ToolkitNS::DesktopWindowWin32Finder::find_all] | enter 
[2026-05-13 14:45:29.932][TRC][Px6092][Tx63202][DesktopWindowWin32Finder.cpp][L13][MaaNS::ToolkitNS::DesktopWindowWin32Finder::find_all] | leave, 0ms 
[2026-05-13 14:45:29.932][DBG][Px6092][Tx63202][MaaFramework.cpp][L319][MaaTaskerCreate] | enter 
[2026-05-13 14:45:29.932][DBG][Px6092][Tx63202][Tasker.cpp][L20][MaaNS::Tasker::Tasker] | enter 
[2026-05-13 14:45:29.932][INF][Px6092][Tx63202][Tasker.cpp][L23][MaaNS::Tasker::Tasker] [plugin_mgr.get_names()=["E:/subject/one/MaaFramework/bin/plugins/MaaPluginDemo.dll"]] 
[2026-05-13 14:45:29.932][INF][Px6092][Tx63202][Utils/EventDispatcher.hpp][L37][MaaNS::EventDispatcher::add_sink] [callback=true] [trans_arg=true] 
[2026-05-13 14:45:29.932][TRC][Px6092][Tx63202][Tasker.cpp][L20][MaaNS::Tasker::Tasker] | leave, 0ms 
[2026-05-13 14:45:29.932][TRC][Px6092][Tx63202][MaaFramework.cpp][L319][MaaTaskerCreate] | leave, 0ms 
[2026-05-13 14:45:29.932][DBG][Px6092][Tx63202][MaaFramework.cpp][L54][MaaWin32ControllerCreate] [hWnd=true] [screencap_method=16] [mouse_method=1] [keyboard_method=1] | enter 
[2026-05-13 14:45:29.932][DBG][Px6092][Tx63202][MaaUtils/LibraryHolder.h][L49][MaaNS::LibraryHolder<class MaaNS::Win32ControlUnitLibraryHolder>::load_library] [libname=E:/subject/one/MaaFramework/bin/MaaWin32ControlUnit] | enter 
[2026-05-13 14:45:29.932][INF][Px6092][Tx63202][MaaUtils/LibraryHolder.h][L65][MaaNS::LibraryHolder<class MaaNS::Win32ControlUnitLibraryHolder>::load_library] Loading library [libname=E:/subject/one/MaaFramework/bin/MaaWin32ControlUnit] 
[2026-05-13 14:45:29.934][TRC][Px6092][Tx63202][MaaUtils/LibraryHolder.h][L49][MaaNS::LibraryHolder<class MaaNS::Win32ControlUnitLibraryHolder>::load_library] | leave, 1ms 
[2026-05-13 14:45:29.934][DBG][Px6092][Tx63202][MaaUtils/LibraryHolder.h][L113][MaaNS::LibraryHolder<class MaaNS::Win32ControlUnitLibraryHolder>::get_function] [func_name=MaaWin32ControlUnitGetVersion] | enter 
[2026-05-13 14:45:29.934][TRC][Px6092][Tx63202][MaaUtils/LibraryHolder.h][L113][MaaNS::LibraryHolder<class MaaNS::Win32ControlUnitLibraryHolder>::get_function] | leave, 0ms 
[2026-05-13 14:45:29.934][INF][Px6092][Tx63202][ControlUnit.cpp][L30][MaaNS::check_version] class MaaNS::Win32ControlUnitLibraryHolder Library version: v5.10.4 
[2026-05-13 14:45:29.934][DBG][Px6092][Tx63202][MaaUtils/LibraryHolder.h][L113][MaaNS::LibraryHolder<class MaaNS::Win32ControlUnitLibraryHolder>::get_function] [func_name=MaaWin32ControlUnitCreate] | enter 
[2026-05-13 14:45:29.934][TRC][Px6092][Tx63202][MaaUtils/LibraryHolder.h][L113][MaaNS::LibraryHolder<class MaaNS::Win32ControlUnitLibraryHolder>::get_function] | leave, 0ms 
[2026-05-13 14:45:29.934][DBG][Px6092][Tx63202][MaaUtils/LibraryHolder.h][L113][MaaNS::LibraryHolder<class MaaNS::Win32ControlUnitLibraryHolder>::get_function] [func_name=MaaWin32ControlUnitDestroy] | enter 
[2026-05-13 14:45:29.934][TRC][Px6092][Tx63202][MaaUtils/LibraryHolder.h][L113][MaaNS::LibraryHolder<class MaaNS::Win32ControlUnitLibraryHolder>::get_function] | leave, 0ms 
[2026-05-13 14:45:29.934][DBG][Px6092][Tx63202][Win32ControlUnitAPI.cpp][L23][MaaWin32ControlUnitCreate] [hWnd=true] [screencap_method=16] [mouse_method=1] [keyboard_method=1] | enter 
[2026-05-13 14:45:29.934][TRC][Px6092][Tx63202][Win32ControlUnitAPI.cpp][L23][MaaWin32ControlUnitCreate] | leave, 0ms 
[2026-05-13 14:45:29.934][DBG][Px6092][Tx63202][ControllerAgent.cpp][L15][MaaNS::ControllerNS::ControllerAgent::ControllerAgent] [control_unit_=00000280196511A0] | enter 
[2026-05-13 14:45:29.934][INF][Px6092][Tx63202][ControllerAgent.cpp][L18][MaaNS::ControllerNS::ControllerAgent::ControllerAgent] [plugin_mgr.get_names()=["E:/subject/one/MaaFramework/bin/plugins/MaaPluginDemo.dll"]] 
[2026-05-13 14:45:29.934][INF][Px6092][Tx63202][Utils/EventDispatcher.hpp][L37][MaaNS::EventDispatcher::add_sink] [callback=true] [trans_arg=true] 
[2026-05-13 14:45:29.934][TRC][Px6092][Tx63202][ControllerAgent.cpp][L15][MaaNS::ControllerNS::ControllerAgent::ControllerAgent] | leave, 0ms 
[2026-05-13 14:45:29.934][TRC][Px6092][Tx63202][MaaFramework.cpp][L54][MaaWin32ControllerCreate] | leave, 1ms 
[2026-05-13 14:45:29.934][DBG][Px6092][Tx63202][MaaController.cpp][L59][MaaControllerPostConnection] [ctrl=true] | enter 
[2026-05-13 14:45:29.934][TRC][Px6092][Tx63202][MaaController.cpp][L59][MaaControllerPostConnection] | leave, 0ms 
[2026-05-13 14:45:29.934][INF][Px6092][Tx37640][Win32ControlUnitMgr.cpp][L48][MaaNS::CtrlUnitNs::Win32ControlUnitMgr::connect] SetThreadDpiAwarenessContext to PER_MONITOR_AWARE_V2 success [prev_ctx=true] 
[2026-05-13 14:45:29.934][INF][Px6092][Tx37640][PseudoMinimizeHelper.cpp][L49][MaaNS::CtrlUnitNs::PseudoMinimizeHelper::start] PseudoMinimizeHelper started [hwnd_=true] 
[2026-05-13 14:45:29.934][DBG][Px6092][Tx37640][Win32ControlUnitMgr.cpp][L171][MaaNS::CtrlUnitNs::Win32ControlUnitMgr::speed_test] | enter 
[2026-05-13 14:45:29.934][INF][Px6092][Tx37640][Win32ControlUnitMgr.cpp][L186][MaaNS::CtrlUnitNs::Win32ControlUnitMgr::speed_test] Warming up PrintWindow 
[2026-05-13 14:45:29.934][DBG][Px6092][Tx36448][PseudoMinimizeHelper.cpp][L89][MaaNS::CtrlUnitNs::PseudoMinimizeHelper::monitor_thread_func] | enter 
[2026-05-13 14:45:29.946][INF][Px6092][Tx37640][Win32ControlUnitMgr.cpp][L191][MaaNS::CtrlUnitNs::Win32ControlUnitMgr::speed_test] Testing PrintWindow 
[2026-05-13 14:45:29.955][INF][Px6092][Tx37640][Win32ControlUnitMgr.cpp][L182][MaaNS::CtrlUnitNs::Win32ControlUnitMgr::speed_test::<lambda_1>::operator ()] [method=PrintWindow] [duration=8ms] 
[2026-05-13 14:45:29.955][INF][Px6092][Tx37640][Win32ControlUnitMgr.cpp][L205][MaaNS::CtrlUnitNs::Win32ControlUnitMgr::speed_test] The fastest method is PrintWindow [cost=8ms] 
[2026-05-13 14:45:29.955][TRC][Px6092][Tx37640][Win32ControlUnitMgr.cpp][L171][MaaNS::CtrlUnitNs::Win32ControlUnitMgr::speed_test] | leave, 20ms 
[2026-05-13 14:45:29.955][DBG][Px6092][Tx63202][MaaTasker.cpp][L106][MaaTaskerBindController] [tasker=true] [ctrl=true] | enter 
[2026-05-13 14:45:29.955][INF][Px6092][Tx63202][Tasker.cpp][L59][MaaNS::Tasker::bind_controller] [this=true] [controller=true] [derived=true] [controller_=false] 
[2026-05-13 14:45:29.955][TRC][Px6092][Tx63202][MaaTasker.cpp][L106][MaaTaskerBindController] | leave, 0ms 
[2026-05-13 14:45:29.955][DBG][Px6092][Tx63202][MaaFramework.cpp][L300][MaaResourceCreate] | enter 
[2026-05-13 14:45:29.955][DBG][Px6092][Tx63202][OCRResMgr.cpp][L15][MaaNS::ResourceNS::OCRResMgr::OCRResMgr] | enter 
[2026-05-13 14:45:29.955][TRC][Px6092][Tx63202][OCRResMgr.cpp][L15][MaaNS::ResourceNS::OCRResMgr::OCRResMgr] | leave, 0ms 
[2026-05-13 14:45:29.967][DBG][Px6092][Tx63202][ResourceMgr.cpp][L18][MaaNS::ResourceNS::ResourceMgr::ResourceMgr] | enter 
[2026-05-13 14:45:29.967][INF][Px6092][Tx63202][ResourceMgr.cpp][L21][MaaNS::ResourceNS::ResourceMgr::ResourceMgr] [plugin_mgr.get_names()=["E:/subject/one/MaaFramework/bin/plugins/MaaPluginDemo.dll"]] 
[2026-05-13 14:45:29.967][INF][Px6092][Tx63202][Utils/EventDispatcher.hpp][L37][MaaNS::EventDispatcher::add_sink] [callback=true] [trans_arg=true] 
[2026-05-13 14:45:29.967][TRC][Px6092][Tx63202][ResourceMgr.cpp][L18][MaaNS::ResourceNS::ResourceMgr::ResourceMgr] | leave, 0ms 
[2026-05-13 14:45:29.967][TRC][Px6092][Tx63202][MaaFramework.cpp][L300][MaaResourceCreate] | leave, 11ms 
[2026-05-13 14:45:29.967][DBG][Px6092][Tx63202][MaaResource.cpp][L158][MaaResourcePostPipeline] [res=true] [path=E:\subject\one\resource\pipeline] | enter 
[2026-05-13 14:45:29.967][INF][Px6092][Tx63202][ResourceMgr.cpp][L75][MaaNS::ResourceNS::ResourceMgr::post_path] [static_cast<int>(type)=2] [path=E:/subject/one/resource/pipeline] 
[2026-05-13 14:45:29.967][TRC][Px6092][Tx63202][MaaResource.cpp][L158][MaaResourcePostPipeline] | leave, 0ms 
[2026-05-13 14:45:29.967][DBG][Px6092][Tx42626][ResourceMgr.cpp][L595][MaaNS::ResourceNS::ResourceMgr::run_load] [id=100000001] [static_cast<int>(item.type)=2] [item.path=E:/subject/one/resource/pipeline] | enter 
[2026-05-13 14:45:29.967][INF][Px6092][Tx42626][Utils/EventDispatcher.hpp][L65][MaaNS::EventDispatcher::notify] !!!OnEventNotify!!! [handle=true] [msg=Resource.Loading.Starting] [details={"hash":"","path":"E:/subject/one/resource/pipeline","res_id":100000001,"type":"Pipeline"}] 
[2026-05-13 14:45:29.967][INF][Px6092][Tx42626][ResourceMgr.cpp][L372][MaaNS::ResourceNS::ResourceMgr::available_providers] [all_providers_vec=["DmlExecutionProvider","CPUExecutionProvider"]] 
[2026-05-13 14:45:29.967][INF][Px6092][Tx42626][ResourceMgr.cpp][L400][MaaNS::ResourceNS::ResourceMgr::available_providers] [s_provider_cache=[2,1]] 
[2026-05-13 14:45:29.967][TRC][Px6092][Tx42626][GpuOptionWin32.cpp][L137][MaaNS::perfer_gpu] 
[2026-05-13 14:45:29.969][INF][Px6092][Tx42626][GpuOptionWin32.cpp][L188][MaaNS::perfer_gpu] [adapter_index=0] [adapter_desc=NVIDIA GeForce RTX 4070 Ti] 
[2026-05-13 14:45:30.043][TRC][Px6092][Tx42626][GpuOptionWin32.cpp][L21][MaaNS::adapter_instance_path] 
[2026-05-13 14:45:30.043][DBG][Px6092][Tx42626][GpuOptionWin32.cpp][L48][MaaNS::adapter_instance_path] [result=PCI\VEN_10DE&DEV_2782&SUBSYS_E1301462&REV_A1\4&1bcd7285&0&0008] 
[2026-05-13 14:45:30.043][TRC][Px6092][Tx42626][GpuOptionWin32.cpp][L54][MaaNS::gpu_driver_date] 
[2026-05-13 14:45:30.043][DBG][Px6092][Tx42626][GpuOptionWin32.cpp][L83][MaaNS::gpu_driver_date] [system_time.wYear=2024] [system_time.wMonth=8] [system_time.wDay=14] 
[2026-05-13 14:45:30.043][TRC][Px6092][Tx42626][GpuOptionWin32.cpp][L89][MaaNS::is_indirect_display_adapter] 
[2026-05-13 14:45:30.043][DBG][Px6092][Tx42626][GpuOptionWin32.cpp][L114][MaaNS::is_indirect_display_adapter] RegQueryValueExW 1 failed [ret=2] [type=0] [size=0] 
[2026-05-13 14:45:30.043][INF][Px6092][Tx42626][GpuOptionWin32.cpp][L232][MaaNS::perfer_gpu] available gpu found [adapter_index=0] [adapter_desc=] [desc.DedicatedVideoMemory=12578717696] 
[2026-05-13 14:45:30.043][INF][Px6092][Tx42626][GpuOptionWin32.cpp][L188][MaaNS::perfer_gpu] [adapter_index=1] [adapter_desc=NVIDIA GeForce RTX 4070 Ti] 
[2026-05-13 14:45:30.093][TRC][Px6092][Tx42626][GpuOptionWin32.cpp][L21][MaaNS::adapter_instance_path] 
[2026-05-13 14:45:30.094][DBG][Px6092][Tx42626][GpuOptionWin32.cpp][L48][MaaNS::adapter_instance_path] [result=ROOT\DISPLAY\0002] 
[2026-05-13 14:45:30.094][TRC][Px6092][Tx42626][GpuOptionWin32.cpp][L54][MaaNS::gpu_driver_date] 
[2026-05-13 14:45:30.094][DBG][Px6092][Tx42626][GpuOptionWin32.cpp][L83][MaaNS::gpu_driver_date] [system_time.wYear=2021] [system_time.wMonth=8] [system_time.wDay=31] 
[2026-05-13 14:45:30.094][TRC][Px6092][Tx42626][GpuOptionWin32.cpp][L89][MaaNS::is_indirect_display_adapter] 
[2026-05-13 14:45:30.094][DBG][Px6092][Tx42626][GpuOptionWin32.cpp][L131][MaaNS::is_indirect_display_adapter] [value=IndirectKmd ] [sub_key=SYSTEM\CurrentControlSet\Enum\ROOT\DISPLAY\0002] [indirect=true] 
[2026-05-13 14:45:30.094][WRN][Px6092][Tx42626][GpuOptionWin32.cpp][L223][MaaNS::perfer_gpu] virtual adapters (streaming/RDP), skip [adapter_index=1] [adapter_desc=NVIDIA GeForce RTX 4070 Ti] [instance_path=ROOT\DISPLAY\0002] 
[2026-05-13 14:45:30.094][INF][Px6092][Tx42626][GpuOptionWin32.cpp][L188][MaaNS::perfer_gpu] [adapter_index=2] [adapter_desc=NVIDIA GeForce RTX 4070 Ti] 
[2026-05-13 14:45:30.139][TRC][Px6092][Tx42626][GpuOptionWin32.cpp][L21][MaaNS::adapter_instance_path] 
[2026-05-13 14:45:30.139][DBG][Px6092][Tx42626][GpuOptionWin32.cpp][L48][MaaNS::adapter_instance_path] [result=ROOT\DISPLAY\0001] 
[2026-05-13 14:45:30.139][TRC][Px6092][Tx42626][GpuOptionWin32.cpp][L54][MaaNS::gpu_driver_date] 
[2026-05-13 14:45:30.139][DBG][Px6092][Tx42626][GpuOptionWin32.cpp][L83][MaaNS::gpu_driver_date] [system_time.wYear=2026] [system_time.wMonth=2] [system_time.wDay=28] 
[2026-05-13 14:45:30.139][TRC][Px6092][Tx42626][GpuOptionWin32.cpp][L89][MaaNS::is_indirect_display_adapter] 
[2026-05-13 14:45:30.139][DBG][Px6092][Tx42626][GpuOptionWin32.cpp][L131][MaaNS::is_indirect_display_adapter] [value=IndirectKmd ] [sub_key=SYSTEM\CurrentControlSet\Enum\ROOT\DISPLAY\0001] [indirect=true] 
[2026-05-13 14:45:30.139][WRN][Px6092][Tx42626][GpuOptionWin32.cpp][L223][MaaNS::perfer_gpu] virtual adapters (streaming/RDP), skip [adapter_index=2] [adapter_desc=NVIDIA GeForce RTX 4070 Ti] [instance_path=ROOT\DISPLAY\0001] 
[2026-05-13 14:45:30.139][INF][Px6092][Tx42626][GpuOptionWin32.cpp][L188][MaaNS::perfer_gpu] [adapter_index=3] [adapter_desc=NVIDIA GeForce RTX 4070 Ti] 
[2026-05-13 14:45:30.191][TRC][Px6092][Tx42626][GpuOptionWin32.cpp][L21][MaaNS::adapter_instance_path] 
[2026-05-13 14:45:30.191][DBG][Px6092][Tx42626][GpuOptionWin32.cpp][L48][MaaNS::adapter_instance_path] [result=ROOT\DISPLAY\0000] 
[2026-05-13 14:45:30.191][TRC][Px6092][Tx42626][GpuOptionWin32.cpp][L54][MaaNS::gpu_driver_date] 
[2026-05-13 14:45:30.191][DBG][Px6092][Tx42626][GpuOptionWin32.cpp][L83][MaaNS::gpu_driver_date] [system_time.wYear=2023] [system_time.wMonth=4] [system_time.wDay=24] 
[2026-05-13 14:45:30.191][TRC][Px6092][Tx42626][GpuOptionWin32.cpp][L89][MaaNS::is_indirect_display_adapter] 
[2026-05-13 14:45:30.191][DBG][Px6092][Tx42626][GpuOptionWin32.cpp][L131][MaaNS::is_indirect_display_adapter] [value=IndirectKmd ] [sub_key=SYSTEM\CurrentControlSet\Enum\ROOT\DISPLAY\0000] [indirect=true] 
[2026-05-13 14:45:30.191][WRN][Px6092][Tx42626][GpuOptionWin32.cpp][L223][MaaNS::perfer_gpu] virtual adapters (streaming/RDP), skip [adapter_index=3] [adapter_desc=NVIDIA GeForce RTX 4070 Ti] [instance_path=ROOT\DISPLAY\0000] 
[2026-05-13 14:45:30.191][INF][Px6092][Tx42626][GpuOptionWin32.cpp][L188][MaaNS::perfer_gpu] [adapter_index=4] [adapter_desc=Microsoft Basic Render Driver] 
[2026-05-13 14:45:30.191][WRN][Px6092][Tx42626][GpuOptionWin32.cpp][L191][MaaNS::perfer_gpu] software adapter, skip [adapter_index=4] [adapter_desc=Microsoft Basic Render Driver] 
[2026-05-13 14:45:30.191][DBG][Px6092][Tx42626][GpuOptionWin32.cpp][L173][MaaNS::perfer_gpu] EnumAdapters1 DXGI_ERROR_NOT_FOUND [adapter_index=5] 
[2026-05-13 14:45:30.191][INF][Px6092][Tx42626][GpuOptionWin32.cpp][L251][MaaNS::perfer_gpu] Best gpu selected [best_gpu.adapter_index=0] [best_gpu.description=NVIDIA GeForce RTX 4070 Ti] [best_gpu.dedicated_video_memory=12578717696] 
[2026-05-13 14:45:30.191][INF][Px6092][Tx42626][ONNXResMgr.cpp][L69][MaaNS::ResourceNS::ONNXResMgr::use_directml] [device_id=0] 
[2026-05-13 14:45:30.319][INF][Px6092][Tx42626][ONNXResMgr.cpp][L82][MaaNS::ResourceNS::ONNXResMgr::use_directml] Using DML execution provider with device_id 0 
[2026-05-13 14:45:30.319][INF][Px6092][Tx42626][OCRResMgr.cpp][L42][MaaNS::ResourceNS::OCRResMgr::use_directml] [device_id=0] 
[2026-05-13 14:45:30.319][DBG][Px6092][Tx42626][ResourceMgr.cpp][L702][MaaNS::ResourceNS::ResourceMgr::load_pipeline] [path=E:/subject/one/resource/pipeline] | enter 
[2026-05-13 14:45:30.319][DBG][Px6092][Tx42626][PipelineResMgr.cpp][L15][MaaNS::ResourceNS::PipelineResMgr::load] [path=E:/subject/one/resource/pipeline] | enter 
[2026-05-13 14:45:30.319][DBG][Px6092][Tx42626][PipelineResMgr.cpp][L110][MaaNS::ResourceNS::PipelineResMgr::open_and_parse_file] [path=E:/subject/one/resource/pipeline/Startup.json] | enter 
[2026-05-13 14:45:30.319][DBG][Px6092][Tx42626][PipelineParser.cpp][L188][MaaNS::ResourceNS::PipelineParser::parse_node] [name=PressEsc] 
[2026-05-13 14:45:30.319][DBG][Px6092][Tx42626][PipelineParser.cpp][L188][MaaNS::ResourceNS::PipelineParser::parse_node] [name=Startup] 
[2026-05-13 14:45:30.319][TRC][Px6092][Tx42626][PipelineResMgr.cpp][L110][MaaNS::ResourceNS::PipelineResMgr::open_and_parse_file] | leave, 0ms 
[2026-05-13 14:45:30.319][TRC][Px6092][Tx42626][PipelineResMgr.cpp][L15][MaaNS::ResourceNS::PipelineResMgr::load] | leave, 0ms 
[2026-05-13 14:45:30.319][TRC][Px6092][Tx42626][ResourceMgr.cpp][L702][MaaNS::ResourceNS::ResourceMgr::load_pipeline] | leave, 0ms 
[2026-05-13 14:45:30.320][INF][Px6092][Tx42626][ResourceMgr.cpp][L217][MaaNS::ResourceNS::ResourceMgr::calc_hash] [hash_cache_=10740f7b8dd6c696] 
[2026-05-13 14:45:30.320][INF][Px6092][Tx42626][Utils/EventDispatcher.hpp][L65][MaaNS::EventDispatcher::notify] !!!OnEventNotify!!! [handle=true] [msg=Resource.Loading.Succeeded] [details={"hash":"10740f7b8dd6c696","path":"E:/subject/one/resource/pipeline","res_id":100000001,"type":"Pipeline"}] 
[2026-05-13 14:45:30.320][TRC][Px6092][Tx42626][ResourceMgr.cpp][L595][MaaNS::ResourceNS::ResourceMgr::run_load] | leave, 352ms 
[2026-05-13 14:45:30.320][DBG][Px6092][Tx63202][MaaTasker.cpp][L94][MaaTaskerBindResource] [tasker=true] [res=true] | enter 
[2026-05-13 14:45:30.320][INF][Px6092][Tx63202][Tasker.cpp][L44][MaaNS::Tasker::bind_resource] [this=true] [resource=true] [derived=true] [resource_=false] 
[2026-05-13 14:45:30.320][TRC][Px6092][Tx63202][MaaTasker.cpp][L94][MaaTaskerBindResource] | leave, 0ms 
[2026-05-13 14:45:30.320][DBG][Px6092][Tx63202][MaaController.cpp][L120][MaaControllerPostClickKey] [ctrl=true] [keycode=27] | enter 
[2026-05-13 14:45:30.320][TRC][Px6092][Tx63202][MaaController.cpp][L120][MaaControllerPostClickKey] | leave, 0ms 
[2026-05-13 14:45:30.370][INF][Px6092][Tx37640][SeizeInput.cpp][L232][MaaNS::CtrlUnitNs::SeizeInput::key_down] [key=27] [hwnd_=true] 
[2026-05-13 14:45:30.432][INF][Px6092][Tx37640][SeizeInput.cpp][L251][MaaNS::CtrlUnitNs::SeizeInput::key_up] [key=27] [hwnd_=true] 
[2026-05-13 14:45:30.432][DBG][Px6092][Tx5758][MaaFramework.cpp][L307][MaaResourceDestroy] [res=true] | enter 
[2026-05-13 14:45:30.432][DBG][Px6092][Tx5758][ResourceMgr.cpp][L33][MaaNS::ResourceNS::ResourceMgr::~ResourceMgr] | enter 
[2026-05-13 14:45:30.432][TRC][Px6092][Tx5758][ResourceMgr.cpp][L33][MaaNS::ResourceNS::ResourceMgr::~ResourceMgr] | leave, 0ms 
[2026-05-13 14:45:30.432][DBG][Px6092][Tx5758][Base/AsyncRunner.hpp][L88][MaaNS::AsyncRunner<struct MaaNS::ResourceNS::PostPathItem>::~AsyncRunner] | enter 
[2026-05-13 14:45:30.432][DBG][Px6092][Tx5758][Base/AsyncRunner.hpp][L96][MaaNS::AsyncRunner<struct MaaNS::ResourceNS::PostPathItem>::release] | enter 
[2026-05-13 14:45:30.432][TRC][Px6092][Tx5758][Base/AsyncRunner.hpp][L96][MaaNS::AsyncRunner<struct MaaNS::ResourceNS::PostPathItem>::release] | leave, 0ms 
[2026-05-13 14:45:30.432][TRC][Px6092][Tx5758][Base/AsyncRunner.hpp][L88][MaaNS::AsyncRunner<struct MaaNS::ResourceNS::PostPathItem>::~AsyncRunner] | leave, 0ms 
[2026-05-13 14:45:30.447][TRC][Px6092][Tx5758][MaaFramework.cpp][L307][MaaResourceDestroy] | leave, 15ms 
[2026-05-13 14:45:30.447][DBG][Px6092][Tx5758][MaaFramework.cpp][L288][MaaControllerDestroy] [ctrl=true] | enter 
[2026-05-13 14:45:30.447][DBG][Px6092][Tx5758][ControllerAgent.cpp][L30][MaaNS::ControllerNS::ControllerAgent::~ControllerAgent] | enter 
[2026-05-13 14:45:30.447][TRC][Px6092][Tx5758][ControllerAgent.cpp][L30][MaaNS::ControllerNS::ControllerAgent::~ControllerAgent] | leave, 0ms 
[2026-05-13 14:45:30.447][DBG][Px6092][Tx5758][Base/AsyncRunner.hpp][L88][MaaNS::AsyncRunner<struct MaaNS::ControllerNS::Action>::~AsyncRunner] | enter 
[2026-05-13 14:45:30.447][DBG][Px6092][Tx5758][Base/AsyncRunner.hpp][L96][MaaNS::AsyncRunner<struct MaaNS::ControllerNS::Action>::release] | enter 
[2026-05-13 14:45:30.448][TRC][Px6092][Tx5758][Base/AsyncRunner.hpp][L96][MaaNS::AsyncRunner<struct MaaNS::ControllerNS::Action>::release] | leave, 0ms 
[2026-05-13 14:45:30.448][TRC][Px6092][Tx5758][Base/AsyncRunner.hpp][L88][MaaNS::AsyncRunner<struct MaaNS::ControllerNS::Action>::~AsyncRunner] | leave, 0ms 
[2026-05-13 14:45:30.448][DBG][Px6092][Tx5758][Win32ControlUnitAPI.cpp][L33][MaaWin32ControlUnitDestroy] [handle=true] | enter 
[2026-05-13 14:45:30.478][TRC][Px6092][Tx36448][PseudoMinimizeHelper.cpp][L89][MaaNS::CtrlUnitNs::PseudoMinimizeHelper::monitor_thread_func] | leave, 543ms 
[2026-05-13 14:45:30.478][INF][Px6092][Tx5758][PseudoMinimizeHelper.cpp][L73][MaaNS::CtrlUnitNs::PseudoMinimizeHelper::stop] PseudoMinimizeHelper stopped [hwnd_=true] 
[2026-05-13 14:45:30.478][TRC][Px6092][Tx5758][Win32ControlUnitAPI.cpp][L33][MaaWin32ControlUnitDestroy] | leave, 30ms 
[2026-05-13 14:45:30.478][TRC][Px6092][Tx5758][MaaFramework.cpp][L288][MaaControllerDestroy] | leave, 31ms 
[2026-05-13 14:45:30.478][DBG][Px6092][Tx5758][MaaFramework.cpp][L326][MaaTaskerDestroy] [tasker=true] | enter 
[2026-05-13 14:45:30.479][DBG][Px6092][Tx5758][Tasker.cpp][L37][MaaNS::Tasker::~Tasker] | enter 
[2026-05-13 14:45:30.479][TRC][Px6092][Tx5758][Tasker.cpp][L37][MaaNS::Tasker::~Tasker] | leave, 0ms 
[2026-05-13 14:45:30.479][DBG][Px6092][Tx5758][Base/AsyncRunner.hpp][L88][MaaNS::AsyncRunner<class std::shared_ptr<class MaaNS::TaskNS::TaskBase> >::~AsyncRunner] | enter 
[2026-05-13 14:45:30.479][DBG][Px6092][Tx5758][Base/AsyncRunner.hpp][L96][MaaNS::AsyncRunner<class std::shared_ptr<class MaaNS::TaskNS::TaskBase> >::release] | enter 
[2026-05-13 14:45:30.479][TRC][Px6092][Tx5758][Base/AsyncRunner.hpp][L96][MaaNS::AsyncRunner<class std::shared_ptr<class MaaNS::TaskNS::TaskBase> >::release] | leave, 0ms 
[2026-05-13 14:45:30.479][TRC][Px6092][Tx5758][Base/AsyncRunner.hpp][L88][MaaNS::AsyncRunner<class std::shared_ptr<class MaaNS::TaskNS::TaskBase> >::~AsyncRunner] | leave, 0ms 
[2026-05-13 14:45:30.479][TRC][Px6092][Tx5758][MaaFramework.cpp][L326][MaaTaskerDestroy] | leave, 0ms 
[2026-05-13 14:45:30.482][DBG][Px6092][Tx5758][Logger] ----------------------------- 
[2026-05-13 14:45:30.482][DBG][Px6092][Tx5758][Logger] Close log 
[2026-05-13 14:45:30.482][DBG][Px6092][Tx5758][Logger] ----------------------------- 
[2026-05-13 14:46:23.008][DBG][Px19276][Tx24159][Logger] ----------------------------- 
[2026-05-13 14:46:23.008][DBG][Px19276][Tx24159][Logger] MAA Process Start 
[2026-05-13 14:46:23.008][DBG][Px19276][Tx24159][Logger] Version v5.10.4 
[2026-05-13 14:46:23.008][DBG][Px19276][Tx24159][Logger] Built at May  3 2026 04:23:41 
[2026-05-13 14:46:23.008][DBG][Px19276][Tx24159][Logger] Windows x64 
[2026-05-13 14:46:23.008][DBG][Px19276][Tx24159][Logger] Working E:/subject/one 
[2026-05-13 14:46:23.008][DBG][Px19276][Tx24159][Logger] Logging E:/subject/one/debug/maafw.log 
[2026-05-13 14:46:23.008][DBG][Px19276][Tx24159][Logger] ----------------------------- 
[2026-05-13 14:46:23.008][TRC][Px19276][Tx24159][OptionMgr.cpp][L35][MaaNS::GlobalNS::OptionMgr::set_log_dir] | leave, 0ms 
[2026-05-13 14:46:23.008][TRC][Px19276][Tx24159][OptionMgr.cpp][L10][MaaNS::GlobalNS::OptionMgr::set_option] | leave, 0ms 
[2026-05-13 14:46:23.008][TRC][Px19276][Tx24159][MaaFramework.cpp][L338][MaaGlobalSetOption] | leave, 0ms 
[2026-05-13 14:46:23.008][DBG][Px19276][Tx24159][MaaFramework.cpp][L338][MaaGlobalSetOption] [key=2] [value=true] [val_size=1] | enter 
[2026-05-13 14:46:23.008][DBG][Px19276][Tx24159][OptionMgr.cpp][L10][MaaNS::GlobalNS::OptionMgr::set_option] [key=2] [value=true] [val_size=1] | enter 
[2026-05-13 14:46:23.008][DBG][Px19276][Tx24159][OptionMgr.cpp][L49][MaaNS::GlobalNS::OptionMgr::set_save_draw] | enter 
[2026-05-13 14:46:23.008][INF][Px19276][Tx24159][OptionMgr.cpp][L58][MaaNS::GlobalNS::OptionMgr::set_save_draw] Set save draw [save_draw_=false] 
[2026-05-13 14:46:23.008][TRC][Px19276][Tx24159][OptionMgr.cpp][L49][MaaNS::GlobalNS::OptionMgr::set_save_draw] | leave, 0ms 
[2026-05-13 14:46:23.008][TRC][Px19276][Tx24159][OptionMgr.cpp][L10][MaaNS::GlobalNS::OptionMgr::set_option] | leave, 0ms 
[2026-05-13 14:46:23.008][TRC][Px19276][Tx24159][MaaFramework.cpp][L338][MaaGlobalSetOption] | leave, 0ms 
[2026-05-13 14:46:23.008][DBG][Px19276][Tx24159][MaaFramework.cpp][L338][MaaGlobalSetOption] [key=7] [value=true] [val_size=1] | enter 
[2026-05-13 14:46:23.008][DBG][Px19276][Tx24159][OptionMgr.cpp][L10][MaaNS::GlobalNS::OptionMgr::set_option] [key=7] [value=true] [val_size=1] | enter 
[2026-05-13 14:46:23.008][DBG][Px19276][Tx24159][OptionMgr.cpp][L99][MaaNS::GlobalNS::OptionMgr::set_save_on_error] | enter 
[2026-05-13 14:46:23.008][INF][Px19276][Tx24159][OptionMgr.cpp][L108][MaaNS::GlobalNS::OptionMgr::set_save_on_error] Set save on error [save_on_error_=true] 
[2026-05-13 14:46:23.008][TRC][Px19276][Tx24159][OptionMgr.cpp][L99][MaaNS::GlobalNS::OptionMgr::set_save_on_error] | leave, 0ms 
[2026-05-13 14:46:23.008][TRC][Px19276][Tx24159][OptionMgr.cpp][L10][MaaNS::GlobalNS::OptionMgr::set_option] | leave, 0ms 
[2026-05-13 14:46:23.008][TRC][Px19276][Tx24159][MaaFramework.cpp][L338][MaaGlobalSetOption] | leave, 0ms 
[2026-05-13 14:46:23.008][DBG][Px19276][Tx24159][MaaFramework.cpp][L338][MaaGlobalSetOption] [key=4] [value=true] [val_size=4] | enter 
[2026-05-13 14:46:23.008][DBG][Px19276][Tx24159][OptionMgr.cpp][L10][MaaNS::GlobalNS::OptionMgr::set_option] [key=4] [value=true] [val_size=4] | enter 
[2026-05-13 14:46:23.008][DBG][Px19276][Tx24159][OptionMgr.cpp][L65][MaaNS::GlobalNS::OptionMgr::set_stdout_level] | enter 
[2026-05-13 14:46:23.008][INF][Px19276][Tx24159][OptionMgr.cpp][L74][MaaNS::GlobalNS::OptionMgr::set_stdout_level] Set log stdout level [level=2] 
[2026-05-13 14:46:23.008][TRC][Px19276][Tx24159][OptionMgr.cpp][L65][MaaNS::GlobalNS::OptionMgr::set_stdout_level] | leave, 0ms 
[2026-05-13 14:46:23.008][TRC][Px19276][Tx24159][OptionMgr.cpp][L10][MaaNS::GlobalNS::OptionMgr::set_option] | leave, 0ms 
[2026-05-13 14:46:23.008][TRC][Px19276][Tx24159][MaaFramework.cpp][L338][MaaGlobalSetOption] | leave, 0ms 
[2026-05-13 14:46:23.008][DBG][Px19276][Tx24159][MaaFramework.cpp][L338][MaaGlobalSetOption] [key=8] [value=true] [val_size=4] | enter 
[2026-05-13 14:46:23.008][DBG][Px19276][Tx24159][OptionMgr.cpp][L10][MaaNS::GlobalNS::OptionMgr::set_option] [key=8] [value=true] [val_size=4] | enter 
[2026-05-13 14:46:23.008][DBG][Px19276][Tx24159][OptionMgr.cpp][L115][MaaNS::GlobalNS::OptionMgr::set_draw_quality] | enter 
[2026-05-13 14:46:23.009][INF][Px19276][Tx24159][OptionMgr.cpp][L130][MaaNS::GlobalNS::OptionMgr::set_draw_quality] Set draw quality [draw_quality_=85] 
[2026-05-13 14:46:23.009][TRC][Px19276][Tx24159][OptionMgr.cpp][L115][MaaNS::GlobalNS::OptionMgr::set_draw_quality] | leave, 0ms 
[2026-05-13 14:46:23.009][TRC][Px19276][Tx24159][OptionMgr.cpp][L10][MaaNS::GlobalNS::OptionMgr::set_option] | leave, 0ms 
[2026-05-13 14:46:23.009][TRC][Px19276][Tx24159][MaaFramework.cpp][L338][MaaGlobalSetOption] | leave, 0ms 
[2026-05-13 14:46:23.009][DBG][Px19276][Tx24159][GlobalOptionConfig.cpp][L83][MaaNS::ToolkitNS::GlobalOptionConfig::apply_option] [bret=true] 
[2026-05-13 14:46:23.009][TRC][Px19276][Tx24159][GlobalOptionConfig.cpp][L67][MaaNS::ToolkitNS::GlobalOptionConfig::apply_option] | leave, 0ms 
[2026-05-13 14:46:23.009][TRC][Px19276][Tx24159][GlobalOptionConfig.cpp][L17][MaaNS::ToolkitNS::GlobalOptionConfig::init] | leave, 1ms 
[2026-05-13 14:46:23.009][DBG][Px19276][Tx24159][DesktopWindowWin32Finder.cpp][L13][MaaNS::ToolkitNS::DesktopWindowWin32Finder::find_all] | enter 
[2026-05-13 14:46:23.009][TRC][Px19276][Tx24159][DesktopWindowWin32Finder.cpp][L13][MaaNS::ToolkitNS::DesktopWindowWin32Finder::find_all] | leave, 0ms 
[2026-05-13 14:46:23.009][DBG][Px19276][Tx24159][MaaFramework.cpp][L319][MaaTaskerCreate] | enter 
[2026-05-13 14:46:23.009][DBG][Px19276][Tx24159][Tasker.cpp][L20][MaaNS::Tasker::Tasker] | enter 
[2026-05-13 14:46:23.009][INF][Px19276][Tx24159][Tasker.cpp][L23][MaaNS::Tasker::Tasker] [plugin_mgr.get_names()=["E:/subject/one/MaaFramework/bin/plugins/MaaPluginDemo.dll"]] 
[2026-05-13 14:46:23.009][INF][Px19276][Tx24159][Utils/EventDispatcher.hpp][L37][MaaNS::EventDispatcher::add_sink] [callback=true] [trans_arg=true] 
[2026-05-13 14:46:23.009][TRC][Px19276][Tx24159][Tasker.cpp][L20][MaaNS::Tasker::Tasker] | leave, 0ms 
[2026-05-13 14:46:23.009][TRC][Px19276][Tx24159][MaaFramework.cpp][L319][MaaTaskerCreate] | leave, 0ms 
[2026-05-13 14:46:23.009][DBG][Px19276][Tx24159][MaaFramework.cpp][L54][MaaWin32ControllerCreate] [hWnd=true] [screencap_method=16] [mouse_method=1] [keyboard_method=1] | enter 
[2026-05-13 14:46:23.009][DBG][Px19276][Tx24159][MaaUtils/LibraryHolder.h][L49][MaaNS::LibraryHolder<class MaaNS::Win32ControlUnitLibraryHolder>::load_library] [libname=E:/subject/one/MaaFramework/bin/MaaWin32ControlUnit] | enter 
[2026-05-13 14:46:23.009][INF][Px19276][Tx24159][MaaUtils/LibraryHolder.h][L65][MaaNS::LibraryHolder<class MaaNS::Win32ControlUnitLibraryHolder>::load_library] Loading library [libname=E:/subject/one/MaaFramework/bin/MaaWin32ControlUnit] 
[2026-05-13 14:46:23.011][TRC][Px19276][Tx24159][MaaUtils/LibraryHolder.h][L49][MaaNS::LibraryHolder<class MaaNS::Win32ControlUnitLibraryHolder>::load_library] | leave, 2ms 
[2026-05-13 14:46:23.011][DBG][Px19276][Tx24159][MaaUtils/LibraryHolder.h][L113][MaaNS::LibraryHolder<class MaaNS::Win32ControlUnitLibraryHolder>::get_function] [func_name=MaaWin32ControlUnitGetVersion] | enter 
[2026-05-13 14:46:23.011][TRC][Px19276][Tx24159][MaaUtils/LibraryHolder.h][L113][MaaNS::LibraryHolder<class MaaNS::Win32ControlUnitLibraryHolder>::get_function] | leave, 0ms 
[2026-05-13 14:46:23.011][INF][Px19276][Tx24159][ControlUnit.cpp][L30][MaaNS::check_version] class MaaNS::Win32ControlUnitLibraryHolder Library version: v5.10.4 
[2026-05-13 14:46:23.011][DBG][Px19276][Tx24159][MaaUtils/LibraryHolder.h][L113][MaaNS::LibraryHolder<class MaaNS::Win32ControlUnitLibraryHolder>::get_function] [func_name=MaaWin32ControlUnitCreate] | enter 
[2026-05-13 14:46:23.011][TRC][Px19276][Tx24159][MaaUtils/LibraryHolder.h][L113][MaaNS::LibraryHolder<class MaaNS::Win32ControlUnitLibraryHolder>::get_function] | leave, 0ms 
[2026-05-13 14:46:23.011][DBG][Px19276][Tx24159][MaaUtils/LibraryHolder.h][L113][MaaNS::LibraryHolder<class MaaNS::Win32ControlUnitLibraryHolder>::get_function] [func_name=MaaWin32ControlUnitDestroy] | enter 
[2026-05-13 14:46:23.011][TRC][Px19276][Tx24159][MaaUtils/LibraryHolder.h][L113][MaaNS::LibraryHolder<class MaaNS::Win32ControlUnitLibraryHolder>::get_function] | leave, 0ms 
[2026-05-13 14:46:23.011][DBG][Px19276][Tx24159][Win32ControlUnitAPI.cpp][L23][MaaWin32ControlUnitCreate] [hWnd=true] [screencap_method=16] [mouse_method=1] [keyboard_method=1] | enter 
[2026-05-13 14:46:23.011][TRC][Px19276][Tx24159][Win32ControlUnitAPI.cpp][L23][MaaWin32ControlUnitCreate] | leave, 0ms 
[2026-05-13 14:46:23.011][DBG][Px19276][Tx24159][ControllerAgent.cpp][L15][MaaNS::ControllerNS::ControllerAgent::ControllerAgent] [control_unit_=0000015525E31B90] | enter 
[2026-05-13 14:46:23.011][INF][Px19276][Tx24159][ControllerAgent.cpp][L18][MaaNS::ControllerNS::ControllerAgent::ControllerAgent] [plugin_mgr.get_names()=["E:/subject/one/MaaFramework/bin/plugins/MaaPluginDemo.dll"]] 
[2026-05-13 14:46:23.011][INF][Px19276][Tx24159][Utils/EventDispatcher.hpp][L37][MaaNS::EventDispatcher::add_sink] [callback=true] [trans_arg=true] 
[2026-05-13 14:46:23.011][TRC][Px19276][Tx24159][ControllerAgent.cpp][L15][MaaNS::ControllerNS::ControllerAgent::ControllerAgent] | leave, 0ms 
[2026-05-13 14:46:23.011][TRC][Px19276][Tx24159][MaaFramework.cpp][L54][MaaWin32ControllerCreate] | leave, 2ms 
[2026-05-13 14:46:23.011][DBG][Px19276][Tx24159][MaaController.cpp][L59][MaaControllerPostConnection] [ctrl=true] | enter 
[2026-05-13 14:46:23.011][TRC][Px19276][Tx24159][MaaController.cpp][L59][MaaControllerPostConnection] | leave, 0ms 
[2026-05-13 14:46:23.012][INF][Px19276][Tx16319][Win32ControlUnitMgr.cpp][L48][MaaNS::CtrlUnitNs::Win32ControlUnitMgr::connect] SetThreadDpiAwarenessContext to PER_MONITOR_AWARE_V2 success [prev_ctx=true] 
[2026-05-13 14:46:23.012][INF][Px19276][Tx16319][PseudoMinimizeHelper.cpp][L49][MaaNS::CtrlUnitNs::PseudoMinimizeHelper::start] PseudoMinimizeHelper started [hwnd_=true] 
[2026-05-13 14:46:23.012][DBG][Px19276][Tx16319][Win32ControlUnitMgr.cpp][L171][MaaNS::CtrlUnitNs::Win32ControlUnitMgr::speed_test] | enter 
[2026-05-13 14:46:23.012][INF][Px19276][Tx16319][Win32ControlUnitMgr.cpp][L186][MaaNS::CtrlUnitNs::Win32ControlUnitMgr::speed_test] Warming up PrintWindow 
[2026-05-13 14:46:23.012][DBG][Px19276][Tx16793][PseudoMinimizeHelper.cpp][L89][MaaNS::CtrlUnitNs::PseudoMinimizeHelper::monitor_thread_func] | enter 
[2026-05-13 14:46:23.022][INF][Px19276][Tx16319][Win32ControlUnitMgr.cpp][L191][MaaNS::CtrlUnitNs::Win32ControlUnitMgr::speed_test] Testing PrintWindow 
[2026-05-13 14:46:23.033][INF][Px19276][Tx16319][Win32ControlUnitMgr.cpp][L182][MaaNS::CtrlUnitNs::Win32ControlUnitMgr::speed_test::<lambda_1>::operator ()] [method=PrintWindow] [duration=11ms] 
[2026-05-13 14:46:23.033][INF][Px19276][Tx16319][Win32ControlUnitMgr.cpp][L205][MaaNS::CtrlUnitNs::Win32ControlUnitMgr::speed_test] The fastest method is PrintWindow [cost=11ms] 
[2026-05-13 14:46:23.033][TRC][Px19276][Tx16319][Win32ControlUnitMgr.cpp][L171][MaaNS::CtrlUnitNs::Win32ControlUnitMgr::speed_test] | leave, 21ms 
[2026-05-13 14:46:23.034][DBG][Px19276][Tx24159][MaaTasker.cpp][L106][MaaTaskerBindController] [tasker=true] [ctrl=true] | enter 
[2026-05-13 14:46:23.034][INF][Px19276][Tx24159][Tasker.cpp][L59][MaaNS::Tasker::bind_controller] [this=true] [controller=true] [derived=true] [controller_=false] 
[2026-05-13 14:46:23.034][TRC][Px19276][Tx24159][MaaTasker.cpp][L106][MaaTaskerBindController] | leave, 0ms 
[2026-05-13 14:46:23.034][DBG][Px19276][Tx24159][MaaFramework.cpp][L300][MaaResourceCreate] | enter 
[2026-05-13 14:46:23.034][DBG][Px19276][Tx24159][OCRResMgr.cpp][L15][MaaNS::ResourceNS::OCRResMgr::OCRResMgr] | enter 
[2026-05-13 14:46:23.034][TRC][Px19276][Tx24159][OCRResMgr.cpp][L15][MaaNS::ResourceNS::OCRResMgr::OCRResMgr] | leave, 0ms 
[2026-05-13 14:46:23.047][DBG][Px19276][Tx24159][ResourceMgr.cpp][L18][MaaNS::ResourceNS::ResourceMgr::ResourceMgr] | enter 
[2026-05-13 14:46:23.047][INF][Px19276][Tx24159][ResourceMgr.cpp][L21][MaaNS::ResourceNS::ResourceMgr::ResourceMgr] [plugin_mgr.get_names()=["E:/subject/one/MaaFramework/bin/plugins/MaaPluginDemo.dll"]] 
[2026-05-13 14:46:23.047][INF][Px19276][Tx24159][Utils/EventDispatcher.hpp][L37][MaaNS::EventDispatcher::add_sink] [callback=true] [trans_arg=true] 
[2026-05-13 14:46:23.047][TRC][Px19276][Tx24159][ResourceMgr.cpp][L18][MaaNS::ResourceNS::ResourceMgr::ResourceMgr] | leave, 0ms 
[2026-05-13 14:46:23.047][TRC][Px19276][Tx24159][MaaFramework.cpp][L300][MaaResourceCreate] | leave, 13ms 
[2026-05-13 14:46:23.047][DBG][Px19276][Tx24159][MaaResource.cpp][L158][MaaResourcePostPipeline] [res=true] [path=E:\subject\one\resource\pipeline] | enter 
[2026-05-13 14:46:23.047][INF][Px19276][Tx24159][ResourceMgr.cpp][L75][MaaNS::ResourceNS::ResourceMgr::post_path] [static_cast<int>(type)=2] [path=E:/subject/one/resource/pipeline] 
[2026-05-13 14:46:23.047][TRC][Px19276][Tx24159][MaaResource.cpp][L158][MaaResourcePostPipeline] | leave, 0ms 
[2026-05-13 14:46:23.047][DBG][Px19276][Tx47420][ResourceMgr.cpp][L595][MaaNS::ResourceNS::ResourceMgr::run_load] [id=100000001] [static_cast<int>(item.type)=2] [item.path=E:/subject/one/resource/pipeline] | enter 
[2026-05-13 14:46:23.047][INF][Px19276][Tx47420][Utils/EventDispatcher.hpp][L65][MaaNS::EventDispatcher::notify] !!!OnEventNotify!!! [handle=true] [msg=Resource.Loading.Starting] [details={"hash":"","path":"E:/subject/one/resource/pipeline","res_id":100000001,"type":"Pipeline"}] 
[2026-05-13 14:46:23.047][INF][Px19276][Tx47420][ResourceMgr.cpp][L372][MaaNS::ResourceNS::ResourceMgr::available_providers] [all_providers_vec=["DmlExecutionProvider","CPUExecutionProvider"]] 
[2026-05-13 14:46:23.047][INF][Px19276][Tx47420][ResourceMgr.cpp][L400][MaaNS::ResourceNS::ResourceMgr::available_providers] [s_provider_cache=[2,1]] 
[2026-05-13 14:46:23.047][TRC][Px19276][Tx47420][GpuOptionWin32.cpp][L137][MaaNS::perfer_gpu] 
[2026-05-13 14:46:23.049][INF][Px19276][Tx47420][GpuOptionWin32.cpp][L188][MaaNS::perfer_gpu] [adapter_index=0] [adapter_desc=NVIDIA GeForce RTX 4070 Ti] 
[2026-05-13 14:46:23.114][TRC][Px19276][Tx47420][GpuOptionWin32.cpp][L21][MaaNS::adapter_instance_path] 
[2026-05-13 14:46:23.115][DBG][Px19276][Tx47420][GpuOptionWin32.cpp][L48][MaaNS::adapter_instance_path] [result=PCI\VEN_10DE&DEV_2782&SUBSYS_E1301462&REV_A1\4&1bcd7285&0&0008] 
[2026-05-13 14:46:23.115][TRC][Px19276][Tx47420][GpuOptionWin32.cpp][L54][MaaNS::gpu_driver_date] 
[2026-05-13 14:46:23.115][DBG][Px19276][Tx47420][GpuOptionWin32.cpp][L83][MaaNS::gpu_driver_date] [system_time.wYear=2024] [system_time.wMonth=8] [system_time.wDay=14] 
[2026-05-13 14:46:23.115][TRC][Px19276][Tx47420][GpuOptionWin32.cpp][L89][MaaNS::is_indirect_display_adapter] 
[2026-05-13 14:46:23.115][DBG][Px19276][Tx47420][GpuOptionWin32.cpp][L114][MaaNS::is_indirect_display_adapter] RegQueryValueExW 1 failed [ret=2] [type=0] [size=0] 
[2026-05-13 14:46:23.115][INF][Px19276][Tx47420][GpuOptionWin32.cpp][L232][MaaNS::perfer_gpu] available gpu found [adapter_index=0] [adapter_desc=] [desc.DedicatedVideoMemory=12578717696] 
[2026-05-13 14:46:23.115][INF][Px19276][Tx47420][GpuOptionWin32.cpp][L188][MaaNS::perfer_gpu] [adapter_index=1] [adapter_desc=NVIDIA GeForce RTX 4070 Ti] 
[2026-05-13 14:46:23.162][TRC][Px19276][Tx47420][GpuOptionWin32.cpp][L21][MaaNS::adapter_instance_path] 
[2026-05-13 14:46:23.162][DBG][Px19276][Tx47420][GpuOptionWin32.cpp][L48][MaaNS::adapter_instance_path] [result=ROOT\DISPLAY\0002] 
[2026-05-13 14:46:23.162][TRC][Px19276][Tx47420][GpuOptionWin32.cpp][L54][MaaNS::gpu_driver_date] 
[2026-05-13 14:46:23.162][DBG][Px19276][Tx47420][GpuOptionWin32.cpp][L83][MaaNS::gpu_driver_date] [system_time.wYear=2021] [system_time.wMonth=8] [system_time.wDay=31] 
[2026-05-13 14:46:23.162][TRC][Px19276][Tx47420][GpuOptionWin32.cpp][L89][MaaNS::is_indirect_display_adapter] 
[2026-05-13 14:46:23.162][DBG][Px19276][Tx47420][GpuOptionWin32.cpp][L131][MaaNS::is_indirect_display_adapter] [value=IndirectKmd ] [sub_key=SYSTEM\CurrentControlSet\Enum\ROOT\DISPLAY\0002] [indirect=true] 
[2026-05-13 14:46:23.162][WRN][Px19276][Tx47420][GpuOptionWin32.cpp][L223][MaaNS::perfer_gpu] virtual adapters (streaming/RDP), skip [adapter_index=1] [adapter_desc=NVIDIA GeForce RTX 4070 Ti] [instance_path=ROOT\DISPLAY\0002] 
[2026-05-13 14:46:23.162][INF][Px19276][Tx47420][GpuOptionWin32.cpp][L188][MaaNS::perfer_gpu] [adapter_index=2] [adapter_desc=NVIDIA GeForce RTX 4070 Ti] 
[2026-05-13 14:46:23.212][TRC][Px19276][Tx47420][GpuOptionWin32.cpp][L21][MaaNS::adapter_instance_path] 
[2026-05-13 14:46:23.212][DBG][Px19276][Tx47420][GpuOptionWin32.cpp][L48][MaaNS::adapter_instance_path] [result=ROOT\DISPLAY\0001] 
[2026-05-13 14:46:23.212][TRC][Px19276][Tx47420][GpuOptionWin32.cpp][L54][MaaNS::gpu_driver_date] 
[2026-05-13 14:46:23.212][DBG][Px19276][Tx47420][GpuOptionWin32.cpp][L83][MaaNS::gpu_driver_date] [system_time.wYear=2026] [system_time.wMonth=2] [system_time.wDay=28] 
[2026-05-13 14:46:23.212][TRC][Px19276][Tx47420][GpuOptionWin32.cpp][L89][MaaNS::is_indirect_display_adapter] 
[2026-05-13 14:46:23.212][DBG][Px19276][Tx47420][GpuOptionWin32.cpp][L131][MaaNS::is_indirect_display_adapter] [value=IndirectKmd ] [sub_key=SYSTEM\CurrentControlSet\Enum\ROOT\DISPLAY\0001] [indirect=true] 
[2026-05-13 14:46:23.212][WRN][Px19276][Tx47420][GpuOptionWin32.cpp][L223][MaaNS::perfer_gpu] virtual adapters (streaming/RDP), skip [adapter_index=2] [adapter_desc=NVIDIA GeForce RTX 4070 Ti] [instance_path=ROOT\DISPLAY\0001] 
[2026-05-13 14:46:23.212][INF][Px19276][Tx47420][GpuOptionWin32.cpp][L188][MaaNS::perfer_gpu] [adapter_index=3] [adapter_desc=NVIDIA GeForce RTX 4070 Ti] 
[2026-05-13 14:46:23.269][TRC][Px19276][Tx47420][GpuOptionWin32.cpp][L21][MaaNS::adapter_instance_path] 
[2026-05-13 14:46:23.269][DBG][Px19276][Tx47420][GpuOptionWin32.cpp][L48][MaaNS::adapter_instance_path] [result=ROOT\DISPLAY\0000] 
[2026-05-13 14:46:23.269][TRC][Px19276][Tx47420][GpuOptionWin32.cpp][L54][MaaNS::gpu_driver_date] 
[2026-05-13 14:46:23.269][DBG][Px19276][Tx47420][GpuOptionWin32.cpp][L83][MaaNS::gpu_driver_date] [system_time.wYear=2023] [system_time.wMonth=4] [system_time.wDay=24] 
[2026-05-13 14:46:23.269][TRC][Px19276][Tx47420][GpuOptionWin32.cpp][L89][MaaNS::is_indirect_display_adapter] 
[2026-05-13 14:46:23.270][DBG][Px19276][Tx47420][GpuOptionWin32.cpp][L131][MaaNS::is_indirect_display_adapter] [value=IndirectKmd ] [sub_key=SYSTEM\CurrentControlSet\Enum\ROOT\DISPLAY\0000] [indirect=true] 
[2026-05-13 14:46:23.270][WRN][Px19276][Tx47420][GpuOptionWin32.cpp][L223][MaaNS::perfer_gpu] virtual adapters (streaming/RDP), skip [adapter_index=3] [adapter_desc=NVIDIA GeForce RTX 4070 Ti] [instance_path=ROOT\DISPLAY\0000] 
[2026-05-13 14:46:23.270][INF][Px19276][Tx47420][GpuOptionWin32.cpp][L188][MaaNS::perfer_gpu] [adapter_index=4] [adapter_desc=Microsoft Basic Render Driver] 
[2026-05-13 14:46:23.270][WRN][Px19276][Tx47420][GpuOptionWin32.cpp][L191][MaaNS::perfer_gpu] software adapter, skip [adapter_index=4] [adapter_desc=Microsoft Basic Render Driver] 
[2026-05-13 14:46:23.270][DBG][Px19276][Tx47420][GpuOptionWin32.cpp][L173][MaaNS::perfer_gpu] EnumAdapters1 DXGI_ERROR_NOT_FOUND [adapter_index=5] 
[2026-05-13 14:46:23.270][INF][Px19276][Tx47420][GpuOptionWin32.cpp][L251][MaaNS::perfer_gpu] Best gpu selected [best_gpu.adapter_index=0] [best_gpu.description=NVIDIA GeForce RTX 4070 Ti] [best_gpu.dedicated_video_memory=12578717696] 
[2026-05-13 14:46:23.270][INF][Px19276][Tx47420][ONNXResMgr.cpp][L69][MaaNS::ResourceNS::ONNXResMgr::use_directml] [device_id=0] 
[2026-05-13 14:46:23.381][INF][Px19276][Tx47420][ONNXResMgr.cpp][L82][MaaNS::ResourceNS::ONNXResMgr::use_directml] Using DML execution provider with device_id 0 
[2026-05-13 14:46:23.381][INF][Px19276][Tx47420][OCRResMgr.cpp][L42][MaaNS::ResourceNS::OCRResMgr::use_directml] [device_id=0] 
[2026-05-13 14:46:23.381][DBG][Px19276][Tx47420][ResourceMgr.cpp][L702][MaaNS::ResourceNS::ResourceMgr::load_pipeline] [path=E:/subject/one/resource/pipeline] | enter 
[2026-05-13 14:46:23.381][DBG][Px19276][Tx47420][PipelineResMgr.cpp][L15][MaaNS::ResourceNS::PipelineResMgr::load] [path=E:/subject/one/resource/pipeline] | enter 
[2026-05-13 14:46:23.382][DBG][Px19276][Tx47420][PipelineResMgr.cpp][L110][MaaNS::ResourceNS::PipelineResMgr::open_and_parse_file] [path=E:/subject/one/resource/pipeline/Startup.json] | enter 
[2026-05-13 14:46:23.382][DBG][Px19276][Tx47420][PipelineParser.cpp][L188][MaaNS::ResourceNS::PipelineParser::parse_node] [name=PressEsc] 
[2026-05-13 14:46:23.382][DBG][Px19276][Tx47420][PipelineParser.cpp][L188][MaaNS::ResourceNS::PipelineParser::parse_node] [name=Startup] 
[2026-05-13 14:46:23.382][TRC][Px19276][Tx47420][PipelineResMgr.cpp][L110][MaaNS::ResourceNS::PipelineResMgr::open_and_parse_file] | leave, 0ms 
[2026-05-13 14:46:23.382][TRC][Px19276][Tx47420][PipelineResMgr.cpp][L15][MaaNS::ResourceNS::PipelineResMgr::load] | leave, 0ms 
[2026-05-13 14:46:23.382][TRC][Px19276][Tx47420][ResourceMgr.cpp][L702][MaaNS::ResourceNS::ResourceMgr::load_pipeline] | leave, 0ms 
[2026-05-13 14:46:23.382][INF][Px19276][Tx47420][ResourceMgr.cpp][L217][MaaNS::ResourceNS::ResourceMgr::calc_hash] [hash_cache_=10740f7b8dd6c696] 
[2026-05-13 14:46:23.382][INF][Px19276][Tx47420][Utils/EventDispatcher.hpp][L65][MaaNS::EventDispatcher::notify] !!!OnEventNotify!!! [handle=true] [msg=Resource.Loading.Succeeded] [details={"hash":"10740f7b8dd6c696","path":"E:/subject/one/resource/pipeline","res_id":100000001,"type":"Pipeline"}] 
[2026-05-13 14:46:23.382][TRC][Px19276][Tx47420][ResourceMgr.cpp][L595][MaaNS::ResourceNS::ResourceMgr::run_load] | leave, 334ms 
[2026-05-13 14:46:23.382][DBG][Px19276][Tx5758][MaaTasker.cpp][L94][MaaTaskerBindResource] [tasker=true] [res=true] | enter 
[2026-05-13 14:46:23.382][INF][Px19276][Tx5758][Tasker.cpp][L44][MaaNS::Tasker::bind_resource] [this=true] [resource=true] [derived=true] [resource_=false] 
[2026-05-13 14:46:23.382][TRC][Px19276][Tx5758][MaaTasker.cpp][L94][MaaTaskerBindResource] | leave, 0ms 
[2026-05-13 14:46:23.382][DBG][Px19276][Tx5758][MaaController.cpp][L231][MaaControllerPostKeyDown] [ctrl=true] [keycode=27] | enter 
[2026-05-13 14:46:23.382][TRC][Px19276][Tx5758][MaaController.cpp][L231][MaaControllerPostKeyDown] | leave, 0ms 
[2026-05-13 14:46:23.429][INF][Px19276][Tx16319][SeizeInput.cpp][L232][MaaNS::CtrlUnitNs::SeizeInput::key_down] [key=27] [hwnd_=true] 
[2026-05-13 14:46:23.530][DBG][Px19276][Tx64940][MaaController.cpp][L243][MaaControllerPostKeyUp] [ctrl=true] [keycode=27] | enter 
[2026-05-13 14:46:23.530][TRC][Px19276][Tx64940][MaaController.cpp][L243][MaaControllerPostKeyUp] | leave, 0ms 
[2026-05-13 14:46:23.530][INF][Px19276][Tx16319][SeizeInput.cpp][L251][MaaNS::CtrlUnitNs::SeizeInput::key_up] [key=27] [hwnd_=true] 
[2026-05-13 14:46:23.530][DBG][Px19276][Tx64940][MaaFramework.cpp][L307][MaaResourceDestroy] [res=true] | enter 
[2026-05-13 14:46:23.530][DBG][Px19276][Tx64940][ResourceMgr.cpp][L33][MaaNS::ResourceNS::ResourceMgr::~ResourceMgr] | enter 
[2026-05-13 14:46:23.530][TRC][Px19276][Tx64940][ResourceMgr.cpp][L33][MaaNS::ResourceNS::ResourceMgr::~ResourceMgr] | leave, 0ms 
[2026-05-13 14:46:23.530][DBG][Px19276][Tx64940][Base/AsyncRunner.hpp][L88][MaaNS::AsyncRunner<struct MaaNS::ResourceNS::PostPathItem>::~AsyncRunner] | enter 
[2026-05-13 14:46:23.530][DBG][Px19276][Tx64940][Base/AsyncRunner.hpp][L96][MaaNS::AsyncRunner<struct MaaNS::ResourceNS::PostPathItem>::release] | enter 
[2026-05-13 14:46:23.531][TRC][Px19276][Tx64940][Base/AsyncRunner.hpp][L96][MaaNS::AsyncRunner<struct MaaNS::ResourceNS::PostPathItem>::release] | leave, 0ms 
[2026-05-13 14:46:23.531][TRC][Px19276][Tx64940][Base/AsyncRunner.hpp][L88][MaaNS::AsyncRunner<struct MaaNS::ResourceNS::PostPathItem>::~AsyncRunner] | leave, 0ms 
[2026-05-13 14:46:23.543][TRC][Px19276][Tx64940][MaaFramework.cpp][L307][MaaResourceDestroy] | leave, 12ms 
[2026-05-13 14:46:23.543][DBG][Px19276][Tx64940][MaaFramework.cpp][L288][MaaControllerDestroy] [ctrl=true] | enter 
[2026-05-13 14:46:23.543][DBG][Px19276][Tx64940][ControllerAgent.cpp][L30][MaaNS::ControllerNS::ControllerAgent::~ControllerAgent] | enter 
[2026-05-13 14:46:23.543][TRC][Px19276][Tx64940][ControllerAgent.cpp][L30][MaaNS::ControllerNS::ControllerAgent::~ControllerAgent] | leave, 0ms 
[2026-05-13 14:46:23.543][DBG][Px19276][Tx64940][Base/AsyncRunner.hpp][L88][MaaNS::AsyncRunner<struct MaaNS::ControllerNS::Action>::~AsyncRunner] | enter 
[2026-05-13 14:46:23.543][DBG][Px19276][Tx64940][Base/AsyncRunner.hpp][L96][MaaNS::AsyncRunner<struct MaaNS::ControllerNS::Action>::release] | enter 
[2026-05-13 14:46:23.543][TRC][Px19276][Tx64940][Base/AsyncRunner.hpp][L96][MaaNS::AsyncRunner<struct MaaNS::ControllerNS::Action>::release] | leave, 0ms 
[2026-05-13 14:46:23.543][TRC][Px19276][Tx64940][Base/AsyncRunner.hpp][L88][MaaNS::AsyncRunner<struct MaaNS::ControllerNS::Action>::~AsyncRunner] | leave, 0ms 
[2026-05-13 14:46:23.543][DBG][Px19276][Tx64940][Win32ControlUnitAPI.cpp][L33][MaaWin32ControlUnitDestroy] [handle=true] | enter 
[2026-05-13 14:46:23.553][TRC][Px19276][Tx16793][PseudoMinimizeHelper.cpp][L89][MaaNS::CtrlUnitNs::PseudoMinimizeHelper::monitor_thread_func] | leave, 541ms 
[2026-05-13 14:46:23.554][INF][Px19276][Tx64940][PseudoMinimizeHelper.cpp][L73][MaaNS::CtrlUnitNs::PseudoMinimizeHelper::stop] PseudoMinimizeHelper stopped [hwnd_=true] 
[2026-05-13 14:46:23.554][TRC][Px19276][Tx64940][Win32ControlUnitAPI.cpp][L33][MaaWin32ControlUnitDestroy] | leave, 10ms 
[2026-05-13 14:46:23.554][TRC][Px19276][Tx64940][MaaFramework.cpp][L288][MaaControllerDestroy] | leave, 11ms 
[2026-05-13 14:46:23.554][DBG][Px19276][Tx24159][MaaFramework.cpp][L326][MaaTaskerDestroy] [tasker=true] | enter 
[2026-05-13 14:46:23.554][DBG][Px19276][Tx24159][Tasker.cpp][L37][MaaNS::Tasker::~Tasker] | enter 
[2026-05-13 14:46:23.554][TRC][Px19276][Tx24159][Tasker.cpp][L37][MaaNS::Tasker::~Tasker] | leave, 0ms 
[2026-05-13 14:46:23.554][DBG][Px19276][Tx24159][Base/AsyncRunner.hpp][L88][MaaNS::AsyncRunner<class std::shared_ptr<class MaaNS::TaskNS::TaskBase> >::~AsyncRunner] | enter 
[2026-05-13 14:46:23.554][DBG][Px19276][Tx24159][Base/AsyncRunner.hpp][L96][MaaNS::AsyncRunner<class std::shared_ptr<class MaaNS::TaskNS::TaskBase> >::release] | enter 
[2026-05-13 14:46:23.554][TRC][Px19276][Tx24159][Base/AsyncRunner.hpp][L96][MaaNS::AsyncRunner<class std::shared_ptr<class MaaNS::TaskNS::TaskBase> >::release] | leave, 0ms 
[2026-05-13 14:46:23.554][TRC][Px19276][Tx24159][Base/AsyncRunner.hpp][L88][MaaNS::AsyncRunner<class std::shared_ptr<class MaaNS::TaskNS::TaskBase> >::~AsyncRunner] | leave, 0ms 
[2026-05-13 14:46:23.554][TRC][Px19276][Tx24159][MaaFramework.cpp][L326][MaaTaskerDestroy] | leave, 0ms 
[2026-05-13 14:46:23.557][DBG][Px19276][Tx24159][Logger] ----------------------------- 
[2026-05-13 14:46:23.557][DBG][Px19276][Tx24159][Logger] Close log 
[2026-05-13 14:46:23.557][DBG][Px19276][Tx24159][Logger] ----------------------------- 
[2026-05-13 14:47:22.862][DBG][Px4812][Tx39567][Logger] ----------------------------- 
[2026-05-13 14:47:22.862][DBG][Px4812][Tx39567][Logger] MAA Process Start 
[2026-05-13 14:47:22.862][DBG][Px4812][Tx39567][Logger] Version v5.10.4 
[2026-05-13 14:47:22.862][DBG][Px4812][Tx39567][Logger] Built at May  3 2026 04:23:41 
[2026-05-13 14:47:22.862][DBG][Px4812][Tx39567][Logger] Windows x64 
[2026-05-13 14:47:22.862][DBG][Px4812][Tx39567][Logger] Working E:/subject/one 
[2026-05-13 14:47:22.862][DBG][Px4812][Tx39567][Logger] Logging E:/subject/one/debug/maafw.log 
[2026-05-13 14:47:22.862][DBG][Px4812][Tx39567][Logger] ----------------------------- 
[2026-05-13 14:47:22.862][TRC][Px4812][Tx39567][OptionMgr.cpp][L35][MaaNS::GlobalNS::OptionMgr::set_log_dir] | leave, 0ms 
[2026-05-13 14:47:22.863][TRC][Px4812][Tx39567][OptionMgr.cpp][L10][MaaNS::GlobalNS::OptionMgr::set_option] | leave, 0ms 
[2026-05-13 14:47:22.863][TRC][Px4812][Tx39567][MaaFramework.cpp][L338][MaaGlobalSetOption] | leave, 0ms 
[2026-05-13 14:47:22.863][DBG][Px4812][Tx39567][MaaFramework.cpp][L338][MaaGlobalSetOption] [key=2] [value=true] [val_size=1] | enter 
[2026-05-13 14:47:22.863][DBG][Px4812][Tx39567][OptionMgr.cpp][L10][MaaNS::GlobalNS::OptionMgr::set_option] [key=2] [value=true] [val_size=1] | enter 
[2026-05-13 14:47:22.863][DBG][Px4812][Tx39567][OptionMgr.cpp][L49][MaaNS::GlobalNS::OptionMgr::set_save_draw] | enter 
[2026-05-13 14:47:22.863][INF][Px4812][Tx39567][OptionMgr.cpp][L58][MaaNS::GlobalNS::OptionMgr::set_save_draw] Set save draw [save_draw_=false] 
[2026-05-13 14:47:22.863][TRC][Px4812][Tx39567][OptionMgr.cpp][L49][MaaNS::GlobalNS::OptionMgr::set_save_draw] | leave, 0ms 
[2026-05-13 14:47:22.863][TRC][Px4812][Tx39567][OptionMgr.cpp][L10][MaaNS::GlobalNS::OptionMgr::set_option] | leave, 0ms 
[2026-05-13 14:47:22.863][TRC][Px4812][Tx39567][MaaFramework.cpp][L338][MaaGlobalSetOption] | leave, 0ms 
[2026-05-13 14:47:22.863][DBG][Px4812][Tx39567][MaaFramework.cpp][L338][MaaGlobalSetOption] [key=7] [value=true] [val_size=1] | enter 
[2026-05-13 14:47:22.863][DBG][Px4812][Tx39567][OptionMgr.cpp][L10][MaaNS::GlobalNS::OptionMgr::set_option] [key=7] [value=true] [val_size=1] | enter 
[2026-05-13 14:47:22.863][DBG][Px4812][Tx39567][OptionMgr.cpp][L99][MaaNS::GlobalNS::OptionMgr::set_save_on_error] | enter 
[2026-05-13 14:47:22.863][INF][Px4812][Tx39567][OptionMgr.cpp][L108][MaaNS::GlobalNS::OptionMgr::set_save_on_error] Set save on error [save_on_error_=true] 
[2026-05-13 14:47:22.863][TRC][Px4812][Tx39567][OptionMgr.cpp][L99][MaaNS::GlobalNS::OptionMgr::set_save_on_error] | leave, 0ms 
[2026-05-13 14:47:22.863][TRC][Px4812][Tx39567][OptionMgr.cpp][L10][MaaNS::GlobalNS::OptionMgr::set_option] | leave, 0ms 
[2026-05-13 14:47:22.863][TRC][Px4812][Tx39567][MaaFramework.cpp][L338][MaaGlobalSetOption] | leave, 0ms 
[2026-05-13 14:47:22.863][DBG][Px4812][Tx39567][MaaFramework.cpp][L338][MaaGlobalSetOption] [key=4] [value=true] [val_size=4] | enter 
[2026-05-13 14:47:22.863][DBG][Px4812][Tx39567][OptionMgr.cpp][L10][MaaNS::GlobalNS::OptionMgr::set_option] [key=4] [value=true] [val_size=4] | enter 
[2026-05-13 14:47:22.863][DBG][Px4812][Tx39567][OptionMgr.cpp][L65][MaaNS::GlobalNS::OptionMgr::set_stdout_level] | enter 
[2026-05-13 14:47:22.863][INF][Px4812][Tx39567][OptionMgr.cpp][L74][MaaNS::GlobalNS::OptionMgr::set_stdout_level] Set log stdout level [level=2] 
[2026-05-13 14:47:22.863][TRC][Px4812][Tx39567][OptionMgr.cpp][L65][MaaNS::GlobalNS::OptionMgr::set_stdout_level] | leave, 0ms 
[2026-05-13 14:47:22.863][TRC][Px4812][Tx39567][OptionMgr.cpp][L10][MaaNS::GlobalNS::OptionMgr::set_option] | leave, 0ms 
[2026-05-13 14:47:22.863][TRC][Px4812][Tx39567][MaaFramework.cpp][L338][MaaGlobalSetOption] | leave, 0ms 
[2026-05-13 14:47:22.863][DBG][Px4812][Tx39567][MaaFramework.cpp][L338][MaaGlobalSetOption] [key=8] [value=true] [val_size=4] | enter 
[2026-05-13 14:47:22.863][DBG][Px4812][Tx39567][OptionMgr.cpp][L10][MaaNS::GlobalNS::OptionMgr::set_option] [key=8] [value=true] [val_size=4] | enter 
[2026-05-13 14:47:22.863][DBG][Px4812][Tx39567][OptionMgr.cpp][L115][MaaNS::GlobalNS::OptionMgr::set_draw_quality] | enter 
[2026-05-13 14:47:22.863][INF][Px4812][Tx39567][OptionMgr.cpp][L130][MaaNS::GlobalNS::OptionMgr::set_draw_quality] Set draw quality [draw_quality_=85] 
[2026-05-13 14:47:22.863][TRC][Px4812][Tx39567][OptionMgr.cpp][L115][MaaNS::GlobalNS::OptionMgr::set_draw_quality] | leave, 0ms 
[2026-05-13 14:47:22.863][TRC][Px4812][Tx39567][OptionMgr.cpp][L10][MaaNS::GlobalNS::OptionMgr::set_option] | leave, 0ms 
[2026-05-13 14:47:22.863][TRC][Px4812][Tx39567][MaaFramework.cpp][L338][MaaGlobalSetOption] | leave, 0ms 
[2026-05-13 14:47:22.863][DBG][Px4812][Tx39567][GlobalOptionConfig.cpp][L83][MaaNS::ToolkitNS::GlobalOptionConfig::apply_option] [bret=true] 
[2026-05-13 14:47:22.863][TRC][Px4812][Tx39567][GlobalOptionConfig.cpp][L67][MaaNS::ToolkitNS::GlobalOptionConfig::apply_option] | leave, 0ms 
[2026-05-13 14:47:22.863][TRC][Px4812][Tx39567][GlobalOptionConfig.cpp][L17][MaaNS::ToolkitNS::GlobalOptionConfig::init] | leave, 0ms 
[2026-05-13 14:47:22.863][DBG][Px4812][Tx39567][DesktopWindowWin32Finder.cpp][L13][MaaNS::ToolkitNS::DesktopWindowWin32Finder::find_all] | enter 
[2026-05-13 14:47:22.863][TRC][Px4812][Tx39567][DesktopWindowWin32Finder.cpp][L13][MaaNS::ToolkitNS::DesktopWindowWin32Finder::find_all] | leave, 0ms 
[2026-05-13 14:47:22.863][DBG][Px4812][Tx39567][MaaFramework.cpp][L319][MaaTaskerCreate] | enter 
[2026-05-13 14:47:22.863][DBG][Px4812][Tx39567][Tasker.cpp][L20][MaaNS::Tasker::Tasker] | enter 
[2026-05-13 14:47:22.863][INF][Px4812][Tx39567][Tasker.cpp][L23][MaaNS::Tasker::Tasker] [plugin_mgr.get_names()=["E:/subject/one/MaaFramework/bin/plugins/MaaPluginDemo.dll"]] 
[2026-05-13 14:47:22.863][INF][Px4812][Tx39567][Utils/EventDispatcher.hpp][L37][MaaNS::EventDispatcher::add_sink] [callback=true] [trans_arg=true] 
[2026-05-13 14:47:22.863][TRC][Px4812][Tx39567][Tasker.cpp][L20][MaaNS::Tasker::Tasker] | leave, 0ms 
[2026-05-13 14:47:22.864][TRC][Px4812][Tx39567][MaaFramework.cpp][L319][MaaTaskerCreate] | leave, 0ms 
[2026-05-13 14:47:22.864][DBG][Px4812][Tx39567][MaaFramework.cpp][L54][MaaWin32ControllerCreate] [hWnd=true] [screencap_method=16] [mouse_method=1] [keyboard_method=1] | enter 
[2026-05-13 14:47:22.864][DBG][Px4812][Tx39567][MaaUtils/LibraryHolder.h][L49][MaaNS::LibraryHolder<class MaaNS::Win32ControlUnitLibraryHolder>::load_library] [libname=E:/subject/one/MaaFramework/bin/MaaWin32ControlUnit] | enter 
[2026-05-13 14:47:22.864][INF][Px4812][Tx39567][MaaUtils/LibraryHolder.h][L65][MaaNS::LibraryHolder<class MaaNS::Win32ControlUnitLibraryHolder>::load_library] Loading library [libname=E:/subject/one/MaaFramework/bin/MaaWin32ControlUnit] 
[2026-05-13 14:47:22.866][TRC][Px4812][Tx39567][MaaUtils/LibraryHolder.h][L49][MaaNS::LibraryHolder<class MaaNS::Win32ControlUnitLibraryHolder>::load_library] | leave, 2ms 
[2026-05-13 14:47:22.866][DBG][Px4812][Tx39567][MaaUtils/LibraryHolder.h][L113][MaaNS::LibraryHolder<class MaaNS::Win32ControlUnitLibraryHolder>::get_function] [func_name=MaaWin32ControlUnitGetVersion] | enter 
[2026-05-13 14:47:22.866][TRC][Px4812][Tx39567][MaaUtils/LibraryHolder.h][L113][MaaNS::LibraryHolder<class MaaNS::Win32ControlUnitLibraryHolder>::get_function] | leave, 0ms 
[2026-05-13 14:47:22.866][INF][Px4812][Tx39567][ControlUnit.cpp][L30][MaaNS::check_version] class MaaNS::Win32ControlUnitLibraryHolder Library version: v5.10.4 
[2026-05-13 14:47:22.866][DBG][Px4812][Tx39567][MaaUtils/LibraryHolder.h][L113][MaaNS::LibraryHolder<class MaaNS::Win32ControlUnitLibraryHolder>::get_function] [func_name=MaaWin32ControlUnitCreate] | enter 
[2026-05-13 14:47:22.866][TRC][Px4812][Tx39567][MaaUtils/LibraryHolder.h][L113][MaaNS::LibraryHolder<class MaaNS::Win32ControlUnitLibraryHolder>::get_function] | leave, 0ms 
[2026-05-13 14:47:22.866][DBG][Px4812][Tx39567][MaaUtils/LibraryHolder.h][L113][MaaNS::LibraryHolder<class MaaNS::Win32ControlUnitLibraryHolder>::get_function] [func_name=MaaWin32ControlUnitDestroy] | enter 
[2026-05-13 14:47:22.866][TRC][Px4812][Tx39567][MaaUtils/LibraryHolder.h][L113][MaaNS::LibraryHolder<class MaaNS::Win32ControlUnitLibraryHolder>::get_function] | leave, 0ms 
[2026-05-13 14:47:22.866][DBG][Px4812][Tx39567][Win32ControlUnitAPI.cpp][L23][MaaWin32ControlUnitCreate] [hWnd=true] [screencap_method=16] [mouse_method=1] [keyboard_method=1] | enter 
[2026-05-13 14:47:22.866][TRC][Px4812][Tx39567][Win32ControlUnitAPI.cpp][L23][MaaWin32ControlUnitCreate] | leave, 0ms 
[2026-05-13 14:47:22.866][DBG][Px4812][Tx39567][ControllerAgent.cpp][L15][MaaNS::ControllerNS::ControllerAgent::ControllerAgent] [control_unit_=000002AB7E5D0870] | enter 
[2026-05-13 14:47:22.866][INF][Px4812][Tx39567][ControllerAgent.cpp][L18][MaaNS::ControllerNS::ControllerAgent::ControllerAgent] [plugin_mgr.get_names()=["E:/subject/one/MaaFramework/bin/plugins/MaaPluginDemo.dll"]] 
[2026-05-13 14:47:22.866][INF][Px4812][Tx39567][Utils/EventDispatcher.hpp][L37][MaaNS::EventDispatcher::add_sink] [callback=true] [trans_arg=true] 
[2026-05-13 14:47:22.866][TRC][Px4812][Tx39567][ControllerAgent.cpp][L15][MaaNS::ControllerNS::ControllerAgent::ControllerAgent] | leave, 0ms 
[2026-05-13 14:47:22.866][TRC][Px4812][Tx39567][MaaFramework.cpp][L54][MaaWin32ControllerCreate] | leave, 2ms 
[2026-05-13 14:47:22.867][DBG][Px4812][Tx39567][MaaController.cpp][L59][MaaControllerPostConnection] [ctrl=true] | enter 
[2026-05-13 14:47:22.867][TRC][Px4812][Tx39567][MaaController.cpp][L59][MaaControllerPostConnection] | leave, 0ms 
[2026-05-13 14:47:22.867][INF][Px4812][Tx63202][Win32ControlUnitMgr.cpp][L48][MaaNS::CtrlUnitNs::Win32ControlUnitMgr::connect] SetThreadDpiAwarenessContext to PER_MONITOR_AWARE_V2 success [prev_ctx=true] 
[2026-05-13 14:47:22.867][INF][Px4812][Tx63202][PseudoMinimizeHelper.cpp][L49][MaaNS::CtrlUnitNs::PseudoMinimizeHelper::start] PseudoMinimizeHelper started [hwnd_=true] 
[2026-05-13 14:47:22.867][DBG][Px4812][Tx63202][Win32ControlUnitMgr.cpp][L171][MaaNS::CtrlUnitNs::Win32ControlUnitMgr::speed_test] | enter 
[2026-05-13 14:47:22.867][INF][Px4812][Tx63202][Win32ControlUnitMgr.cpp][L186][MaaNS::CtrlUnitNs::Win32ControlUnitMgr::speed_test] Warming up PrintWindow 
[2026-05-13 14:47:22.867][DBG][Px4812][Tx41858][PseudoMinimizeHelper.cpp][L89][MaaNS::CtrlUnitNs::PseudoMinimizeHelper::monitor_thread_func] | enter 
[2026-05-13 14:47:22.878][INF][Px4812][Tx63202][Win32ControlUnitMgr.cpp][L191][MaaNS::CtrlUnitNs::Win32ControlUnitMgr::speed_test] Testing PrintWindow 
[2026-05-13 14:47:22.887][INF][Px4812][Tx63202][Win32ControlUnitMgr.cpp][L182][MaaNS::CtrlUnitNs::Win32ControlUnitMgr::speed_test::<lambda_1>::operator ()] [method=PrintWindow] [duration=8ms] 
[2026-05-13 14:47:22.887][INF][Px4812][Tx63202][Win32ControlUnitMgr.cpp][L205][MaaNS::CtrlUnitNs::Win32ControlUnitMgr::speed_test] The fastest method is PrintWindow [cost=8ms] 
[2026-05-13 14:47:22.887][TRC][Px4812][Tx63202][Win32ControlUnitMgr.cpp][L171][MaaNS::CtrlUnitNs::Win32ControlUnitMgr::speed_test] | leave, 20ms 
[2026-05-13 14:47:22.887][DBG][Px4812][Tx39567][MaaTasker.cpp][L106][MaaTaskerBindController] [tasker=true] [ctrl=true] | enter 
[2026-05-13 14:47:22.887][INF][Px4812][Tx39567][Tasker.cpp][L59][MaaNS::Tasker::bind_controller] [this=true] [controller=true] [derived=true] [controller_=false] 
[2026-05-13 14:47:22.887][TRC][Px4812][Tx39567][MaaTasker.cpp][L106][MaaTaskerBindController] | leave, 0ms 
[2026-05-13 14:47:22.887][DBG][Px4812][Tx39567][MaaFramework.cpp][L300][MaaResourceCreate] | enter 
[2026-05-13 14:47:22.887][DBG][Px4812][Tx39567][OCRResMgr.cpp][L15][MaaNS::ResourceNS::OCRResMgr::OCRResMgr] | enter 
[2026-05-13 14:47:22.887][TRC][Px4812][Tx39567][OCRResMgr.cpp][L15][MaaNS::ResourceNS::OCRResMgr::OCRResMgr] | leave, 0ms 
[2026-05-13 14:47:22.952][DBG][Px4812][Tx39567][ResourceMgr.cpp][L18][MaaNS::ResourceNS::ResourceMgr::ResourceMgr] | enter 
[2026-05-13 14:47:22.952][INF][Px4812][Tx39567][ResourceMgr.cpp][L21][MaaNS::ResourceNS::ResourceMgr::ResourceMgr] [plugin_mgr.get_names()=["E:/subject/one/MaaFramework/bin/plugins/MaaPluginDemo.dll"]] 
[2026-05-13 14:47:22.952][INF][Px4812][Tx39567][Utils/EventDispatcher.hpp][L37][MaaNS::EventDispatcher::add_sink] [callback=true] [trans_arg=true] 
[2026-05-13 14:47:22.952][TRC][Px4812][Tx39567][ResourceMgr.cpp][L18][MaaNS::ResourceNS::ResourceMgr::ResourceMgr] | leave, 0ms 
[2026-05-13 14:47:22.952][TRC][Px4812][Tx39567][MaaFramework.cpp][L300][MaaResourceCreate] | leave, 64ms 
[2026-05-13 14:47:22.952][DBG][Px4812][Tx39567][MaaResource.cpp][L158][MaaResourcePostPipeline] [res=true] [path=E:\subject\one\resource\pipeline] | enter 
[2026-05-13 14:47:22.952][INF][Px4812][Tx39567][ResourceMgr.cpp][L75][MaaNS::ResourceNS::ResourceMgr::post_path] [static_cast<int>(type)=2] [path=E:/subject/one/resource/pipeline] 
[2026-05-13 14:47:22.952][TRC][Px4812][Tx39567][MaaResource.cpp][L158][MaaResourcePostPipeline] | leave, 0ms 
[2026-05-13 14:47:22.952][DBG][Px4812][Tx33028][ResourceMgr.cpp][L595][MaaNS::ResourceNS::ResourceMgr::run_load] [id=100000001] [static_cast<int>(item.type)=2] [item.path=E:/subject/one/resource/pipeline] | enter 
[2026-05-13 14:47:22.952][INF][Px4812][Tx33028][Utils/EventDispatcher.hpp][L65][MaaNS::EventDispatcher::notify] !!!OnEventNotify!!! [handle=true] [msg=Resource.Loading.Starting] [details={"hash":"","path":"E:/subject/one/resource/pipeline","res_id":100000001,"type":"Pipeline"}] 
[2026-05-13 14:47:22.952][INF][Px4812][Tx33028][ResourceMgr.cpp][L372][MaaNS::ResourceNS::ResourceMgr::available_providers] [all_providers_vec=["DmlExecutionProvider","CPUExecutionProvider"]] 
[2026-05-13 14:47:22.952][INF][Px4812][Tx33028][ResourceMgr.cpp][L400][MaaNS::ResourceNS::ResourceMgr::available_providers] [s_provider_cache=[2,1]] 
[2026-05-13 14:47:22.952][TRC][Px4812][Tx33028][GpuOptionWin32.cpp][L137][MaaNS::perfer_gpu] 
[2026-05-13 14:47:22.954][INF][Px4812][Tx33028][GpuOptionWin32.cpp][L188][MaaNS::perfer_gpu] [adapter_index=0] [adapter_desc=NVIDIA GeForce RTX 4070 Ti] 
[2026-05-13 14:47:23.096][TRC][Px4812][Tx33028][GpuOptionWin32.cpp][L21][MaaNS::adapter_instance_path] 
[2026-05-13 14:47:23.096][DBG][Px4812][Tx33028][GpuOptionWin32.cpp][L48][MaaNS::adapter_instance_path] [result=PCI\VEN_10DE&DEV_2782&SUBSYS_E1301462&REV_A1\4&1bcd7285&0&0008] 
[2026-05-13 14:47:23.096][TRC][Px4812][Tx33028][GpuOptionWin32.cpp][L54][MaaNS::gpu_driver_date] 
[2026-05-13 14:47:23.096][DBG][Px4812][Tx33028][GpuOptionWin32.cpp][L83][MaaNS::gpu_driver_date] [system_time.wYear=2024] [system_time.wMonth=8] [system_time.wDay=14] 
[2026-05-13 14:47:23.096][TRC][Px4812][Tx33028][GpuOptionWin32.cpp][L89][MaaNS::is_indirect_display_adapter] 
[2026-05-13 14:47:23.096][DBG][Px4812][Tx33028][GpuOptionWin32.cpp][L114][MaaNS::is_indirect_display_adapter] RegQueryValueExW 1 failed [ret=2] [type=0] [size=0] 
[2026-05-13 14:47:23.096][INF][Px4812][Tx33028][GpuOptionWin32.cpp][L232][MaaNS::perfer_gpu] available gpu found [adapter_index=0] [adapter_desc=] [desc.DedicatedVideoMemory=12578717696] 
[2026-05-13 14:47:23.096][INF][Px4812][Tx33028][GpuOptionWin32.cpp][L188][MaaNS::perfer_gpu] [adapter_index=1] [adapter_desc=NVIDIA GeForce RTX 4070 Ti] 
[2026-05-13 14:47:23.151][TRC][Px4812][Tx33028][GpuOptionWin32.cpp][L21][MaaNS::adapter_instance_path] 
[2026-05-13 14:47:23.151][DBG][Px4812][Tx33028][GpuOptionWin32.cpp][L48][MaaNS::adapter_instance_path] [result=ROOT\DISPLAY\0002] 
[2026-05-13 14:47:23.151][TRC][Px4812][Tx33028][GpuOptionWin32.cpp][L54][MaaNS::gpu_driver_date] 
[2026-05-13 14:47:23.151][DBG][Px4812][Tx33028][GpuOptionWin32.cpp][L83][MaaNS::gpu_driver_date] [system_time.wYear=2021] [system_time.wMonth=8] [system_time.wDay=31] 
[2026-05-13 14:47:23.151][TRC][Px4812][Tx33028][GpuOptionWin32.cpp][L89][MaaNS::is_indirect_display_adapter] 
[2026-05-13 14:47:23.151][DBG][Px4812][Tx33028][GpuOptionWin32.cpp][L131][MaaNS::is_indirect_display_adapter] [value=IndirectKmd ] [sub_key=SYSTEM\CurrentControlSet\Enum\ROOT\DISPLAY\0002] [indirect=true] 
[2026-05-13 14:47:23.151][WRN][Px4812][Tx33028][GpuOptionWin32.cpp][L223][MaaNS::perfer_gpu] virtual adapters (streaming/RDP), skip [adapter_index=1] [adapter_desc=NVIDIA GeForce RTX 4070 Ti] [instance_path=ROOT\DISPLAY\0002] 
[2026-05-13 14:47:23.151][INF][Px4812][Tx33028][GpuOptionWin32.cpp][L188][MaaNS::perfer_gpu] [adapter_index=2] [adapter_desc=NVIDIA GeForce RTX 4070 Ti] 
[2026-05-13 14:47:23.203][TRC][Px4812][Tx33028][GpuOptionWin32.cpp][L21][MaaNS::adapter_instance_path] 
[2026-05-13 14:47:23.203][DBG][Px4812][Tx33028][GpuOptionWin32.cpp][L48][MaaNS::adapter_instance_path] [result=ROOT\DISPLAY\0001] 
[2026-05-13 14:47:23.203][TRC][Px4812][Tx33028][GpuOptionWin32.cpp][L54][MaaNS::gpu_driver_date] 
[2026-05-13 14:47:23.203][DBG][Px4812][Tx33028][GpuOptionWin32.cpp][L83][MaaNS::gpu_driver_date] [system_time.wYear=2026] [system_time.wMonth=2] [system_time.wDay=28] 
[2026-05-13 14:47:23.203][TRC][Px4812][Tx33028][GpuOptionWin32.cpp][L89][MaaNS::is_indirect_display_adapter] 
[2026-05-13 14:47:23.203][DBG][Px4812][Tx33028][GpuOptionWin32.cpp][L131][MaaNS::is_indirect_display_adapter] [value=IndirectKmd ] [sub_key=SYSTEM\CurrentControlSet\Enum\ROOT\DISPLAY\0001] [indirect=true] 
[2026-05-13 14:47:23.203][WRN][Px4812][Tx33028][GpuOptionWin32.cpp][L223][MaaNS::perfer_gpu] virtual adapters (streaming/RDP), skip [adapter_index=2] [adapter_desc=NVIDIA GeForce RTX 4070 Ti] [instance_path=ROOT\DISPLAY\0001] 
[2026-05-13 14:47:23.203][INF][Px4812][Tx33028][GpuOptionWin32.cpp][L188][MaaNS::perfer_gpu] [adapter_index=3] [adapter_desc=NVIDIA GeForce RTX 4070 Ti] 
[2026-05-13 14:47:23.258][TRC][Px4812][Tx33028][GpuOptionWin32.cpp][L21][MaaNS::adapter_instance_path] 
[2026-05-13 14:47:23.258][DBG][Px4812][Tx33028][GpuOptionWin32.cpp][L48][MaaNS::adapter_instance_path] [result=ROOT\DISPLAY\0000] 
[2026-05-13 14:47:23.258][TRC][Px4812][Tx33028][GpuOptionWin32.cpp][L54][MaaNS::gpu_driver_date] 
[2026-05-13 14:47:23.258][DBG][Px4812][Tx33028][GpuOptionWin32.cpp][L83][MaaNS::gpu_driver_date] [system_time.wYear=2023] [system_time.wMonth=4] [system_time.wDay=24] 
[2026-05-13 14:47:23.258][TRC][Px4812][Tx33028][GpuOptionWin32.cpp][L89][MaaNS::is_indirect_display_adapter] 
[2026-05-13 14:47:23.258][DBG][Px4812][Tx33028][GpuOptionWin32.cpp][L131][MaaNS::is_indirect_display_adapter] [value=IndirectKmd ] [sub_key=SYSTEM\CurrentControlSet\Enum\ROOT\DISPLAY\0000] [indirect=true] 
[2026-05-13 14:47:23.258][WRN][Px4812][Tx33028][GpuOptionWin32.cpp][L223][MaaNS::perfer_gpu] virtual adapters (streaming/RDP), skip [adapter_index=3] [adapter_desc=NVIDIA GeForce RTX 4070 Ti] [instance_path=ROOT\DISPLAY\0000] 
[2026-05-13 14:47:23.259][INF][Px4812][Tx33028][GpuOptionWin32.cpp][L188][MaaNS::perfer_gpu] [adapter_index=4] [adapter_desc=Microsoft Basic Render Driver] 
[2026-05-13 14:47:23.259][WRN][Px4812][Tx33028][GpuOptionWin32.cpp][L191][MaaNS::perfer_gpu] software adapter, skip [adapter_index=4] [adapter_desc=Microsoft Basic Render Driver] 
[2026-05-13 14:47:23.259][DBG][Px4812][Tx33028][GpuOptionWin32.cpp][L173][MaaNS::perfer_gpu] EnumAdapters1 DXGI_ERROR_NOT_FOUND [adapter_index=5] 
[2026-05-13 14:47:23.259][INF][Px4812][Tx33028][GpuOptionWin32.cpp][L251][MaaNS::perfer_gpu] Best gpu selected [best_gpu.adapter_index=0] [best_gpu.description=NVIDIA GeForce RTX 4070 Ti] [best_gpu.dedicated_video_memory=12578717696] 
[2026-05-13 14:47:23.259][INF][Px4812][Tx33028][ONNXResMgr.cpp][L69][MaaNS::ResourceNS::ONNXResMgr::use_directml] [device_id=0] 
[2026-05-13 14:47:23.434][INF][Px4812][Tx33028][ONNXResMgr.cpp][L82][MaaNS::ResourceNS::ONNXResMgr::use_directml] Using DML execution provider with device_id 0 
[2026-05-13 14:47:23.435][INF][Px4812][Tx33028][OCRResMgr.cpp][L42][MaaNS::ResourceNS::OCRResMgr::use_directml] [device_id=0] 
[2026-05-13 14:47:23.435][DBG][Px4812][Tx33028][ResourceMgr.cpp][L702][MaaNS::ResourceNS::ResourceMgr::load_pipeline] [path=E:/subject/one/resource/pipeline] | enter 
[2026-05-13 14:47:23.435][DBG][Px4812][Tx33028][PipelineResMgr.cpp][L15][MaaNS::ResourceNS::PipelineResMgr::load] [path=E:/subject/one/resource/pipeline] | enter 
[2026-05-13 14:47:23.436][DBG][Px4812][Tx33028][PipelineResMgr.cpp][L110][MaaNS::ResourceNS::PipelineResMgr::open_and_parse_file] [path=E:/subject/one/resource/pipeline/Startup.json] | enter 
[2026-05-13 14:47:23.436][DBG][Px4812][Tx33028][PipelineParser.cpp][L188][MaaNS::ResourceNS::PipelineParser::parse_node] [name=PressEsc] 
[2026-05-13 14:47:23.437][DBG][Px4812][Tx33028][PipelineParser.cpp][L188][MaaNS::ResourceNS::PipelineParser::parse_node] [name=Startup] 
[2026-05-13 14:47:23.438][TRC][Px4812][Tx33028][PipelineResMgr.cpp][L110][MaaNS::ResourceNS::PipelineResMgr::open_and_parse_file] | leave, 2ms 
[2026-05-13 14:47:23.438][TRC][Px4812][Tx33028][PipelineResMgr.cpp][L15][MaaNS::ResourceNS::PipelineResMgr::load] | leave, 3ms 
[2026-05-13 14:47:23.438][TRC][Px4812][Tx33028][ResourceMgr.cpp][L702][MaaNS::ResourceNS::ResourceMgr::load_pipeline] | leave, 3ms 
[2026-05-13 14:47:23.438][INF][Px4812][Tx33028][ResourceMgr.cpp][L217][MaaNS::ResourceNS::ResourceMgr::calc_hash] [hash_cache_=10740f7b8dd6c696] 
[2026-05-13 14:47:23.438][INF][Px4812][Tx33028][Utils/EventDispatcher.hpp][L65][MaaNS::EventDispatcher::notify] !!!OnEventNotify!!! [handle=true] [msg=Resource.Loading.Succeeded] [details={"hash":"10740f7b8dd6c696","path":"E:/subject/one/resource/pipeline","res_id":100000001,"type":"Pipeline"}] 
[2026-05-13 14:47:23.438][TRC][Px4812][Tx33028][ResourceMgr.cpp][L595][MaaNS::ResourceNS::ResourceMgr::run_load] | leave, 486ms 
[2026-05-13 14:47:23.438][DBG][Px4812][Tx39567][MaaTasker.cpp][L94][MaaTaskerBindResource] [tasker=true] [res=true] | enter 
[2026-05-13 14:47:23.438][INF][Px4812][Tx39567][Tasker.cpp][L44][MaaNS::Tasker::bind_resource] [this=true] [resource=true] [derived=true] [resource_=false] 
[2026-05-13 14:47:23.438][TRC][Px4812][Tx39567][MaaTasker.cpp][L94][MaaTaskerBindResource] | leave, 0ms 
[2026-05-13 14:47:23.438][DBG][Px4812][Tx39567][MaaController.cpp][L231][MaaControllerPostKeyDown] [ctrl=true] [keycode=27] | enter 
[2026-05-13 14:47:23.439][TRC][Px4812][Tx39567][MaaController.cpp][L231][MaaControllerPostKeyDown] | leave, 0ms 
[2026-05-13 14:47:23.476][INF][Px4812][Tx63202][SeizeInput.cpp][L232][MaaNS::CtrlUnitNs::SeizeInput::key_down] [key=27] [hwnd_=true] 
[2026-05-13 14:47:23.579][DBG][Px4812][Tx39567][MaaController.cpp][L243][MaaControllerPostKeyUp] [ctrl=true] [keycode=27] | enter 
[2026-05-13 14:47:23.579][TRC][Px4812][Tx39567][MaaController.cpp][L243][MaaControllerPostKeyUp] | leave, 0ms 
[2026-05-13 14:47:23.579][INF][Px4812][Tx63202][SeizeInput.cpp][L251][MaaNS::CtrlUnitNs::SeizeInput::key_up] [key=27] [hwnd_=true] 
[2026-05-13 14:47:23.580][DBG][Px4812][Tx39567][MaaFramework.cpp][L307][MaaResourceDestroy] [res=true] | enter 
[2026-05-13 14:47:23.580][DBG][Px4812][Tx39567][ResourceMgr.cpp][L33][MaaNS::ResourceNS::ResourceMgr::~ResourceMgr] | enter 
[2026-05-13 14:47:23.580][TRC][Px4812][Tx39567][ResourceMgr.cpp][L33][MaaNS::ResourceNS::ResourceMgr::~ResourceMgr] | leave, 0ms 
[2026-05-13 14:47:23.580][DBG][Px4812][Tx39567][Base/AsyncRunner.hpp][L88][MaaNS::AsyncRunner<struct MaaNS::ResourceNS::PostPathItem>::~AsyncRunner] | enter 
[2026-05-13 14:47:23.580][DBG][Px4812][Tx39567][Base/AsyncRunner.hpp][L96][MaaNS::AsyncRunner<struct MaaNS::ResourceNS::PostPathItem>::release] | enter 
[2026-05-13 14:47:23.580][TRC][Px4812][Tx39567][Base/AsyncRunner.hpp][L96][MaaNS::AsyncRunner<struct MaaNS::ResourceNS::PostPathItem>::release] | leave, 0ms 
[2026-05-13 14:47:23.580][TRC][Px4812][Tx39567][Base/AsyncRunner.hpp][L88][MaaNS::AsyncRunner<struct MaaNS::ResourceNS::PostPathItem>::~AsyncRunner] | leave, 0ms 
[2026-05-13 14:47:23.599][TRC][Px4812][Tx39567][MaaFramework.cpp][L307][MaaResourceDestroy] | leave, 18ms 
[2026-05-13 14:47:23.599][DBG][Px4812][Tx39567][MaaFramework.cpp][L288][MaaControllerDestroy] [ctrl=true] | enter 
[2026-05-13 14:47:23.599][DBG][Px4812][Tx39567][ControllerAgent.cpp][L30][MaaNS::ControllerNS::ControllerAgent::~ControllerAgent] | enter 
[2026-05-13 14:47:23.599][TRC][Px4812][Tx39567][ControllerAgent.cpp][L30][MaaNS::ControllerNS::ControllerAgent::~ControllerAgent] | leave, 0ms 
[2026-05-13 14:47:23.599][DBG][Px4812][Tx39567][Base/AsyncRunner.hpp][L88][MaaNS::AsyncRunner<struct MaaNS::ControllerNS::Action>::~AsyncRunner] | enter 
[2026-05-13 14:47:23.599][DBG][Px4812][Tx39567][Base/AsyncRunner.hpp][L96][MaaNS::AsyncRunner<struct MaaNS::ControllerNS::Action>::release] | enter 
[2026-05-13 14:47:23.599][TRC][Px4812][Tx39567][Base/AsyncRunner.hpp][L96][MaaNS::AsyncRunner<struct MaaNS::ControllerNS::Action>::release] | leave, 0ms 
[2026-05-13 14:47:23.599][TRC][Px4812][Tx39567][Base/AsyncRunner.hpp][L88][MaaNS::AsyncRunner<struct MaaNS::ControllerNS::Action>::~AsyncRunner] | leave, 0ms 
[2026-05-13 14:47:23.599][DBG][Px4812][Tx39567][Win32ControlUnitAPI.cpp][L33][MaaWin32ControlUnitDestroy] [handle=true] | enter 
[2026-05-13 14:47:23.631][TRC][Px4812][Tx41858][PseudoMinimizeHelper.cpp][L89][MaaNS::CtrlUnitNs::PseudoMinimizeHelper::monitor_thread_func] | leave, 764ms 
[2026-05-13 14:47:23.631][INF][Px4812][Tx39567][PseudoMinimizeHelper.cpp][L73][MaaNS::CtrlUnitNs::PseudoMinimizeHelper::stop] PseudoMinimizeHelper stopped [hwnd_=true] 
[2026-05-13 14:47:23.631][TRC][Px4812][Tx39567][Win32ControlUnitAPI.cpp][L33][MaaWin32ControlUnitDestroy] | leave, 32ms 
[2026-05-13 14:47:23.631][TRC][Px4812][Tx39567][MaaFramework.cpp][L288][MaaControllerDestroy] | leave, 32ms 
[2026-05-13 14:47:23.631][DBG][Px4812][Tx39567][MaaFramework.cpp][L326][MaaTaskerDestroy] [tasker=true] | enter 
[2026-05-13 14:47:23.631][DBG][Px4812][Tx39567][Tasker.cpp][L37][MaaNS::Tasker::~Tasker] | enter 
[2026-05-13 14:47:23.631][TRC][Px4812][Tx39567][Tasker.cpp][L37][MaaNS::Tasker::~Tasker] | leave, 0ms 
[2026-05-13 14:47:23.631][DBG][Px4812][Tx39567][Base/AsyncRunner.hpp][L88][MaaNS::AsyncRunner<class std::shared_ptr<class MaaNS::TaskNS::TaskBase> >::~AsyncRunner] | enter 
[2026-05-13 14:47:23.632][DBG][Px4812][Tx39567][Base/AsyncRunner.hpp][L96][MaaNS::AsyncRunner<class std::shared_ptr<class MaaNS::TaskNS::TaskBase> >::release] | enter 
[2026-05-13 14:47:23.632][TRC][Px4812][Tx39567][Base/AsyncRunner.hpp][L96][MaaNS::AsyncRunner<class std::shared_ptr<class MaaNS::TaskNS::TaskBase> >::release] | leave, 0ms 
[2026-05-13 14:47:23.632][TRC][Px4812][Tx39567][Base/AsyncRunner.hpp][L88][MaaNS::AsyncRunner<class std::shared_ptr<class MaaNS::TaskNS::TaskBase> >::~AsyncRunner] | leave, 0ms 
[2026-05-13 14:47:23.632][TRC][Px4812][Tx39567][MaaFramework.cpp][L326][MaaTaskerDestroy] | leave, 0ms 
[2026-05-13 14:47:23.696][DBG][Px4812][Tx39567][Logger] ----------------------------- 
[2026-05-13 14:47:23.696][DBG][Px4812][Tx39567][Logger] Close log 
[2026-05-13 14:47:23.696][DBG][Px4812][Tx39567][Logger] ----------------------------- 
